Price,Close,High,Low,Open,Volume
Ticker,BND,BND,BND,BND,BND
Date,,,,,
2015-01-02,62.57311248779297,62.603396598388215,62.39898029589616,62.406552767570844,2218800
2015-01-05,62.754817962646484,62.77752960395109,62.610969866245156,62.641253980019336,5820100
2015-01-06,62.93650817871094,63.125779531586275,62.860800792781454,62.860800792781454,3887600
2015-01-07,62.97435760498047,63.050064982308555,62.87593859206422,62.94407349882871,2433400
2015-01-08,62.8759765625,62.92139986110719,62.81540831361966,62.92139986110719,1873400
2015-01-09,62.98195266723633,63.05766007172073,62.83810455544265,62.8456770287225,1646100
2015-01-12,63.06521224975586,63.0879238861818,62.98949909353226,63.02735567164406,4397900
2015-01-13,63.12582015991211,63.19396089437691,63.012261895982455,63.0728243780426,2223400
2015-01-14,63.2696418762207,63.38320586877666,63.254502706062055,63.32263763593287,2481200
2015-01-15,63.54972457885742,63.56486373923878,63.25446185456359,63.25446185456359,4214500
2015-01-16,63.36051940917969,63.48165014690811,63.277239499944635,63.45136601844928,3631300
2015-01-20,63.2923698425293,63.46650211283754,63.26965819338172,63.368077265056584,3029500
2015-01-21,63.171207427978516,63.44375863321952,63.16363495669316,63.43618616193416,2473900
2015-01-22,63.186344146728516,63.315047273077944,63.11820923610928,63.315047273077944,2157400
2015-01-23,63.39076614379883,63.42104447828975,63.299913812015596,63.32262545093553,6255000
2015-01-26,63.31502914428711,63.40588144186894,63.27717835237066,63.39074228032263,7810500
2015-01-27,63.352909088134766,63.511896335489794,63.31505250614876,63.489184696739564,1154100
2015-01-28,63.58004379272461,63.66331788496794,63.307492546515704,63.32263171525884,1394600
2015-01-29,63.51189422607422,63.57246244479881,63.413475202724214,63.549750806802905,1551300
2015-01-30,63.86017990112305,63.86017990112305,63.67848094399847,63.74661588688055,10474400
2015-02-02,63.78433609008789,63.86019641528926,63.65537295846837,63.685712458331466,6070500
2015-02-03,63.58706283569336,63.71602590286152,63.54912979816441,63.67051088804191,1237200
2015-02-04,63.60983657836914,63.61742434536535,63.38983763764208,63.45811596506722,2945700
2015-02-05,63.473270416259766,63.54154872723202,63.427755400790936,63.488445946595384,2128200
2015-02-06,63.0636100769043,63.28360893727969,63.04844033622281,63.253263668148435,2907700
2015-02-09,63.04087829589844,63.185016936145765,63.010533014384755,63.1698414015036,1384600
2015-02-10,62.927093505859375,62.99537184550519,62.889166239630754,62.96502655985943,1447900
2015-02-11,62.927093505859375,63.00295961385949,62.881578471276455,62.96502655985943,1904000
2015-02-12,62.95741653442383,63.040864593505745,62.93465902517774,62.95741653442383,4662900
2015-02-13,62.81324005126953,62.98771802605471,62.81324005126953,62.98771802605471,1883000
2015-02-17,62.56296920776367,62.8133135037402,62.54021168772438,62.798137965199246,5281500
2015-02-18,62.73738098144531,62.828416753016725,62.57807272201985,62.65393297111302,3813000
2015-02-19,62.684326171875,62.820877039788876,62.66156865851776,62.767774246031834,1322700
2015-02-20,62.699485778808594,62.87396386207284,62.60844996073445,62.775346066652574,3145800
2015-02-23,62.82845687866211,62.88155966571824,62.77535409160598,62.813287134261664,3952700
2015-02-24,63.086368560791016,63.13188356713435,62.72223114674077,62.82843668672046,2542200
2015-02-25,63.14704895019531,63.162224476441374,63.02567367906404,63.07877644539037,4934600
2015-02-26,62.97261428833008,63.14709244596838,62.96502651998059,63.07123212578776,2187500
2015-02-27,63.02572250366211,63.048480022893486,62.911929119733266,62.987789446428515,4094400
2015-03-02,62.82196807861328,63.08800065650639,62.80676290326209,63.05759610487928,2476100
2015-03-03,62.74596405029297,62.867576466353334,62.730758873863124,62.80676735878531,2648100
2015-03-04,62.74596405029297,62.82957512343008,62.71555949650895,62.78396539321622,1425400
2015-03-05,62.78398895263672,62.84479808302311,62.70798043919267,62.76118697851129,1340800
2015-03-06,62.419166564941406,62.56358104887696,62.35075482069421,62.56358104887696,1580000
2015-03-09,62.4951286315918,62.55593773701986,62.46472407887776,62.540732561125104,1982300
2015-03-10,62.73838806152344,62.74599065296166,62.65477695293739,62.669976336735694,3766100
2015-03-11,62.806766510009766,62.85237623960725,62.715558648966,62.73836061422694,4829700
2015-03-12,62.852378845214844,63.004395819306865,62.82197429058127,62.989196441528,8421500
2015-03-13,62.79157257080078,62.91318499574967,62.768770603565116,62.791572570800774,2114500
2015-03-16,62.913185119628906,62.98919940933225,62.83717662900167,62.951192264480575,1203700
2015-03-17,62.966426849365234,62.966426849365234,62.89041831623938,62.9208228893056,1471300
2015-03-18,63.354061126708984,63.354061126708984,62.91320363263655,63.03482189268873,5534300
2015-03-19,63.16404342651367,63.33126565170668,63.126042065656065,63.31606626717932,1208100
2015-03-20,63.33126449584961,63.33886708751374,63.202049432950915,63.202049432950915,1011200
2015-03-23,63.36162185668945,63.36922444268939,63.255208848986456,63.36162185668946,1572700
2015-03-24,63.46805953979492,63.50606668549716,63.33884452292933,63.3996536364224,2300500
2015-03-25,63.3692741394043,63.54409316098472,63.35406895547993,63.54409316098472,1559900
2015-03-26,63.16404342651367,63.285661699046194,63.10323429024741,63.2780591072433,2342500
2015-03-27,63.224815368652344,63.30842643206182,63.186808231075304,63.224815368652344,6542300
2015-03-30,63.3009033203125,63.33130790873271,63.2476967403477,63.31610851406375,1634800
2015-03-31,63.3692741394043,63.422480684982496,63.270457841131545,63.3160675938261,1996000
2015-04-01,63.6214485168457,63.651922904616626,63.49955096576204,63.514791065845074,3132700
2015-04-02,63.53764724731445,63.651924751672716,63.51479290892187,63.644304701410086,791200
2015-04-06,63.5909423828125,63.697599780566975,63.52999363769788,63.68997973432958,1768800
2015-04-07,63.6290283203125,63.644268412148044,63.48428232222691,63.53761101886729,977400
2015-04-08,63.58332824707031,63.64427699785053,63.49190512089998,63.62903690395908,3470700
2015-04-09,63.44622802734375,63.598599980096544,63.38527924624263,63.598599980096544,1025400
2015-04-10,63.41571807861328,63.522375479537935,63.38524370515018,63.49952115253871,4290100
2015-04-13,63.430938720703125,63.49950168067624,63.38522426833041,63.46141308482139,6046400
2015-04-14,63.54523849487305,63.68236446307446,63.53761844806429,63.63665580700732,1398100
2015-04-15,63.60620880126953,63.67477762726739,63.583354463401974,63.65192328939983,1022400
2015-04-16,63.5909423828125,63.65950536177227,63.522373591460486,63.621416755369815,1289900
2015-04-17,63.69761657714844,63.73571100598835,63.53763043832959,63.575719054775725,1693900
2015-04-20,63.6290283203125,63.68235701695288,63.55284529831082,63.65188845806581,2463600
2015-04-21,63.55284118652344,63.62902420359618,63.50713253875813,63.59855564668039,1788000
2015-04-22,63.316688537597656,63.537623413174785,63.31668853759766,63.530003365770575,1501300
2015-04-23,63.43857955932617,63.51476840777165,63.339542193697355,63.37763661792009,5518000
2015-04-24,63.53764724731445,63.598596024624904,63.48431852026664,63.522407146789185,1597900
2015-04-27,63.491912841796875,63.568101695733446,63.44620417934973,63.568101695733446,1591400
2015-04-28,63.293853759765625,63.45383993031634,63.2786136602494,63.438599830800115,1217700
2015-04-29,63.09577560424805,63.17195866760425,63.019592540891836,63.10339565430221,1905200
2015-04-30,63.164329528808594,63.164329528808594,62.90530019963107,62.996723341527925,4229900
2015-05-01,62.97273635864258,63.07196402854364,62.91167048936724,63.018532848818175,7173200
2015-05-04,62.88112258911133,63.049050777870924,62.86585903720611,63.02615253823288,1190000
2015-05-05,62.78193283081055,62.91169348277511,62.697968685759605,62.91169348277511,4175700
2015-05-06,62.6063232421875,62.74371848421083,62.55289208270951,62.74371848421083,3938900
2015-05-07,62.73611831665039,62.781914810418975,62.65215419569981,62.66741775243524,3602900
2015-05-08,62.90406036376953,63.01092275505693,62.85825803638668,62.957491559413235,1735900
2015-05-11,62.575843811035156,62.835365119463695,62.53004147976349,62.78193391928347,929200
2015-05-12,62.49949645996094,62.6139935306758,62.40026877124162,62.476598210530554,2139600
2015-05-13,62.468955993652344,62.713219487650235,62.43842888046483,62.67505186082251,2372000
2015-05-14,62.59107208251953,62.63686856440631,62.51474267152129,62.552904465240026,1485300
2015-05-15,62.84294891357422,62.87348183517113,62.69791899187873,62.71318836445685,1402700
2015-05-18,62.613956451416016,62.78951929902091,62.606321764939416,62.78951929902091,3747700
2015-05-19,62.47657012939453,62.56816890950841,62.407875411979354,62.43840833868398,4856500
2015-05-20,62.47657012939453,62.56053422194217,62.42313896355151,62.49946836853292,4097400
2015-05-21,62.675052642822266,62.713220270126214,62.552920894299476,62.591088521603425,2314100
2015-05-22,62.63686752319336,62.65976576375611,62.52237632037957,62.63686752319336,816600
2015-05-26,62.78948974609375,62.82765151339631,62.613926981120414,62.6368252062133,1178300
2015-05-27,62.820030212402344,62.85055730049463,62.697898565803435,62.80476084479876,2564500
2015-05-28,62.827693939208984,62.88112510835855,62.781897458098115,62.84296331528638,1073300
2015-05-29,62.85061264038086,62.94221145598269,62.81245083488536,62.91167851744874,2494300
2015-06-01,62.64101028442383,62.86281675565204,62.61041568473822,62.86281675565204,1362800
2015-06-02,62.465084075927734,62.58746245758807,62.411544992781934,62.56451796985736,1510000
2015-06-03,62.18977737426758,62.35804483642972,62.120943868106366,62.350394723969785,1390000
2015-06-04,62.342750549316406,62.41923416806327,62.25861681809703,62.27391120771598,1111300
2015-06-05,62.09798812866211,62.2203607292459,62.02914879963216,62.159171511291504,4115300
2015-06-08,62.17448043823242,62.21271932831384,62.1285914360044,62.1591802139392,4954500
2015-06-09,61.9909553527832,62.10567792638033,61.96036072138087,62.10567792638033,2883300
2015-06-10,61.86088943481445,61.952673273715014,61.82265054510021,61.891484047781304,1222800
2015-06-11,62.15153121948242,62.15917549572297,61.90678016730118,61.952669166045986,1815900
2015-06-12,62.1056022644043,62.273869614455805,62.04441891146733,62.082657777637664,1785100
2015-06-15,62.113304138183594,62.281571628472456,62.09800974603326,62.243326895106065,2082900
2015-06-16,62.273902893066406,62.273902893066406,62.12858578744755,62.212713672108315,2250700
2015-06-17,62.29683303833008,62.31213325770694,62.02913755247454,62.243293941158974,865700
2015-06-18,62.250972747802734,62.28921747855129,62.105649773350166,62.235678356699296,1210300
2015-06-19,62.426876068115234,62.449820567188276,62.34274234796388,62.37333695850303,1176700
2015-06-22,62.12860107421875,62.3274573382733,62.113300847551955,62.27391821559296,1020000
2015-06-23,61.98326873779297,62.128591692549556,61.952674124406016,61.983268737792976,1096000
2015-06-24,62.09798812866211,62.128582737639306,62.01385441280606,62.067393519684906,6836900
2015-06-25,62.013851165771484,62.1056291525726,61.983256558396214,62.075040380522026,2894500
2015-06-26,61.89916229248047,61.93740703490237,61.837973038736784,61.90681240803053,963000
2015-06-29,62.212703704833984,62.25859853086226,62.01384752156743,62.09798122807418,2168400
2015-06-30,62.15153121948242,62.319798661980535,62.13623099635057,62.15153121948242,1547800
2015-07-01,62.00054931640625,62.10017726411352,61.94690259886331,61.97755870132409,5399300
2015-07-02,62.153839111328125,62.21515133117448,62.12318300140494,62.12318300140494,1060100
2015-07-06,62.36842727661133,62.41441436594008,62.24580868153018,62.41441436594008,2210700
2015-07-07,62.429744720458984,62.667322288154566,62.429744720458984,62.606015909012804,4183200
2015-07-08,62.605979919433594,62.65962662475319,62.50634614737408,62.56765833832573,1967800
2015-07-09,62.399078369140625,62.52170280141579,62.36842226107183,62.50637182385402,1670900
2015-07-10,62.10786437988281,62.199832719292125,62.0388866635619,62.09253339978673,2038300
2015-07-13,61.962242126464844,62.08486656480562,61.95457663730478,61.9699076156249,2846500
2015-07-14,62.07720184326172,62.13084857393542,62.04654573329744,62.07720184326172,1567700
2015-07-15,62.25347900390625,62.27646962682787,62.06188268348522,62.084873306406834,2631000
2015-07-16,62.25347900390625,62.29179475975705,62.11552941932088,62.130854552250064,1063100
2015-07-17,62.2611083984375,62.322420594478196,62.23045230041715,62.268773884705794,807900
2015-07-20,62.17683029174805,62.24580800145994,62.13851453929047,62.22281738057436,1026900
2015-07-21,62.29176330566406,62.33008488922014,62.153813790736,62.16914476297952,1422900
2015-07-22,62.314754486083984,62.40672277922686,62.307094846945,62.32241997227575,1624100
2015-07-23,62.46036911010742,62.491025207636014,62.29942898337188,62.345410206138396,1178400
2015-07-24,62.4986572265625,62.54463842470668,62.46033566340928,62.529307460625546,804300
2015-07-27,62.6213264465332,62.62899193478518,62.5446891051765,62.6060013170836,2022800
2015-07-28,62.51405334472656,62.57536557658803,62.50638785397982,62.544709460657295,1434700
2015-07-29,62.46036911010742,62.521681305164606,62.41438788734091,62.51401581901927,1020500
2015-07-30,62.483360290527344,62.52168187455026,62.41438845574944,62.44504455355722,788000
2015-07-31,62.69797897338867,62.713309953605794,62.62900710357891,62.674988350118745,1589100
2015-08-03,62.84311294555664,62.8584697984301,62.69719647704823,62.743272894826504,2085800
2015-08-04,62.62803649902344,62.80466654537419,62.612673798116795,62.78930970362121,1007300
2015-08-05,62.52824401855469,62.5666449408379,62.44376667685811,62.55128222826137,2097000
2015-08-06,62.566654205322266,62.62809334640969,62.52825327735289,62.54361599220423,1173000
2015-08-07,62.69719696044922,62.750954734657654,62.628082333248926,62.66647739530755,1773800
2015-08-10,62.566654205322266,62.67416977264577,62.52825327735289,62.65113155952773,1173300
2015-08-11,62.80467987060547,62.88915716605451,62.7509221243338,62.7739603214281,1424200
2015-08-12,62.78169250488281,62.99672366407008,62.76633564743786,62.91224630022371,1029700
2015-08-13,62.65114974975586,62.78170356810258,62.62811152994887,62.72026440917682,845500
2015-08-14,62.62803649902344,62.720189267848646,62.59731695636381,62.62803649902344,2279800
2015-08-17,62.74330139160156,62.80474054931566,62.712587671905084,62.77402097045861,821900
2015-08-18,62.62803649902344,62.71251377654899,62.60499244766347,62.66643153298272,1083900
2015-08-19,62.85078048706055,62.87382455219078,62.52823388512323,62.56663480118313,1356600
2015-08-20,62.90456008911133,62.950636512759516,62.850796449310224,62.87384052029298,1536900
2015-08-21,63.004356384277344,63.04275142782936,62.87380268972128,62.95059863598043,3459200
2015-08-24,62.98904037475586,63.30391160474131,62.91992572963289,63.20407738651053,4751800
2015-08-25,62.78169250488281,62.91224630022371,62.66649556698688,62.91224630022371,5325500
2015-08-26,62.51287078857422,62.7739782423915,62.47446987635094,62.62038631181152,2742500
2015-08-27,62.59736633300781,62.68184367716887,62.47448806544325,62.48985077846797,2671000
2015-08-28,62.62803649902344,62.773947002714564,62.59731695636381,62.73555196875529,2723900
2015-08-31,62.54361343383789,62.743281845466036,62.535932076726425,62.72792499040185,3103700
2015-09-01,62.69595718383789,62.749826065681795,62.595910780936514,62.634391069939774,2577700
2015-09-02,62.64980697631836,62.7190644747067,62.58824084134887,62.634412506941096,1934700
2015-09-03,62.69595718383789,62.772911890576644,62.64208830199399,62.734431601573384,2503000
2015-09-04,62.849910736083984,62.872996577191756,62.70369845197748,62.80373905386845,1213800
2015-09-08,62.69595718383789,62.734431601573384,62.64978553404819,62.734431601573384,1194600
2015-09-09,62.680580139160156,62.7729293356719,62.48819038321274,62.5035848515994,4265400
2015-09-10,62.54978561401367,62.66522069553942,62.54978561401367,62.66522069553942,1889000
2015-09-11,62.680580139160156,62.742146270167986,62.65749430784957,62.71136320466407,1411500
2015-09-14,62.69595718383789,62.76521465852244,62.67287135894304,62.75752329773601,905900
2015-09-15,62.43428421020508,62.64206831048231,62.38041534555281,62.63437108088459,1697300
2015-09-16,62.39582061767578,62.441992260731666,62.33425451275665,62.38812338674416,1579000
2015-09-17,62.74982452392578,62.74982452392578,62.34965066468804,62.36504512841822,1833200
2015-09-18,62.92689895629883,62.934596197851484,62.78837796472606,62.819161059661674,1639800
2015-09-21,62.69595718383789,62.8498665973154,62.64978553404819,62.81139217957991,933800
2015-09-22,62.811431884765625,62.93455831912637,62.78064880835756,62.79603741092585,1444000
2015-09-23,62.811431884765625,62.872992166310254,62.757562968869394,62.84221496117368,709000
2015-09-24,62.8344841003418,62.99609076155173,62.81908963473989,62.980696295949826,1454400
2015-09-25,62.71904754638672,62.819088085258144,62.71904754638671,62.79600225869306,1134000
2015-09-28,62.88066482543945,62.926836486368956,62.749841205293066,62.81909869668732,1305000
2015-09-29,62.92689895629883,63.011550999553016,62.873030007980255,62.88842449108557,1256600
2015-09-30,63.04997634887695,63.05767358371669,62.911455478111044,62.94223854620012,4432000
2015-10-01,63.083900451660156,63.19956701575417,63.076193661620835,63.14559007024974,2023700
2015-10-02,63.32297897338867,63.492616687597035,63.23044449768958,63.361530592643305,1770400
2015-10-05,63.0761604309082,63.24579796808986,63.076160430908196,63.24579796808986,4199900
2015-10-06,63.160980224609375,63.222663925784424,63.076158517070816,63.15326755582154,1925300
2015-10-07,63.160980224609375,63.2072444712513,63.076158517070816,63.13013543250058,1871000
2015-10-08,63.060768127441406,63.207279500393405,63.02992331823858,63.16872201812841,1118100
2015-10-09,63.05308151245117,63.10705848010184,62.983685075349555,62.983685075349555,1197400
2015-10-12,63.160980224609375,63.2072444712513,63.076158517070816,63.10699742613706,864100
2015-10-13,63.19957733154297,63.230422145872424,63.12246823724273,63.18415786590164,971700
2015-10-14,63.430877685546875,63.430877685546875,63.261234236012555,63.29207903438641,786300
2015-10-15,63.30750274658203,63.40003714792229,63.27665794613527,63.34606021790151,2264300
2015-10-16,63.28439712524414,63.34608675197788,63.261264985980645,63.276684451140774,1241200
2015-10-19,63.28439712524414,63.322954612714376,63.21500070745364,63.29210979934751,840100
2015-10-20,63.18409729003906,63.21494207479701,63.153252505281124,63.18409729003906,1348200
2015-10-21,63.2998046875,63.369206975286694,63.253540417672546,63.2998046875,943500
2015-10-22,63.40779495239258,63.45405924447151,63.29983513246119,63.29983513246119,1101300
2015-10-23,63.24586486816406,63.29213504819603,63.230445396852716,63.29213504819603,1367100
2015-10-26,63.315223693847656,63.384620091641054,63.315223693847656,63.33835582644546,1512200
2015-10-27,63.33063507080078,63.44630160207057,63.330635070800774,63.430882143321874,929400
2015-10-28,63.15331268310547,63.36922049910516,63.14560000880641,63.36922049910516,2617300
2015-10-29,62.92972183227539,63.07623329772969,62.8988770035982,63.07623329772969,943200
2015-10-30,63.068450927734375,63.068450927734375,62.914226954769376,62.92965229358739,1474100
2015-11-02,62.94406509399414,63.00588243401551,62.905433677900305,62.92861370660181,2939200
2015-11-03,62.83589553833008,62.9286215599341,62.78953547514145,62.897712886066095,3997100
2015-11-04,62.87453842163086,62.928627131882415,62.76636100112776,62.88998981231962,3594400
2015-11-05,62.75864791870117,62.874554010900326,62.67365051077037,62.85909672115178,1715400
2015-11-06,62.511390686035156,62.604110853024586,62.45730195688155,62.57320806084767,1198700
2015-11-09,62.4572639465332,62.53453267040984,62.3954466093416,62.41089799602663,2358300
2015-11-10,62.52680969238281,62.619535706568236,62.464992349592535,62.53453833403817,1421000
2015-11-11,62.53453826904297,62.565446940405984,62.48817820961158,62.53453826904297,1303500
2015-11-12,62.54227066040039,62.63499078482218,62.54227066040039,62.619539395827424,1263900
2015-11-13,62.658199310302734,62.681385247178824,62.596387830987766,62.596387830987766,1583300
2015-11-16,62.658199310302734,62.74319672649379,62.627296518259904,62.681385247178824,949100
2015-11-17,62.72770690917969,62.774066964077285,62.55771218092089,62.61180087670999,1155900
2015-11-18,62.69679260253906,62.735429908296226,62.64270391161414,62.6890639623426,944100
2015-11-19,62.78182601928711,62.820463347236554,62.76637462524447,62.80500605796536,1085500
2015-11-20,62.766334533691406,62.83587460530791,62.743148614594446,62.83587460530791,1273800
2015-11-23,62.789520263671875,62.82815167522792,62.70452290493311,62.7508829568905,1647300
2015-11-24,62.81270980834961,62.85906986733245,62.78180113728565,62.81270980834961,1361900
2015-11-25,62.820457458496094,62.866817531506825,62.79727152676272,62.84363749500146,904600
2015-11-27,62.851314544677734,62.88995184091228,62.82813452502649,62.87450045955269,516000
2015-11-30,62.820457458496094,62.88226892410107,62.789548778079606,62.84363749500146,6285200
2015-12-01,63.058135986328125,63.06587462768721,62.825846783639705,62.84907452243658,1780200
2015-12-02,62.9807014465332,63.034907379459185,62.934245969579194,63.02716283084694,1413700
2015-12-03,62.4929084777832,62.83359776799151,62.46968073660726,62.83359776799151,2510600
2015-12-04,62.74069595336914,62.74844050473992,62.55486807200344,62.61681266824595,3815200
2015-12-07,62.8491325378418,62.94204948615984,62.74847694102121,62.76396014539158,1543300
2015-12-08,62.864540100097656,62.92647874459603,62.80259554824168,62.91099556031084,1687300
2015-12-09,62.84136199951172,62.91878979680218,62.694245049506264,62.80264514718536,2076900
2015-12-10,62.83359909057617,62.88779912358104,62.818109991225896,62.88779912358104,2004100
2015-12-11,63.00397491455078,63.04268586736012,62.92654119420517,63.00397491455078,1994400
2015-12-14,62.709686279296875,62.91874769017104,62.70194763990029,62.87228631699994,2974600
2015-12-15,62.640079498291016,62.68653502077718,62.57813486339912,62.624590385885284,1806300
2015-12-16,62.57033920288086,62.71745611375001,62.47742823379355,62.616800594785204,2332700
2015-12-17,62.70198059082031,62.73294697939664,62.63229144812003,62.65551919323298,2290500
2015-12-18,62.84136199951172,62.84910064408718,62.73295599447036,62.787156043309906,3211500
2015-12-21,62.77164077758789,62.8955299158491,62.74841304100373,62.8645576312838,3158300
2015-12-22,62.6865234375,62.748468060945704,62.67104023532079,62.740723506173886,2348600
2015-12-23,62.69425582885742,62.69425582885742,62.57778029892196,62.60108014426228,2538600
2015-12-24,62.740882873535156,62.7641768070392,62.66322852959542,62.702055701565286,1361700
2015-12-28,62.740882873535156,62.802998054814374,62.67099514882833,62.67099514882833,1580600
2015-12-29,62.546688079833984,62.68645744688007,62.515627562247296,62.68645744688007,2586600
2015-12-30,62.5855712890625,62.62439845556008,62.48462895004019,62.531216810482206,2367200
2015-12-31,62.70979309082031,62.74861432050033,62.6166114760428,62.68649916817391,2419700
2016-01-04,62.67876434326172,62.84182780868429,62.6632311041577,62.73311883173591,2750500
2016-01-05,62.7563362121582,62.818457244405344,62.66315466378749,62.709748400066694,1513600
2016-01-06,63.035945892333984,63.035945892333984,62.880649061086956,62.91947030680153,2391100
2016-01-07,63.04364776611328,63.05140845276945,62.87281787266511,62.98929333857871,2792900
2016-01-08,63.12129592895508,63.14458983723628,62.97375994425641,63.00482046336077,1405100
2016-01-11,62.8572883605957,63.020357577011495,62.8572883605957,62.981530444686086,2146900
2016-01-12,63.02037048339844,63.152373281636784,62.896128373863625,62.958249428631035,1645300
2016-01-13,63.17571258544922,63.245594379127546,63.020415761145756,63.05147038665116,2887800
2016-01-14,63.0980339050293,63.261097269584305,63.06697337022959,63.16014905043744,4545800
2016-01-15,63.20672607421875,63.29990172974872,63.17566554764553,63.28437442855695,1773900
2016-01-19,63.12911605834961,63.20676445984388,63.07476158488429,63.20676445984388,3856700
2016-01-20,63.19895553588867,63.36978545933534,63.12907379858194,63.30766441004758,7796900
2016-01-21,63.16011047363281,63.330940348596435,63.15234978781639,63.307646442771876,3062600
2016-01-22,63.13688659667969,63.15241983391666,63.05147156445899,63.14465321529818,3004100
2016-01-25,63.13688659667969,63.23006824751887,63.12912590225542,63.20677431585763,2164700
2016-01-26,63.230037689208984,63.26109822447753,63.144622698268314,63.21451038367039,2659100
2016-01-27,63.230037689208984,63.2843921448811,63.09026824259619,63.16791661867189,1734400
2016-01-28,63.27665328979492,63.307713838689885,63.18347756730399,63.21453811619895,1487600
2016-01-29,63.463008880615234,63.51736335353589,63.40088779036498,63.48630280841077,3634300
2016-02-01,63.33382034301758,63.52057524780532,63.287133101028495,63.434978012937734,2255300
2016-02-02,63.551719665527344,63.59062966918817,63.481688783137486,63.551719665527344,2554600
2016-02-03,63.59842300415039,63.75405116995747,63.46613253269701,63.54395255243452,3238200
2016-02-04,63.64506149291992,63.69953190289307,63.5672474696482,63.606151512869346,1179000
2016-02-05,63.582801818847656,63.652838588874864,63.497204620386,63.575018636216,2360200
2016-02-08,63.855194091796875,63.91744771843206,63.69178277450399,63.74625321360162,2519500
2016-02-09,63.847381591796875,63.97966602273969,63.785127999531085,63.97188283949914,2354500
2016-02-10,63.979679107666016,63.987462292498364,63.746231057339884,63.886298700169455,2553900
2016-02-11,64.01862335205078,64.2598547386656,63.97971927712432,64.19760109458214,1887700
2016-02-12,63.80848693847656,63.96411501969177,63.72288971275898,63.93299415291333,1474600
2016-02-16,63.715110778808594,63.7540207701239,63.652863104267716,63.72289396443789,1488800
2016-02-17,63.69951629638672,63.71507672249696,63.543888287972436,63.66060632586916,2158200
2016-02-18,63.917396545410156,63.9251797267164,63.699514963458206,63.699514963458206,1819100
2016-02-19,63.83184051513672,63.92522094053221,63.80849689299576,63.855184137277675,1862600
2016-02-22,63.847381591796875,63.878502451100445,63.785127999531085,63.847381591796875,1596900
2016-02-23,63.88630294799805,63.98746654705337,63.73067486198654,63.76180166655503,2243700
2016-02-24,63.9329833984375,64.18976909556436,63.894073416263566,63.99523105835416,2434300
2016-02-25,64.02638244628906,64.11197969048186,63.98747838600362,63.99525563596149,2407600
2016-02-26,63.96416091918945,63.971944109884504,63.8318763615485,63.901913204134004,1628400
2016-02-29,64.00301361083984,64.05748402324822,63.909633216641325,63.909633216641325,1827800
2016-03-01,63.78860855102539,64.06930698272255,63.726235748576684,64.06930698272255,2546300
2016-03-02,63.74958801269531,63.78857024722203,63.663818768470335,63.741789186285345,2137300
2016-03-03,63.78079605102539,63.88995585769172,63.73400902762317,63.76519839363688,2750500
2016-03-04,63.74958801269531,63.83535725692029,63.663818768470335,63.819759604100355,1147700
2016-03-07,63.73405838012695,63.76524777029218,63.67947843452977,63.710667824695,1303200
2016-03-08,63.94456100463867,64.03812319085236,63.93676217286564,63.99134209774551,1713100
2016-03-09,63.83538818359375,63.936749180984016,63.811991693028816,63.85097989520593,2010000
2016-03-10,63.80415344238281,63.95229541803473,63.74957356740364,63.90551436769836,1785600
2016-03-11,63.718414306640625,63.85876347268551,63.71841430664063,63.85876347268551,1422300
2016-03-14,63.858768463134766,63.913348368152924,63.780798020075025,63.8041885581166,1534200
2016-03-15,63.7963981628418,63.94454618837438,63.773007621708075,63.92115564724067,1870200
2016-03-16,64.04589080810547,64.04589080810547,63.71061259046026,63.74960078155777,1402900
2016-03-17,64.18620300292969,64.20179470113177,64.07704326923711,64.1004337909199,1571000
2016-03-18,64.24082946777344,64.29540937421004,64.18624956133684,64.24082946777344,1219400
2016-03-21,64.12391662597656,64.17070368545656,64.10052607062052,64.17070368545656,1613600
2016-03-22,64.1082763671875,64.26421725067263,64.08488582954108,64.2408267130262,2150200
2016-03-23,64.24861145019531,64.25641027728807,64.11606113342884,64.14724454427571,1234500
2016-03-24,64.17063903808594,64.34217158747937,64.1004614939488,64.34217158747937,1752300
2016-03-28,64.20183563232422,64.27981201932565,64.15505455913386,64.16285338758664,2369600
2016-03-29,64.4669418334961,64.51372290637633,64.26421393640989,64.28760447285002,1841800
2016-03-30,64.44352722167969,64.51369880478474,64.35775798759961,64.42792957070466,1624300
2016-03-31,64.56829071044922,64.6540599605024,64.47472858221808,64.49811911427587,3037600
2016-04-01,64.64098358154297,64.68786259813456,64.48471025754141,64.57847425194234,3027400
2016-04-04,64.64098358154297,64.74255677123065,64.61753811202941,64.6722322851255,1452400
2016-04-05,64.7581787109375,64.84412754563253,64.7581787109375,64.82068803820981,2149200
2016-04-06,64.7269058227539,64.78941513242606,64.6956571291337,64.77379078561596,1833100
2016-04-07,64.9378890991211,64.9691437615841,64.85194026765211,64.91444959257815,1533400
2016-04-08,64.88322448730469,64.90666400452535,64.8285302933831,64.89884884504512,1402100
2016-04-11,64.8753662109375,64.90662086686622,64.79723255172374,64.84411155500878,1214400
2016-04-12,64.77379608154297,64.8363053963259,64.71128676676004,64.78942042963052,2388000
2016-04-13,64.81290435791016,64.85197419673372,64.69570676388037,64.75040096150109,1749400
2016-04-14,64.7581787109375,64.83631835063666,64.73473920351478,64.81287288199638,1617200
2016-04-15,64.90664672851562,64.96134090787942,64.82069788076987,64.84413739175173,1181000
2016-04-18,64.88322448730469,64.88322448730469,64.82071513390287,64.86759416834421,1395400
2016-04-19,64.92225646972656,64.92225646972656,64.80505894119554,64.88319261395526,1163600
2016-04-20,64.74256134033203,64.96915320521232,64.74256134033203,64.93789853820626,2388600
2016-04-21,64.66444396972656,64.74257767634752,64.60193461994193,64.69569864461889,1683900
2016-04-22,64.64098358154297,64.75818112302193,64.62535326853393,64.71130210643034,5115300
2016-04-25,64.56287384033203,64.67226223718596,64.55506464142856,64.63319835900701,2483300
2016-04-26,64.46908569335938,64.59409839093101,64.41439152044346,64.59409839093101,1689600
2016-04-27,64.66444396972656,64.70350784242719,64.50036139745666,64.5472404291853,1456400
2016-04-28,64.78160858154297,64.82848758510096,64.64877480276849,64.68002945887918,1625800
2016-04-29,64.8284683227539,64.83628347476352,64.71126488746724,64.75033468630092,2856900
2016-05-02,64.71422576904297,64.80816952371055,64.69073385734995,64.80816952371055,2443700
2016-05-03,64.89424896240234,64.94905144348165,64.85510177319321,64.94122081103534,1765500
2016-05-04,64.9177474975586,64.98821125721874,64.84728971092207,64.93340876549357,2868300
2016-05-05,65.03520202636719,65.05868796207544,64.87862513962864,64.94908294675338,1270700
2016-05-06,65.00386047363281,65.05866296023342,64.95688862026746,65.03517703355074,1520600
2016-05-09,65.05085754394531,65.09000475227388,65.00388567237133,65.06651881648689,1373200
2016-05-10,65.05085754394531,65.10566602481546,65.00388567237133,65.05085754394531,1889300
2016-05-11,65.06649780273438,65.18393341676794,65.03518124079052,65.0899837309364,2381000
2016-05-12,65.07430267333984,65.12127451114759,65.02732486251102,65.05864141205655,1653300
2016-05-13,65.1447982788086,65.16828421135766,65.05084857558779,65.10565704890168,1397400
2016-05-16,65.00386047363281,65.09781015338659,64.99602984039757,65.09781015338659,3132000
2016-05-17,64.95686340332031,65.0821236213416,64.93337748575512,65.0821236213416,1735900
2016-05-18,64.65153503417969,64.91771673269308,64.60455722566142,64.91771673269308,1685900
2016-05-19,64.7220230102539,64.73768427808017,64.65938988499603,64.69070644762496,1464000
2016-05-20,64.7220230102539,64.80031143031447,64.68288178673542,64.71419834936435,2044000
2016-05-23,64.73772430419922,64.80035149515473,64.69074644469849,64.76904088619061,1310700
2016-05-24,64.70635986328125,64.74550108204993,64.63589611266109,64.7376764221099,2656800
2016-05-25,64.68289184570312,64.7455190076767,64.65939994031046,64.72203307530854,1474800
2016-05-26,64.79248809814453,64.83945995653941,64.7220243375285,64.76117153487337,1571700
2016-05-27,64.76898956298828,64.8316167043178,64.70635644863621,64.8237920447907,2045600
2016-05-31,64.82379913330078,64.89425691488454,64.66721633029825,64.7141941577106,1361400
2016-06-01,64.84659576416016,64.94073167649012,64.7995218227515,64.90935104396557,1625600
2016-06-02,64.97209167480469,65.02700626797163,64.90148976297938,64.91717708163775,1503200
2016-06-03,65.37998962402344,65.40352956612932,65.24662654494811,65.28585379655297,1964500
2016-06-06,65.27804565429688,65.30942627704339,65.21528440880385,65.29373895829103,1603100
2016-06-07,65.285888671875,65.34864991387416,65.27019536875449,65.33295661075364,1283100
2016-06-08,65.36432647705078,65.37217312732,65.30941189564724,65.34863916175283,1374500
2016-06-09,65.4271011352539,65.48201572792667,65.40356716485725,65.48201572792667,1611200
2016-06-10,65.4898452758789,65.56829381845998,65.4506180119683,65.49768594046891,1575300
2016-06-13,65.50550079345703,65.56826199115321,65.4898134866516,65.55256869911054,1681500
2016-06-14,65.49771118164062,65.59969971301597,65.48202386117497,65.59969971301597,1524200
2016-06-15,65.64673614501953,65.70165071815049,65.53690699875762,65.55259431169236,1345100
2016-06-16,65.71737670898438,65.82721190512927,65.65462143507128,65.75660399226777,1111400
2016-06-17,65.62320709228516,65.6938089836326,65.57613317948017,65.67027501985012,1860800
2016-06-20,65.47416687011719,65.52908146093978,65.45847955212852,65.48986017334735,2347500
2016-06-21,65.3878402709961,65.50551604777036,65.37215296053755,65.48982873731181,1785100
2016-06-22,65.41138458251953,65.44276519364212,65.36431665845544,65.41138458251953,1337700
2016-06-23,65.2937240600586,65.40355322199049,65.2858774098519,65.32509869040447,1152800
2016-06-24,65.66239166259766,65.8349819475052,65.63885771197147,65.77222075567761,2030400
2016-06-27,65.99195098876953,66.03117228399702,65.90565575992933,66.02333161609712,2465500
2016-06-28,66.07035827636719,66.09389223584559,65.99190974969291,66.09389223584559,2971800
2016-06-29,66.0468978881836,66.15672714491694,65.99982393155102,66.14888048793725,2425700
2016-06-30,66.13314056396484,66.21943576637469,66.046845361555,66.06253267779277,3362300
2016-07-01,66.31706237792969,66.40352577843717,66.21487508810812,66.37208399671566,2531600
2016-07-05,66.54497528076172,66.58427298925928,66.41134628054029,66.49780963489978,3193800
2016-07-06,66.66291046142578,66.66291046142578,66.52142544111703,66.60788884224498,1936800
2016-07-07,66.55288696289062,66.63148844261858,66.482147430208,66.55288696289062,2032500
2016-07-08,66.72576904296875,66.74934887137405,66.56070424722715,66.65502955775284,1748000
2016-07-11,66.52931213378906,66.68651510509528,66.50573228778401,66.66293525909025,2617100
2016-07-12,66.26203918457031,66.44282192903974,66.20701756709181,66.44282192903974,1775400
2016-07-13,66.37989807128906,66.44278159506446,66.36418018879667,66.42706371257206,1352500
2016-07-14,66.2778091430664,66.33283080376877,66.21492553171763,66.26209123868483,1621500
2016-07-15,66.06554412841797,66.23060900977927,66.02624039608584,66.23060900977927,2233900
2016-07-18,66.08911895751953,66.19130025816406,66.02623538931961,66.18343831291229,2155800
2016-07-19,66.19129943847656,66.2070233287854,66.1126979776536,66.15985765476596,1559600
2016-07-20,66.12056732177734,66.15200910900631,66.06554569335358,66.15200910900631,1688100
2016-07-21,66.19913482666016,66.2069967686606,65.98690437098044,66.06551179717569,2076000
2016-07-22,66.20703887939453,66.24633662058268,66.0969896121057,66.13629335020232,1612000
2016-07-25,66.1677017211914,66.24630316077601,66.13625994597648,66.20700543943641,1204600
2016-07-26,66.15985870361328,66.23846016568234,66.11269902575329,66.23846016568234,2385100
2016-07-27,66.35639953613281,66.35639953613281,66.18347263236532,66.1991965310225,1575400
2016-07-28,66.31706237792969,66.37993994446603,66.23845492517258,66.30920043327264,1418900
2016-07-29,66.52931213378906,66.52931213378906,66.37210916248283,66.41140690685491,2757900
2016-08-01,66.32059478759766,66.50173668999429,66.31271748524445,66.3520979883893,3705700
2016-08-02,66.25758361816406,66.35209321373814,66.19458322973543,66.29696411847512,4575700
2016-08-03,66.25758361816406,66.29696411847512,66.1394541344724,66.25758361816406,3472400
2016-08-04,66.37574005126953,66.4544950681172,66.34423684280593,66.36786274699797,1202000
2016-08-05,66.15519714355469,66.35208761124385,66.13944854993245,66.35208761124385,2018700
2016-08-08,66.16307067871094,66.21032246550831,66.06068379582344,66.12369018396653,1843100
2016-08-09,66.35205841064453,66.35205841064453,66.19454850925918,66.20241979829613,2262700
2016-08-10,66.4387435913086,66.4623694944776,66.35211127394066,66.39936308027868,1672200
2016-08-11,66.26546478271484,66.4623552785058,66.21821298648376,66.4623552785058,1760100
2016-08-12,66.4150390625,66.52529715250756,66.3992844732902,66.47804540210868,1606000
2016-08-15,66.30484771728516,66.40722861574804,66.29697041475069,66.32847361626726,1942500
2016-08-16,66.27332305908203,66.3363294417162,66.24181986776495,66.32845214173209,2163100
2016-08-17,66.37574005126953,66.4229918596536,66.27335913022982,66.30486233869341,2024600
2016-08-18,66.44659423828125,66.4780974327423,66.34420735412785,66.40721374304995,1750900
2016-08-19,66.31270599365234,66.3599637909609,66.2182024162755,66.32846059562857,1995100
2016-08-22,66.4072265625,66.43085246075161,66.33634886774516,66.38360066424839,1388100
2016-08-23,66.4387435913086,66.50962130081561,66.40724038420913,66.50175000550752,1668300
2016-08-24,66.43085479736328,66.50960979717912,66.40722889828066,66.4938612006645,2083300
2016-08-25,66.35997009277344,66.45447367912473,66.35209279103726,66.40722188594908,1737800
2016-08-26,66.19459533691406,66.54111856682427,66.19459533691406,66.45448625719126,2874500
2016-08-29,66.42295837402344,66.42295837402344,66.29695161231514,66.33633210519751,1446800
2016-08-30,66.36783599853516,66.4387196911654,66.33633881138861,66.4387196911654,4750700
2016-08-31,66.32059478759766,66.43085298605781,66.32059478759766,66.39147849153414,1911900
2016-09-01,66.4120864868164,66.43575903242562,66.20691439072881,66.20691439072881,3108600
2016-09-02,66.31742095947266,66.38843862915002,66.23851043077978,66.38843862915002,1797500
2016-09-06,66.5146713256836,66.56201641818402,66.30160636846206,66.36473717211916,4316100
2016-09-07,66.52259063720703,66.60150116291862,66.50680491977239,66.60150116291862,1849500
2016-09-08,66.27008056640625,66.45157419327789,66.18327717251535,66.42000877545503,3475600
2016-09-09,65.97811126708984,66.13593235078648,65.94654584625283,66.05702180893816,2888900
2016-09-12,66.00175476074219,66.03332016767794,65.8991717035653,65.93073711050106,3191000
2016-09-13,65.8123779296875,66.1043474505385,65.72557455308676,66.1043474505385,2669800
2016-09-14,65.8991928100586,65.97021048304558,65.81238941830492,65.8281691165839,2124500
2016-09-15,65.9544448852539,65.97811744797723,65.812403488425,65.8676414749424,1817200
2016-09-16,66.00967407226562,66.04123949185184,65.93076353354418,66.00967407226562,1307800
2016-09-19,65.96234130859375,66.02547216535334,65.93866874243137,66.00179959919096,1558100
2016-09-20,65.97811126708984,66.09648009010652,65.97811126708984,66.01756954825821,1260900
2016-09-21,66.16748809814453,66.16748809814453,65.9149707888541,65.930756507209,1979800
2016-09-22,66.3016128540039,66.36474366383639,66.214815516091,66.23848806465682,1473900
2016-09-23,66.2858657836914,66.34899662459308,66.27008608371017,66.30953834390745,1441500
2016-09-26,66.39634704589844,66.42001960800442,66.3253293595805,66.34900192168648,1709200
2016-09-27,66.47523498535156,66.49890753940669,66.38843160682492,66.49102070171284,2458100
2016-09-28,66.47523498535156,66.52258611394859,66.42788987724133,66.47523498535156,2284600
2016-09-29,66.4831314086914,66.53047651934052,66.37265547018536,66.39632802550993,2886200
2016-09-30,66.39634704589844,66.50682301605224,66.30165077698568,66.48315045394627,1663600
2016-10-03,66.32595825195312,66.42083603497647,66.28642433435283,66.37339412745034,1509200
2016-10-04,66.10458374023438,66.29433327697899,66.09667575019489,66.28642528693949,1815500
2016-10-05,65.993896484375,66.15202009413257,65.97017854611427,66.14411813606503,2666100
2016-10-06,65.97019958496094,66.06507136825984,65.92275766128051,65.9860095381671,1148500
2016-10-07,66.02552795410156,66.04133790359259,65.86739829904349,66.03342991283229,1783300
2016-10-10,65.95438385009766,65.96229184274624,65.8674140270562,65.9227579115343,1425500
2016-10-11,65.8515853881836,65.9622731257318,65.84367739777893,65.92273920573774,1476700
2016-10-12,65.8911361694336,65.90695215573805,65.80417237288461,65.85951626088745,1286400
2016-10-13,65.97019958496094,66.04926141505368,65.96229159234237,66.03344542981654,1625500
2016-10-14,65.83580017089844,65.98602189863578,65.82789820883066,65.89114406553344,1379900
2016-10-17,65.97810363769531,65.99391962343397,65.8436979190726,65.88323185138806,1008900
2016-10-18,66.06504821777344,66.07295620762089,65.91483260284502,65.92273456066361,1167300
2016-10-19,66.1125259399414,66.1125259399414,66.01764810646043,66.02555610059188,1546400
2016-10-20,66.07295227050781,66.15992205756089,66.04132634503137,66.12038814270822,1283200
2016-10-21,66.12828063964844,66.136188627172,66.0413108729705,66.09665472158127,1018800
2016-10-24,66.03341674804688,66.13620251135008,65.97807288781759,66.13620251135008,1453900
2016-10-25,66.03341674804688,66.09666859745987,65.98598087700131,66.00179685536874,1462100
2016-10-26,65.9148178100586,65.97806361855781,65.89109384584043,65.93062775417653,1144500
2016-10-27,65.73296356201172,65.7803994215475,65.63808581091324,65.7566814917796,1848200
2016-10-28,65.70135498046875,65.76460683122357,65.6776370444428,65.69344699111727,1574400
2016-10-31,65.77251434326172,65.81995021496935,65.73298042881973,65.78832428982145,1664700
2016-11-01,65.75112915039062,65.8065816681602,65.61645961350324,65.66398861619969,1623500
2016-11-02,65.81453704833984,65.90959509975656,65.75116098481266,65.79869001052101,3138400
2016-11-03,65.77490997314453,65.85412701191927,65.75906898293864,65.79867448038969,2335700
2016-11-04,65.89374542236328,65.94127444180828,65.81452837533051,65.81452837533051,1047000
2016-11-07,65.80660247802734,65.87790204849007,65.79867896044858,65.87790204849007,1290000
2016-11-08,65.68775939941406,65.85411696863194,65.67191841162405,65.84619949667281,2509100
2016-11-09,65.03816223144531,65.44217687567209,64.97478620021936,65.35503634370414,3448800
2016-11-10,64.76091766357422,65.03818032247248,64.75299414649922,64.9510397662655,2836000
2016-11-11,64.64205932617188,64.82426387178636,64.6182948297591,64.7371233556929,1580900
2016-11-14,64.39651489257812,64.56287248906436,64.3331388432864,64.51534347403194,2079400
2016-11-15,64.48365783691406,64.58663938792151,64.45989332851796,64.50742234531018,2098100
2016-11-16,64.6183090209961,64.62623253616378,64.4994804689656,64.53909200093284,1629100
2016-11-17,64.35692596435547,64.54705417903735,64.34108496840273,64.51536614325703,1762200
2016-11-18,64.19847869873047,64.44405337095664,64.16679066943135,64.38860083065158,1561600
2016-11-21,64.19054412841797,64.28560819994766,64.1667796215037,64.24599665917547,2074000
2016-11-22,64.24601745605469,64.34108155835727,64.22225294144768,64.31731704375026,1866900
2016-11-23,64.07958221435547,64.16672269164363,63.92906574560917,64.07958221435547,1642900
2016-11-25,64.10336303710938,64.15881553280067,64.02414604953162,64.09544556905972,942700
2016-11-28,64.25390625,64.27767075176367,64.16676571428572,64.17468922949736,1352600
2016-11-29,64.30143737792969,64.35688989850073,64.16676783423883,64.17469134971225,1583600
2016-11-30,64.07958221435547,64.1984106873727,64.00828875686545,64.11127021008454,2372200
2016-12-01,63.84147644042969,63.91291121679882,63.71447320797687,63.88116646453305,2998200
2016-12-02,64.07170104980469,64.19076513278023,63.98438779267934,63.9923270131046,1951400
2016-12-05,64.15108489990234,64.22252578295654,63.92883514080351,63.97645835893847,2479500
2016-12-06,64.14312744140625,64.19868986538373,64.11137661972626,64.17487826308624,2337800
2016-12-07,64.29399871826172,64.34162196462376,64.21462462237321,64.23843624555423,4273100
2016-12-08,64.16695404052734,64.21458331210404,64.11933082480208,64.20664409086602,2323000
2016-12-09,63.97645950317383,64.17489765675431,63.92089706240537,64.13521365954932,2697000
2016-12-12,63.9050178527832,63.968513452703334,63.841516197011856,63.89707863184898,3464800
2016-12-13,63.97645950317383,64.05583355343565,63.88121306520039,64.01614955623067,4372500
2016-12-14,63.65102767944336,64.11933884156467,63.6430884572127,64.10346645295556,2971300
2016-12-15,63.55577087402344,63.706585806926476,63.54783165233071,63.65895653262185,2651200
2016-12-16,63.61130142211914,63.71448702898459,63.52398819482962,63.61924063983148,3080100
2016-12-19,63.778011322021484,63.817701368838,63.69069806370585,63.770072101488,2936800
2016-12-20,63.78593063354492,63.7938698516004,63.65892736805332,63.682745022219756,5853400
2016-12-21,63.88123321533203,63.8971056080503,63.80979230846541,63.84948237404173,2752300
2016-12-22,63.83742141723633,63.88516623615521,63.79763002059412,63.79763002059412,2851500
2016-12-23,63.86924362182617,63.948820331712255,63.86924362182617,63.948820331712255,2096800
2016-12-27,63.8215217590332,63.8215217590332,63.75786400496689,63.76581742965233,2178300
2016-12-28,63.98067092895508,64.03637524928689,63.805598473250654,63.853343298873476,4097100
2016-12-29,64.15576171875,64.17963413838355,64.0443530462486,64.09209788551568,3115800
2016-12-30,64.29103088378906,64.32286279450085,64.1557498167511,64.16370324094191,2338200
2017-01-03,64.29898834228516,64.33081418067252,64.06025205516808,64.10004346012626,3312600
2017-01-04,64.34672546386719,64.36263838115485,64.2591892404969,64.33080647526427,3095000
2017-01-05,64.67300415039062,64.68096364620293,64.37856958981614,64.44223341368169,3890400
2017-01-06,64.4183349609375,64.56157548458197,64.4183349609375,64.5377030758603,2287900
2017-01-09,64.5775146484375,64.60138706461807,64.52976374475995,64.59342756878574,1785900
2017-01-10,64.56156921386719,64.60136060541478,64.5058649084889,64.5695287064395,2250700
2017-01-11,64.59339904785156,64.80030334891947,64.50586284629644,64.56952664221176,2327600
2017-01-12,64.60933685302734,64.79236273045667,64.57750494579713,64.75257739990555,2981200
2017-01-13,64.50585174560547,64.57747502151312,64.38648973794722,64.55360261998148,2425000
2017-01-17,64.7048110961914,64.77643438823365,64.62523438272207,64.7286835031008,2188600
2017-01-18,64.37062072753906,64.62526999375099,64.36266123041192,64.62526999375099,1981700
2017-01-19,64.2591781616211,64.330795384041,64.17164195334286,64.2830505690944,2121300
2017-01-20,64.30693817138672,64.33877007931062,64.15574419789274,64.19552952931089,1836300
2017-01-23,64.48202514648438,64.60935280684592,64.31491214574761,64.31491214574761,1490200
2017-01-24,64.3864974975586,64.49790609900796,64.31487421301918,64.43424230637592,2136000
2017-01-25,64.19551849365234,64.29101420100767,64.15573316907357,64.2512228051143,1897400
2017-01-26,64.21940612792969,64.24328461391562,64.07616556859423,64.15574837924864,2381600
2017-01-27,64.29103088378906,64.33081621869167,64.25123947757028,64.25123947757028,1768700
2017-01-30,64.27507781982422,64.37057350133622,64.25916490856203,64.28303731111178,2699500
2017-01-31,64.410400390625,64.474058142076,64.29899173644036,64.29899173644036,2857600
2017-02-01,64.29715728759766,64.39285164124718,64.19349296743528,64.24133710228809,2313400
2017-02-02,64.33706665039062,64.47262916259325,64.32909059557069,64.42478500156814,1745400
2017-02-03,64.35298156738281,64.54437028685902,64.28121536053746,64.48057404703361,2398900
2017-02-06,64.55233001708984,64.60018023134289,64.43271969131553,64.56030606678924,3238100
2017-02-07,64.65599822998047,64.71181840810632,64.51245975995069,64.56030388864625,5239300
2017-02-08,64.83142852783203,64.87129660323174,64.65599196103425,64.65599196103425,2172700
2017-02-09,64.65599822998047,64.76763858623218,64.6161240667721,64.70384235867603,3410400
2017-02-10,64.64005279541016,64.66397486222426,64.54436452815374,64.55233449446261,2011900
2017-02-13,64.56826782226562,64.60016593005822,64.49649555874677,64.57624387019928,1863000
2017-02-14,64.43270111083984,64.56826349692078,64.32106078301535,64.54434143866433,2178300
2017-02-15,64.32905578613281,64.3689299547087,64.27323560049294,64.2812116509969,1503700
2017-02-16,64.44863891601562,64.54433322079909,64.37687275038364,64.38484271282665,3290700
2017-02-17,64.60018920898438,64.6320873282716,64.56031503888931,64.59221315817653,1520000
2017-02-21,64.59220886230469,64.65600509663619,64.5124666113622,64.54436472852795,1811300
2017-02-22,64.63206481933594,64.72775305992877,64.49649633859268,64.72775305992877,1965800
2017-02-23,64.75169372558594,64.75169372558594,64.69587354122027,64.72777165856405,1590500
2017-02-24,64.99092864990234,65.0068746671142,64.84739015921964,64.87928827758735,1703800
2017-02-27,64.85533905029297,64.96697937585628,64.82344094528324,64.95900332861848,2005600
2017-02-28,64.8075180053711,64.91916446510156,64.79954803848935,64.8553682263825,1975700
2017-03-01,64.5422592163086,64.56622788452859,64.48633029186344,64.5422592163086,2954300
2017-03-02,64.42239379882812,64.49430588144519,64.35048781200513,64.48631429542239,2077300
2017-03-03,64.47032928466797,64.47032928466797,64.3424883072131,64.43037745526499,2242600
2017-03-06,64.43043518066406,64.49435572666006,64.37450622686725,64.49435572666006,1880900
2017-03-07,64.31055450439453,64.42241235776169,64.31055450439453,64.39844368858242,1644800
2017-03-08,64.15878295898438,64.19872872897744,64.08687081971865,64.11083950087426,2172700
2017-03-09,63.95899200439453,64.06285825017814,63.93501724386475,64.04688117228632,2761300
2017-03-10,64.08685302734375,64.10283620754268,63.998963823641176,64.03092408824186,3430900
2017-03-13,63.95899200439453,64.08682691491323,63.94300883070801,64.01492092070797,2164600
2017-03-14,63.95100784301758,64.03090543334315,63.93502466747522,63.9430162552464,3620700
2017-03-15,64.35049438476562,64.35848597160468,64.02290637810574,64.04688113862292,2281200
2017-03-16,64.25464630126953,64.34253551380365,64.24666080616483,64.30258975088674,2617800
2017-03-17,64.38245391845703,64.40642258291227,64.29456475159141,64.29456475159141,1293000
2017-03-20,64.51031494140625,64.51830653139122,64.37448839064726,64.3904654748201,1510900
2017-03-21,64.66212463378906,64.66212463378906,64.4464004706996,64.47835463902634,2079000
2017-03-22,64.74996185302734,64.80589074639343,64.67804979253256,64.71800161456213,1339600
2017-03-23,64.71800994873047,64.79790750728635,64.6301208055811,64.77393884929889,1790300
2017-03-24,64.70205688476562,64.77396288541068,64.662105042766,64.67009663032498,3736700
2017-03-27,64.83785247802734,64.89378137268143,64.78990907132932,64.87779820518465,1870300
2017-03-28,64.71800994873047,64.90177981962269,64.68604970614952,64.90177981962269,1990800
2017-03-29,64.8458480834961,64.8458480834961,64.74197577570186,64.75795894418991,1356800
2017-03-30,64.741943359375,64.80586380973679,64.69400606949847,64.79787222949416,1403500
2017-03-31,64.78194427490234,64.79792135170992,64.72601536238442,64.72601536238442,2399400
2017-04-03,65.0173568725586,65.0173568725586,64.78515739369456,64.83319782257608,2142600
2017-04-04,64.94530487060547,65.00135408139327,64.92128465296867,65.00135408139327,1983200
2017-04-05,65.00133514404297,65.04937556532057,64.87321920876398,64.91325696576467,2050500
2017-04-06,65.02533721923828,65.04135476113291,64.9052300906379,65.00131701529867,1855300
2017-04-07,64.88119506835938,65.14542946915077,64.86518363902395,65.09738907224359,1608200
2017-04-10,64.94530487060547,65.00936285690747,64.91327587745447,64.95331364611967,1481700
2017-04-11,65.15348052978516,65.18550951814713,65.04138212497068,65.0493847903825,1340500
2017-04-12,65.30561828613281,65.30561828613281,65.1214592174752,65.1454794343518,1801600
2017-04-13,65.40168762207031,65.44172537866919,65.27357168807708,65.34563842817427,1393500
2017-04-17,65.36164855957031,65.44172407116818,65.28958792981685,65.4096950883098,1494600
2017-04-18,65.59388732910156,65.63392510518096,65.43374844259783,65.43374844259783,1782800
2017-04-19,65.4737548828125,65.5218014173769,65.43372323106419,65.5218014173769,1437000
2017-04-20,65.38567352294922,65.44972537843434,65.32161555856038,65.44972537843434,1425700
2017-04-21,65.40168762207031,65.48976579946466,65.38567618477313,65.44172537866919,1241700
2017-04-24,65.3135986328125,65.32961006745917,65.20150026357692,65.24153801354804,2665700
2017-04-25,65.1134262084961,65.2255245848035,65.07338845599917,65.1854929412099,1670900
2017-04-26,65.177490234375,65.1935016715218,65.06539184763568,65.08941205780783,1876200
2017-04-27,65.22550201416016,65.28155118291859,65.15344141528556,65.1934730450266,1543100
2017-04-28,65.29756164550781,65.32958450226977,65.14542558583597,65.17745455149849,2100000
2017-05-01,65.1756820678711,65.32010706082235,65.10346651063605,65.26393600435134,1478100
2017-05-02,65.28797912597656,65.29599831156897,65.15157339120137,65.18366849811814,1664300
2017-05-03,65.21574401855469,65.35214359084878,65.16760443339534,65.31202931038729,2948400
2017-05-04,65.14356994628906,65.15158913381914,65.06332909885064,65.10344952256985,1216100
2017-05-05,65.18364715576172,65.18364715576172,65.07131737908978,65.15155205935349,1658900
2017-05-08,65.07132720947266,65.15958720755037,65.0392321082158,65.14354271767925,1832300
2017-05-09,65.03923797607422,65.07133308022671,64.99109838060308,65.03121879117249,2532200
2017-05-10,65.03124237060547,65.15159140292022,64.99914725481572,65.10345178999432,1845500
2017-05-11,65.07937622070312,65.07937622070312,64.93495127319694,64.99111619047619,1421500
2017-05-12,65.27194213867188,65.2960119435056,65.1917074153871,65.22380252900442,1510300
2017-05-15,65.25587463378906,65.30401422648279,65.2318048374422,65.2318048374422,1823500
2017-05-16,65.320068359375,65.40030305869443,65.2799479489577,65.2799479489577,1760600
2017-05-17,65.67314147949219,65.68919210185032,65.49662136266573,65.49662136266573,1987100
2017-05-18,65.61692810058594,65.70518809383854,65.5848330010837,65.68914360484457,1881800
2017-05-19,65.65703582763672,65.65703582763672,65.55272524401714,65.64098522022765,1394700
2017-05-22,65.60091400146484,65.63300911583528,65.58486338352107,65.63300911583528,1570700
2017-05-23,65.4644775390625,65.66506731868436,65.4564583553679,65.66506731868436,1679500
2017-05-24,65.60091400146484,65.6089331889196,65.45648904755647,65.49660334938166,1568700
2017-05-25,65.60091400146484,65.62498380686338,65.54474908169587,65.6089331889196,1108400
2017-05-26,65.63301086425781,65.64103005192618,65.57684594299263,65.60893493670076,952700
2017-05-30,65.72930145263672,65.72930145263672,65.64906671145968,65.68918714280738,1283300
2017-05-31,65.7613525390625,65.80147294354525,65.71321295089462,65.72925743977916,2290100
2017-06-01,65.77906036376953,65.78710254861863,65.68257868313898,65.69865691844753,1710900
2017-06-02,65.99613952636719,66.0202599403527,65.90769391882822,65.92377215002253,1795200
2017-06-05,65.89164733886719,65.9398943288936,65.87556909845279,65.9157739010762,1916200
2017-06-06,66.01227569580078,66.05248051065603,65.97207701533901,66.02031788565053,3262500
2017-06-07,65.92378997802734,66.01223560948497,65.90771174248493,65.99615737394257,1743500
2017-06-08,65.87557220458984,65.90773482132677,65.77908435437908,65.90773482132677,1827800
2017-06-09,65.81925964355469,65.85946443004477,65.74689225475036,65.7710188072779,1404500
2017-06-12,65.80315399169922,65.89159958585907,65.74687098945088,65.76295535260022,2053900
2017-06-13,65.81925964355469,65.84338006169308,65.76297662310206,65.7790548570646,1515100
2017-06-14,66.0604476928711,66.19713409315024,65.99612251589743,66.10064632768974,2472800
2017-06-15,65.98809051513672,66.0363313381158,65.95592792168817,66.0363313381158,2063400
2017-06-16,66.0604476928711,66.06848373920292,65.98808033517909,65.99612251589743,1376200
2017-06-19,65.9640121459961,66.0444156136691,65.93989171913333,66.01225299972162,1776500
2017-06-20,66.0604476928711,66.10064632768974,65.99612251589743,66.02024292366592,1864100
2017-06-21,66.09264373779297,66.11677029440027,66.01224028560587,66.05244507889451,1249600
2017-06-22,66.11676025390625,66.14891672238566,66.0604772324834,66.12479630383147,1195100
2017-06-23,66.13280487060547,66.15692527689843,66.08456405801952,66.11672664453887,1356000
2017-06-26,66.20520782470703,66.24541261679751,66.18108740320875,66.21325001000314,4665500
2017-06-27,65.98007202148438,66.0846020213176,65.96399378618139,66.0846020213176,2374200
2017-06-28,65.98007202148438,66.01223462648001,65.8916263913438,65.99615639117702,1604300
2017-06-29,65.84339904785156,65.90772427102843,65.76299558607593,65.80319424976828,1548100
2017-06-30,65.7951431274414,65.85142615123195,65.73886010365088,65.82730573166307,1978100
2017-07-03,65.80240631103516,65.9396613856986,65.74588915323795,65.93159190594773,1092500
2017-07-05,65.8427505493164,65.86697129815899,65.76200650663367,65.79430289172565,1917100
2017-07-06,65.68936157226562,65.74587872109504,65.64092006181392,65.72973360424687,1827500
2017-07-07,65.67322540283203,65.71359744410037,65.64900464203448,65.68937668330283,2441500
2017-07-10,65.70552062988281,65.76203779070349,65.68937550960914,65.72974755015613,2228800
2017-07-11,65.77007293701172,65.80236931758314,65.69741070065454,65.73777655644028,1931500
2017-07-12,65.92350769042969,65.98002484087468,65.89121129590292,65.96387356365759,1378800
2017-07-13,65.8992919921875,65.92351274996463,65.80240280117108,65.91543711073629,1321400
2017-07-14,65.92350769042969,66.08498350315612,65.9073564132126,66.02846635271113,1201700
2017-07-17,66.0123291015625,66.03654986036692,65.9315911855784,65.98003270318723,1432500
2017-07-18,66.1657485961914,66.18189988004485,66.10116194050742,66.12538270637766,1607300
2017-07-19,66.17378997802734,66.20608636910352,66.14956922469689,66.18186561577308,1589100
2017-07-20,66.21417236328125,66.27875899562873,66.18187596715366,66.22224184238236,1646800
2017-07-21,66.28688049316406,66.33532820082637,66.2545840746932,66.2545840746932,1942000
2017-07-24,66.25454711914062,66.28684351959716,66.20610559841008,66.27876787950589,1417400
2017-07-25,66.00424194335938,66.13342751431583,65.99616630519783,66.12535187615428,1385000
2017-07-26,66.1657485961914,66.20612064591508,65.98812759317305,66.01234835904329,1583000
2017-07-27,66.08501434326172,66.12538639523758,66.0365728088189,66.08501434326172,1224000
2017-07-28,66.20606994628906,66.20606994628906,66.0768844140296,66.0768844140296,1867100
2017-07-31,66.19802856445312,66.20610420437436,66.13344192480852,66.17380780459784,2561600
2017-08-01,66.46720123291016,66.47530451261113,66.28072064272295,66.28883010813362,1783600
2017-08-02,66.42666625976562,66.50774236427172,66.42666625976562,66.45909793871012,1336600
2017-08-03,66.56450653076172,66.61315714954321,66.48343041374086,66.51586209769145,1904800
2017-08-04,66.45909881591797,66.49153049529053,66.36180377780026,66.49153049529053,1046700
2017-08-07,66.4834213256836,66.49153079199051,66.41045468605249,66.4509896461663,1257900
2017-08-08,66.39421844482422,66.47529452962614,66.35367730956887,66.47529452962614,1929000
2017-08-09,66.44285583496094,66.56447304216219,66.44285583496094,66.5563635788266,1808600
2017-08-10,66.5401611328125,66.54827059740276,66.4347628359754,66.46719450862737,1376700
2017-08-11,66.596923828125,66.60503329378861,66.4428749090659,66.45909384039312,1153400
2017-08-14,66.54826354980469,66.59690796077656,66.50772241685586,66.55636682782773,2082000
2017-08-15,66.434814453125,66.4753494361522,66.38616381349296,66.40238275527493,1419600
2017-08-16,66.53207397460938,66.58882787435108,66.39424395890968,66.41856617512596,1594800
2017-08-17,66.6536865234375,66.6536865234375,66.49153430299918,66.523965984229,1723600
2017-08-18,66.62126922607422,66.72667375925613,66.56451531809628,66.69424207102416,1663100
2017-08-21,66.6536865234375,66.69422767140243,66.6212548422077,66.66179599017264,1258400
2017-08-22,66.5726089477539,66.64557558963172,66.56449948119729,66.63747230878568,1157400
2017-08-23,66.7672119140625,66.7672119140625,66.6455946238213,66.6699230304394,1237800
2017-08-24,66.66990661621094,66.74287326096376,66.65368768245865,66.66990661621094,1540200
2017-08-25,66.7509536743164,66.76716641530123,66.65365867128307,66.67798087561437,1453100
2017-08-28,66.7834243774414,66.79963712790273,66.71045153608615,66.75099269080705,1408700
2017-08-29,66.85635375976562,66.95364876542543,66.79959988622447,66.90499816974138,2054300
2017-08-30,66.84823608398438,66.85634554655353,66.79959167998452,66.84013280712276,1150700
2017-08-31,66.90499114990234,66.9374228150528,66.84823728231595,66.87256567045952,1696700
2017-09-01,66.79452514648438,66.89202577370108,66.74577793226655,66.87577256977443,1471200
2017-09-05,67.07073211669922,67.10322610678422,66.93260476434057,66.98947854515512,2008400
2017-09-06,66.95704650878906,67.12766800910461,66.94891990435987,67.09516779017075,1586500
2017-09-07,67.16825103759766,67.20075123834017,67.03825643340704,67.05450343438858,1899100
2017-09-08,67.09514617919922,67.16826699916139,67.07077257254517,67.16826699916139,2702200
2017-09-11,66.89199829101562,67.00574587664454,66.86762469392065,66.96511908230057,1423100
2017-09-12,66.79452514648438,66.88389917173775,66.74577793226655,66.83515195751993,1604300
2017-09-13,66.71328735351562,66.79453478853407,66.70516075037919,66.77828778104316,1594000
2017-09-14,66.7538833618164,66.77013036180891,66.6888829642882,66.6888829642882,1325200
2017-09-15,66.76201629638672,66.82701670611817,66.71326908847826,66.78638990034095,1536200
2017-09-18,66.71328735351562,66.73766096414296,66.65641352912452,66.72141395665206,1756300
2017-09-19,66.66455841064453,66.73767926257514,66.66455841064453,66.71330564526494,1220000
2017-09-20,66.60765075683594,66.73764538275891,66.5345237432451,66.72951878151983,1672500
2017-09-21,66.5914077758789,66.69702881307754,66.57516076968737,66.63203458952994,1168200
2017-09-22,66.65644073486328,66.72144118892066,66.63206711428788,66.71331458246738,1394100
2017-09-25,66.80265045166016,66.81077705346573,66.6645292148702,66.68077621970039,2626100
2017-09-26,66.7701187133789,66.7701187133789,66.69699172922232,66.76199211541083,1446500
2017-09-27,66.56702423095703,66.60765103854382,66.51015041960385,66.55889762968357,1511900
2017-09-28,66.58326721191406,66.58326721191406,66.46139919407773,66.50201980042979,1198400
2017-09-29,66.5914077758789,66.5995343783654,66.48578673868029,66.58328117339242,3001200
2017-10-02,66.56534576416016,66.59791272481806,66.50835513588699,66.55720247111752,3642600
2017-10-03,66.59789276123047,66.61417313092286,66.52461556883783,66.53275885943941,2752100
2017-10-04,66.59789276123047,66.66302045151077,66.5490392291318,66.65488337241996,2616700
2017-10-05,66.54902648925781,66.61416037857991,66.50017917802101,66.61416037857991,2859800
2017-10-06,66.47577667236328,66.53276729077488,66.36993251566206,66.42692313407366,1860000
2017-10-09,66.54090881347656,66.54904589338223,66.47577490516295,66.48391819658,987800
2017-10-10,66.57351684570312,66.67121777757404,66.53281278272708,66.55723646281587,4719400
2017-10-11,66.60601043701172,66.62229701347034,66.56530641888305,66.58158678383273,1249500
2017-10-12,66.66304779052734,66.67119108446853,66.57349019171407,66.64676741415825,1723400
2017-10-13,66.80150604248047,66.80964313064574,66.70380508083812,66.76893905526636,1772800
2017-10-16,66.73633575439453,66.77703980762536,66.68748840591181,66.76075942863588,1471500
2017-10-17,66.74444580078125,66.76072617166062,66.67116860304603,66.67931189424132,1381100
2017-10-18,66.63862609863281,66.64676939281578,66.58977875656201,66.61420242759742,1522900
2017-10-19,66.67119598388672,66.76889688382087,66.63862901724201,66.68748257296596,1515800
2017-10-20,66.50835418701172,66.55720152154535,66.46764393389199,66.5490582286189,1935600
2017-10-23,66.56534576416016,66.6141930993907,66.54092209654489,66.54092209654489,2649700
2017-10-24,66.45138549804688,66.50023284870714,66.42695561120216,66.4595225821472,2287200
2017-10-25,66.39432525634766,66.40246233191858,66.32104809565277,66.3617583195397,1576700
2017-10-26,66.31300354003906,66.4351281820196,66.29672315314974,66.42698488281627,1915600
2017-10-27,66.45952606201172,66.45952606201172,66.33740767896684,66.3699684401022,1734400
2017-10-30,66.61420440673828,66.63048478407443,66.52464680260536,66.5572137687913,1542600
2017-10-31,66.57351684570312,66.63865080028373,66.57351684570312,66.63050750308221,1977100
2017-11-01,66.61672973632812,66.67384119578416,66.51066115113676,66.5677726105928,1596000
2017-11-02,66.68197631835938,66.73908775603026,66.64934032187888,66.68197631835938,2373200
2017-11-03,66.7391357421875,66.7391357421875,66.61675222356057,66.71465405871464,1370500
2017-11-06,66.7880630493164,66.81253849945253,66.73911214904415,66.7880630493164,1336700
2017-11-07,66.81251525878906,66.81251525878906,66.73908893392195,66.74724326467609,2450800
2017-11-08,66.7635726928711,66.82068413866483,66.7390972481996,66.78804813754259,2312700
2017-11-09,66.69832611083984,66.73096212440039,66.63305408371875,66.69832611083984,2115800
2017-11-10,66.4290771484375,66.53514573827098,66.4290771484375,66.51882462075083,1724400
2017-11-13,66.43726348876953,66.53517155783705,66.42910292684267,66.52701099591019,1698500
2017-11-14,66.5188217163086,66.5188217163086,66.44539536472146,66.46987081525052,1659300
2017-11-15,66.673828125,66.68198868180312,66.5351297827519,66.608556119937,2859400
2017-11-16,66.5840835571289,66.64935556501801,66.55144755318436,66.60039844676054,1637000
2017-11-17,66.64935302734375,66.69014336221039,66.61671702464182,66.64935302734375,2257700
2017-11-20,66.60858154296875,66.65753245310897,66.5759455279808,66.61674210288658,1528300
2017-11-21,66.66565704345703,66.73092903821531,66.5840701623492,66.68197815448661,1925700
2017-11-22,66.80438232421875,66.81254288302692,66.67384450670076,66.68200506550892,1631900
2017-11-24,66.7880630493164,66.80437794117978,66.74726648263477,66.7717419327709,837000
2017-11-27,66.7635726928711,66.81252358221408,66.73093669174885,66.79620869399334,1516900
2017-11-28,66.7635726928711,66.86147447155707,66.7635726928711,66.82068413866483,1846700
2017-11-29,66.60042572021484,66.64938285852068,66.57595026340384,66.6167468412114,1837400
2017-11-30,66.50251770019531,66.64121609233118,66.46172112618676,66.62490119753771,3044100
2017-12-01,66.68074798583984,66.8851396912771,66.50905970177733,66.63169597254765,2384800
2017-12-04,66.6889419555664,66.69711937232503,66.5990090838457,66.63988993009744,1834000
2017-12-05,66.77067565917969,66.77885307327442,66.63986822136073,66.70526882150052,1763900
2017-12-06,66.84426879882812,66.91784682284587,66.82791396846406,66.83609138364609,1509300
2017-12-07,66.7542953491211,66.87693155211205,66.68888854252107,66.7542953491211,1641000
2017-12-08,66.72980499267578,66.77885700505354,66.6889241573345,66.72162757809959,1368300
2017-12-11,66.68074798583984,66.79520684188152,66.6643993939224,66.76250965804662,1780800
2017-12-12,66.67252349853516,66.67252349853516,66.59893929989359,66.66434609034502,2962800
2017-12-13,66.860595703125,66.91782511575454,66.68073005270695,66.72978829034524,2095400
2017-12-14,66.88511657714844,66.89329398905113,66.72978317622325,66.77065776066138,1998800
2017-12-15,66.89331817626953,66.901495591129,66.77068190353708,66.84426616219253,2781800
2017-12-18,66.7869873046875,66.86874268015592,66.75428390699307,66.86874268015592,1946900
2017-12-19,66.5826416015625,66.6889230391121,66.51723476112907,66.6889230391121,3307700
2017-12-20,66.45181274414062,66.52539698220765,66.42728674396434,66.45181274414062,2325500
2017-12-21,66.49268341064453,66.53355799218073,66.44362518024894,66.47632858800026,3103400
2017-12-22,66.525390625,66.54991662283255,66.48450980358734,66.50085838962984,2566700
2017-12-26,66.59175872802734,66.62454714981145,66.53438055334317,66.58356631289533,1696400
2017-12-27,66.79668426513672,66.82127401899072,66.5917613113504,66.66553682666465,1708000
2017-12-28,66.75574493408203,66.78033470322548,66.706559142039,66.77213602892562,2235000
2017-12-29,66.86231994628906,66.86231994628906,66.77215326698136,66.80494171888941,2531500
2018-01-02,66.67374420166016,66.80489792331136,66.5753851641754,66.76391082185694,3104500
2018-01-03,66.73112487792969,66.7475159653339,66.63275959224444,66.7475159653339,2216700
2018-01-04,66.6983642578125,66.6983642578125,66.59999893111596,66.66557581558033,2152400
2018-01-05,66.60816955566406,66.69013749984894,66.55898378615052,66.68193882930447,4257400
2018-01-08,66.61637878417969,66.66556456610606,66.56719925600817,66.66556456610606,2587300
2018-01-09,66.41961669921875,66.58355878961545,66.40322561705473,66.55077037153612,2725200
2018-01-10,66.42786407470703,66.43606274867628,66.24753076991881,66.29671030622255,3411400
2018-01-11,66.42786407470703,66.49344095894926,66.3622871904648,66.40327430655516,3381600
2018-01-12,66.41961669921875,66.49339220333509,66.34584744885372,66.39502694909707,2829100
2018-01-16,66.46883392333984,66.55080814193768,66.41965439518502,66.51801970524951,4300500
2018-01-17,66.39508056640625,66.49344590007914,66.37868947100561,66.42786901096387,3674600
2018-01-18,66.26390838623047,66.31309416628586,66.23112620453303,66.24751729538175,2528400
2018-01-19,66.1245346069336,66.23109854108172,66.10814352293112,66.20650253445,2148300
2018-01-22,66.07539367675781,66.19834876669104,66.07539367675781,66.17375899945553,5473200
2018-01-23,66.24755096435547,66.28033941647159,66.16558296094406,66.21476251223935,2442900
2018-01-24,66.17372131347656,66.19011239771362,66.09174713103499,66.16552264448198,1709700
2018-01-25,66.35405731201172,66.36225598212536,66.11635216249259,66.17373034578219,2537700
2018-01-26,66.23113250732422,66.28851071138698,66.16555563017958,66.28031203830508,1590200
2018-01-29,66.14096069335938,66.17374912936808,66.01800562176541,66.11637092979153,2219700
2018-01-30,66.01799774169922,66.08357460588923,65.97701063814198,66.04258750233198,2735100
2018-01-31,66.03440856933594,66.15736366300642,65.9278508234913,66.15736366300642,3082600
2018-02-01,65.8512191772461,66.05659347916985,65.83478572327746,66.02373283875889,2814300
2018-02-02,65.65400695800781,65.81009331806696,65.61293588840182,65.75258880660122,3137600
2018-02-05,65.94157409667969,66.07301665033572,65.55547569724844,65.61298024759147,4349200
2018-02-06,65.7280044555664,65.92516206384032,65.7280044555664,65.90873487462056,3891500
2018-02-07,65.58013916015625,65.81015743010222,65.55549524088029,65.81015743010222,3797200
2018-02-08,65.53083038330078,65.62119557876721,65.4076108145069,65.47332582868817,4639800
2018-02-09,65.36653900146484,65.5719133236094,65.35011181340512,65.3993996451112,3725500
2018-02-12,65.3829345703125,65.50616035751257,65.35008021008144,65.4568725496421,5336200
2018-02-13,65.44042205810547,65.45684923236925,65.33362348906509,65.40756144205625,2669400
2018-02-14,65.22691345214844,65.34192261961017,65.18583606339944,65.30906196211689,3509700
2018-02-15,65.29258728027344,65.39116291353035,65.2679371044342,65.28437055499369,1981200
2018-02-16,65.43223571777344,65.48974025567884,65.38294163705126,65.45687962437225,1957800
2018-02-20,65.36653900146484,65.38296618952457,65.25974661025937,65.38296618952457,2294300
2018-02-21,65.12008666992188,65.38296554899048,65.0872322941243,65.35832163337888,2330100
2018-02-22,65.20226287841797,65.27619464959322,65.16940222427488,65.19404614799997,2156000
2018-02-23,65.37476348876953,65.40762413631622,65.29261500366667,65.30082546490759,1660600
2018-02-26,65.40757751464844,65.53079702070964,65.39936079173663,65.47329249537334,2715300
2018-02-27,65.2679214477539,65.4404412996189,65.17755629392882,65.41579112969282,3007200
2018-02-28,65.3501205444336,65.35833100579694,65.27618251946915,65.28439924836026,1947700
2018-03-01,65.46122741699219,65.51885148811202,65.30482281283993,65.37890821261426,2877400
2018-03-02,65.33779907226562,65.40365071513006,65.26370733827689,65.34602660227539,4448000
2018-03-05,65.29656219482422,65.4447392140781,65.24717194858964,65.41181028973834,2229100
2018-03-06,65.32128143310547,65.42006824259465,65.31304762884325,65.34597656533965,1905000
2018-03-07,65.30480194091797,65.44474517168878,65.28010681555261,65.39535492095807,2167700
2018-03-08,65.37892150878906,65.43654559162795,65.32953123222829,65.32953123222829,1479700
2018-03-09,65.29656219482422,65.32949111916399,65.22247682547234,65.26363327048446,2290800
2018-03-12,65.36243438720703,65.3706681902364,65.28011519856784,65.30481032710445,2253900
2018-03-13,65.37892150878906,65.42831806590381,65.33776503850642,65.3953891213453,2471700
2018-03-14,65.51888275146484,65.56827932210412,65.36247807268167,65.36247807268167,1733800
2018-03-15,65.52710723876953,65.55180238029843,65.4447880068216,65.47771695571173,1590100
2018-03-16,65.46946716308594,65.49416229858518,65.42007689208745,65.45300583293754,1492000
2018-03-19,65.42008972167969,65.49417514270637,65.3789269674063,65.40362210774852,1328100
2018-03-20,65.33779907226562,65.36249422340944,65.29663629998774,65.32133145113157,2234600
2018-03-21,65.33779907226562,65.37895556398624,65.14845911256755,65.27194114884392,1760300
2018-03-22,65.44473266601562,65.56821454979726,65.38710862432414,65.4776615870607,2871700
2018-03-23,65.46122741699219,65.485928830803,65.38714201721787,65.44476608833769,2114500
2018-03-26,65.42008972167969,65.50240894967196,65.40362210774852,65.44478486202192,2303700
2018-03-27,65.64231872558594,65.67524765606882,65.4529852259985,65.4529852259985,1693500
2018-03-28,65.63410186767578,65.74935000281586,65.60117293184257,65.71642106698265,3251800
2018-03-29,65.79875946044922,65.8152207928916,65.65881615274945,65.65881615274945,2157300
2018-04-02,65.79049682617188,65.8400109898422,65.68320774314259,65.7162192843587,2336700
2018-04-03,65.7162094116211,65.76572986415951,65.65019263541446,65.75747540601864,2580800
2018-04-04,65.7162094116211,65.77397802599363,65.6749497135303,65.77397802599363,2226300
2018-04-05,65.6254653930664,65.65847694749861,65.57595120957322,65.65847694749861,1978300
2018-04-06,65.79049682617188,65.80699944862609,65.69146220252354,65.75748528495576,2155900
2018-04-09,65.85650634765625,65.85650634765625,65.68319421788259,65.74096912534473,2052000
2018-04-10,65.7409896850586,65.82351539876056,65.71622630427048,65.77399493349269,1854600
2018-04-11,65.79049682617188,65.8565199086041,65.74923082557481,65.81525390800704,1645200
2018-04-12,65.66669464111328,65.77397741071391,65.65019202129268,65.7409721710727,1397700
2018-04-13,65.7162094116211,65.72446386976196,65.62542926099188,65.6419381772736,1461800
2018-04-16,65.72444915771484,65.72444915771484,65.60891195483215,65.60891195483215,1939600
2018-04-17,65.74922180175781,65.75747626000587,65.68319872838698,65.72446472332045,1588500
2018-04-18,65.53466796875,65.69971938536476,65.50990458958063,65.69971938536476,1721200
2018-04-19,65.37787628173828,65.4438993785877,65.32836210725574,65.4438993785877,1602300
2018-04-20,65.21278381347656,65.36133255413027,65.21278381347656,65.36133255413027,1576600
2018-04-23,65.17977142333984,65.21277665425664,65.13850544023632,65.18801958291652,2263300
2018-04-24,65.06421661376953,65.1467485656224,65.0477140011813,65.13023965673025,2664000
2018-04-25,64.97347259521484,65.03124121022067,64.94046105859624,64.99822967360208,2201300
2018-04-26,65.10553741455078,65.1385489638299,65.06427140387457,65.07252586527166,3297100
2018-04-27,65.20457458496094,65.22933167380076,65.14680594556488,65.14680594556488,1407300
2018-04-30,65.23758697509766,65.27884669159185,65.20457542411657,65.22107805145234,1602900
2018-05-01,65.13666534423828,65.23592348702563,65.12012547569955,65.2276503974971,1410700
2018-05-02,65.1449203491211,65.22763228989001,65.12010739794208,65.19454625147914,1434000
2018-05-03,65.20282745361328,65.30207927068187,65.19455436535178,65.26072645040908,1477700
2018-05-04,65.24417877197266,65.30207776743563,65.16146682281374,65.27726481373968,1342100
2018-05-07,65.21102905273438,65.26066122217853,65.18621612326783,65.25238814218599,1634400
2018-05-08,65.16144561767578,65.20280473405458,65.09527355567577,65.14490575743336,1380900
2018-05-09,65.0870361328125,65.1366620464345,65.05395008689183,65.07876304370284,2260900
2018-05-10,65.21935272216797,65.24416567088146,65.16145373833116,65.21107963575815,1695500
2018-05-11,65.2855453491211,65.29381843813589,65.20283339052698,65.2855453491211,1457800
2018-05-14,65.20282745361328,65.25245336214758,65.19455436535178,65.21936731961893,1519500
2018-05-15,64.89675903320312,65.02083006294015,64.82232020166974,65.02083006294015,1602600
2018-05-16,64.84716033935547,64.95468524461059,64.83888725109973,64.921599202105,2201300
2018-05-17,64.78923797607422,64.86367681197706,64.76442503077328,64.84713695194812,2036000
2018-05-18,64.96294403076172,64.96294403076172,64.86368592509744,64.86368592509744,1539700
2018-05-21,64.96294403076172,64.97948389311445,64.88849887388452,64.91331813318756,1254900
2018-05-22,64.97948455810547,65.01257059366549,64.92985866002344,64.99603073114349,2225800
2018-05-23,65.17801666259766,65.18628344061617,65.06221866516273,65.07048544318124,1177200
2018-05-24,65.31035614013672,65.35998205154414,65.2524571399888,65.2524571399888,1209400
2018-05-25,65.4509506225586,65.467496795875,65.38478486084142,65.39305163698349,1039500
2018-05-29,65.90587615966797,65.98858809523949,65.55848224395787,65.5750221068657,2414400
2018-05-30,65.70736694335938,65.79835196659997,65.60810883331976,65.66600781988048,3549700
2018-05-31,65.68257904052734,65.7818308778989,65.60813385198004,65.69084581996255,4272100
2018-06-01,65.72325897216797,65.75649946593529,65.60692041397029,65.67340140150495,3442400
2018-06-04,65.5820083618164,65.69834694969775,65.57370299123741,65.69834694969775,2272100
2018-06-05,65.64015197753906,65.69001588139413,65.58198270635403,65.64846368484409,2760500
2018-06-06,65.45733642578125,65.52381740830248,65.39086178323547,65.52381740830248,2624600
2018-06-07,65.62356567382812,65.73990427074942,65.4324343560414,65.44074606724378,3290700
2018-06-08,65.54049682617188,65.60697152551816,65.52387339634966,65.57373734583545,1977000
2018-06-11,65.48230743408203,65.50723623119482,65.43244349987752,65.46568400935422,1725200
2018-06-12,65.47395324707031,65.49888202801117,65.40747227124484,65.40747227124484,1850400
2018-06-13,65.43241119384766,65.53213267304216,65.29945556156412,65.47396339517265,1542800
2018-06-14,65.57369232177734,65.58199769100499,65.49889961889309,65.54875719416492,3920100
2018-06-15,65.5820083618164,65.73158745194635,65.5820083618164,65.69004157911876,1827800
2018-06-18,65.5820083618164,65.61524886406501,65.53215077843227,65.61524886406501,3510300
2018-06-19,65.69007110595703,65.73161699745897,65.65683058876725,65.68175939166449,2767100
2018-06-20,65.54049682617188,65.69007599466752,65.53218511126076,65.69007599466752,2102200
2018-06-21,65.57369232177734,65.6484786846851,65.54875719416492,65.59030940020912,2695400
2018-06-22,65.61524963378906,65.63187305509715,65.55708033916602,65.58200913115051,1509900
2018-06-25,65.60694122314453,65.69835102500402,65.59863585205035,65.64849343852718,4554800
2018-06-26,65.71495056152344,65.71495056152344,65.6401578690154,65.64846957706644,1670800
2018-06-27,65.87286376953125,65.88948719289989,65.7980773843076,65.7980773843076,1762700
2018-06-28,65.82298278808594,65.87284036051732,65.79805400187024,65.84791157430162,1266500
2018-06-29,65.80635833740234,65.89776810326873,65.79804662960301,65.84790419644816,1419000
2018-07-02,65.76555633544922,65.85717552770973,65.73223968785442,65.82385888011493,1800600
2018-07-03,65.8988265991211,65.90715099560822,65.76556000131343,65.76556000131343,1121900
2018-07-05,65.99044799804688,65.99877239481171,65.88216729509043,65.90715319438765,1991900
2018-07-06,66.06541442871094,66.08206957894352,66.00711187114365,66.06541442871094,1331800
2018-07-09,66.00708770751953,66.02374285165506,65.96544031543093,65.98210181406631,1556600
2018-07-10,65.9654541015625,66.007101502355,65.93214380632993,65.95712970500496,1661500
2018-07-11,65.99879455566406,66.00712530972753,65.9321675866668,65.99047015610408,3750100
2018-07-12,66.04877471923828,66.06542987336447,65.96547988509633,65.97381063941125,1807800
2018-07-13,66.10707092285156,66.115395321861,66.06542350979217,66.07375426330465,4071900
2018-07-16,66.01542663574219,66.06539842883981,65.92380744539611,66.02375103159136,1688000
2018-07-17,65.99044799804688,66.04875054790752,65.98211724678067,65.99044799804688,2432200
2018-07-18,65.95713806152344,66.03209576704536,65.94880730940922,65.9987791130905,2182900
2018-07-19,66.08206176757812,66.10705402172601,65.89882971867037,65.94880151796326,1990100
2018-07-20,65.9321517944336,66.04042615331056,65.89883514066331,66.04042615331056,1607800
2018-07-23,65.72390747070312,65.9071394789188,65.690590827073,65.89048433435373,1427200
2018-07-24,65.82384490966797,65.84050640717953,65.7155705938406,65.76554237737639,1811100
2018-07-25,65.82384490966797,65.89880893947111,65.76554237737639,65.84050640717953,2075200
2018-07-26,65.82384490966797,65.82384490966797,65.82384490966797,65.82384490966797,0
2018-07-27,65.80720520019531,65.87383214236903,65.79887444948575,65.84052184853263,1376600
2018-07-30,65.73224639892578,65.79887970091845,65.73224639892578,65.74890790167466,2115400
2018-07-31,65.7822265625,65.86551501528481,65.73224840722781,65.81553686001263,3328200
2018-08-01,65.74636840820312,65.77141362465326,65.66288223017362,65.74636840820312,3168600
2018-08-02,65.77969360351562,65.79638827338137,65.7212527046151,65.78804412323863,2817700
2018-08-03,65.92163848876953,65.9466836851581,65.83815237761358,65.87154809599237,2711600
2018-08-06,65.98007202148438,66.055213971825,65.96337734895383,66.01346773612673,2083800
2018-08-07,65.86319732666016,65.9383392851257,65.84650265232446,65.92998876316688,1886900
2018-08-08,65.84652709960938,65.87992283026179,65.8214755244318,65.86322178014342,2101300
2018-08-09,65.9717025756836,65.9717025756836,65.88821649781727,65.90491753513821,2603800
2018-08-10,66.10533142089844,66.16377235305153,65.97174850764343,65.97174850764343,2414900
2018-08-13,66.11367797851562,66.13037265687886,66.03853600192227,66.09697693056887,3315700
2018-08-14,66.07193756103516,66.16377422409906,66.0635870363246,66.1303784948409,2692700
2018-08-15,66.14706420898438,66.20550512924142,66.12201264066057,66.13036316343518,3051300
2018-08-16,66.18046569824219,66.20551727116039,66.11368061254494,66.18046569824219,2226900
2018-08-17,66.25558471679688,66.29733095427619,66.20549432748695,66.23053952214191,1018100
2018-08-20,66.339111328125,66.3892017480196,66.31406611817769,66.31406611817769,2473200
2018-08-21,66.30569458007812,66.31404510394285,66.25560417605665,66.28899990193212,1883300
2018-08-22,66.34741973876953,66.38915960565768,66.29732935067118,66.38915960565768,2025500
2018-08-23,66.34741973876953,66.38081545402889,66.32237454472036,66.38081545402889,1447500
2018-08-24,66.38082122802734,66.38916538038194,66.24723835537047,66.28063407353469,1845300
2018-08-27,66.29736328125,66.33910316950038,66.28901275576607,66.32240848811715,2340800
2018-08-28,66.1971435546875,66.24723394380722,66.17209836012763,66.23888342242675,2375800
2018-08-29,66.1554183959961,66.21385932511689,66.11367851495757,66.21385932511689,1560100
2018-08-30,66.20553588867188,66.25562630942657,66.17214015164022,66.22223057239492,1157400
2018-08-31,66.22221374511719,66.31405040622184,66.21386322058478,66.30569988168943,2888300
2018-09-04,66.12010192871094,66.17031132729888,66.08662686808064,66.11173156737462,2400700
2018-09-05,66.13682556152344,66.16193025675388,66.0782458110811,66.14519592150491,2558000
2018-09-06,66.23724365234375,66.26234834489274,66.15355921560933,66.18702788253249,2133300
2018-09-07,66.02803802490234,66.086617776768,65.9945629688771,66.086617776768,2481100
2018-09-10,66.06990051269531,66.08664123900832,66.01132074003253,66.03643182950204,1464300
2018-09-11,65.92759704589844,66.01128147353506,65.9024923560787,65.9610720938956,1496800
2018-09-12,65.97784423828125,66.04479437264555,65.96948026002288,66.019689668438,1088400
2018-09-13,66.01969146728516,66.09501196667632,66.00295712559623,66.06990087706833,1723800
2018-09-14,65.91093444824219,65.95277351523966,65.8858297310998,65.91093444824219,3196000
2018-09-17,65.90251159667969,65.94435701507129,65.84393184176011,65.86066617828808,2375200
2018-09-18,65.75189208984375,65.86068126398037,65.72678738694421,65.86068126398037,2504000
2018-09-19,65.65145874023438,65.74351356257759,65.60124934067083,65.71840886279581,1968700
2018-09-20,65.73514556884766,65.76861424336808,65.63472039114227,65.64309075212974,2297700
2018-09-21,65.77696228027344,65.77696228027344,65.70164821109131,65.70164821109131,1750600
2018-09-24,65.69329833984375,65.76024845647062,65.6681936422873,65.68492797908675,2915800
2018-09-25,65.6430892944336,65.6598236313222,65.59287351433865,65.6430892944336,1698200
2018-09-26,65.81047058105469,65.85231600821912,65.68494068427717,65.6933110466532,1831100
2018-09-27,65.86068725585938,65.86068725585938,65.79374350360882,65.82721857209233,1374700
2018-09-28,65.86068725585938,65.93600775612639,65.82721857209233,65.91090305094288,2577700
2018-10-01,65.73737335205078,65.82964272729907,65.72898348168384,65.77930990469346,2853300
2018-10-02,65.85478973388672,65.88834280750204,65.8044569236665,65.8044569236665,2597600
2018-10-03,65.51930236816406,65.76255748944186,65.44380631003051,65.76255748944186,2300300
2018-10-04,65.35153198242188,65.43541149946131,65.31797889568672,65.40185841272616,3221400
2018-10-05,65.23409271240234,65.32636210064764,65.14182972375396,65.28442554209781,2299100
2018-10-08,65.20892333984375,65.25925616478642,65.19214999792706,65.25086629402993,1885400
2018-10-09,65.33475494384766,65.33475494384766,65.2089324632815,65.2089324632815,4273200
2018-10-10,65.28443145751953,65.30959467484885,65.17538231629582,65.2340986232634,2813100
2018-10-11,65.46894073486328,65.5360404842912,65.3431183053447,65.35150817387117,3245600
2018-10-12,65.45218658447266,65.54445597555005,65.43541324045727,65.44379671266641,2365700
2018-10-15,65.43544006347656,65.51931961713127,65.42705018823116,65.51931961713127,2077800
2018-10-16,65.48575592041016,65.51091914247529,65.40187638032683,65.42703960239196,2367000
2018-10-17,65.36825561523438,65.51085132572099,65.35148228442092,65.46891479889132,1877300
2018-10-18,65.32635498046875,65.42701422929153,65.26763868522119,65.32635498046875,1681500
2018-10-19,65.29283905029297,65.351561778551,65.25090247245133,65.33478202773446,1716700
2018-10-22,65.26760864257812,65.36826784506752,65.25922517539895,65.32632491079862,1520000
2018-10-23,65.35987854003906,65.50247427842966,65.3431052059433,65.44375800970451,1934300
2018-10-24,65.53602600097656,65.55280573432121,65.46892626637752,65.48569960012898,1615500
2018-10-25,65.46057891845703,65.52768509623688,65.42702582956711,65.47735226310331,1981000
2018-10-26,65.57798767089844,65.67864690094592,65.56121433235471,65.61154074758093,2224400
2018-10-29,65.51930236816406,65.58640855326098,65.4689759291404,65.55285546071252,1900700
2018-10-30,65.42704010009766,65.51091964081905,65.4186502261459,65.44381344840244,2546300
2018-10-31,65.29283905029297,65.41866158301761,65.29283905029297,65.34317190314273,6206300
2018-11-01,65.41390991210938,65.43913600059508,65.28777305409369,65.29618388878463,3784100
2018-11-02,65.17002868652344,65.34661767180378,65.13639177281499,65.3298024227422,2024600
2018-11-05,65.22051239013672,65.26256015650303,65.1952862965523,65.22892322652766,1858900
2018-11-06,65.2120590209961,65.24568951013993,65.18682653076284,65.22887426556801,2024700
2018-11-07,65.27096557617188,65.39709603362665,65.25414390478599,65.3382330149518,2673700
2018-11-08,65.16161346435547,65.29616111012496,65.16161346435547,65.27093503043939,2233100
2018-11-09,65.32137298583984,65.35500988996796,65.2288731033834,65.2288731033834,1697200
2018-11-12,65.42231750488281,65.43072192357018,65.37185891482468,65.40549583633451,1067200
2018-11-13,65.38866424560547,65.39706866219294,65.3045751706345,65.34661650032739,2735900
2018-11-14,65.43913269042969,65.50640653338003,65.30459142011578,65.34663276026966,2905100
2018-11-15,65.44755554199219,65.49800772567545,65.33823392322786,65.48119246964367,2557800
2018-11-16,65.5904769897461,65.60729223791172,65.46434017395651,65.54002482966423,1811300
2018-11-19,65.5904769897461,65.61570306978702,65.54002482966423,65.54002482966423,2495900
2018-11-20,65.54844665527344,65.61572049697345,65.5232205685326,65.57367915760094,1891300
2018-11-21,65.61569213867188,65.61569213867188,65.53160308068246,65.58205523235934,3871300
2018-11-23,65.60728454589844,65.69138002362183,65.59046929970428,65.66614753095429,644500
2018-11-26,65.55683898925781,65.59047590061549,65.52320207790014,65.5400237413714,1520500
2018-11-27,65.5988540649414,65.63249095954833,65.5483955152402,65.5483955152402,2563100
2018-11-28,65.63253784179688,65.67457917840001,65.53162708589413,65.59890092316263,2217500
2018-11-29,65.68295288085938,65.73340502249663,65.6240899104217,65.69136370965978,2395900
2018-11-30,65.70820617675781,65.70820617675781,65.63252793294593,65.67456926320189,2181200
2018-12-03,65.81107330322266,65.81107330322266,65.70991396438868,65.743633744,2187500
2018-12-04,65.9712142944336,66.07236716146882,65.87848654539279,65.87848654539279,3204700
2018-12-06,66.08927154541016,66.22414426283976,66.05555175820481,66.08083999076088,4447800
2018-12-07,66.22412109375,66.24940931745876,66.07238532010793,66.08924842350679,3806000
2018-12-10,66.29154968261719,66.3421261216714,66.19882192342548,66.24097324356298,2712100
2018-12-11,66.2999496459961,66.36738915353085,66.24094168474954,66.3083811922843,4157200
2018-12-12,66.23255157470703,66.29999112443315,66.2241200231439,66.27470290113321,2662400
2018-12-13,66.28311157226562,66.3252628882314,66.24939180577057,66.24939180577057,2587600
2018-12-14,66.3421401977539,66.38429152683482,66.308426852157,66.3337150770496,3490600
2018-12-17,66.46857452392578,66.47700607434174,66.35899009407251,66.36742164448847,2924300
2018-12-18,66.56974029541016,66.59502851772372,66.46014942353241,66.46014942353241,3210700
2018-12-19,66.68775177001953,66.81419930441163,66.59502400689124,66.66246354941886,3117500
2018-12-20,66.59500885009766,66.77203278540107,66.5697206352525,66.75517611930006,3451000
2018-12-21,66.59500885009766,66.64558527978798,66.54443242040735,66.62029706494282,4516100
2018-12-24,66.6102523803711,66.76236942937801,66.53419707964268,66.6947604192527,6031000
2018-12-26,66.46656036376953,66.67783359668199,66.46656036376953,66.65248184034009,5912400
2018-12-27,66.6102523803711,66.75391669122483,66.60179964221791,66.71166589555907,2751800
2018-12-28,66.77080535888672,66.77925164736358,66.61023561214787,66.64404010870071,3495100
2018-12-31,66.93981170654297,66.9736161982036,66.70318671246608,66.72008573452263,5651100
2019-01-02,67.07503509521484,67.08348138315212,66.97362161203516,66.99897337094306,4142500
2019-01-03,67.3370132446289,67.39616949914002,67.07503646715801,67.09193549092625,4908400
2019-01-04,67.13418579101562,67.16799028261045,67.04967133825481,67.15953754782487,4583600
2019-01-07,67.03282928466797,67.1933991443182,67.0074775063133,67.15959462399432,4121700
2019-01-08,66.94825744628906,67.0327654428371,66.93135197845135,66.9736092004988,1745400
2019-01-09,67.041259765625,67.06661153556163,66.95675171665262,66.96519800826425,1989600
2019-01-10,66.90601348876953,67.05813049173287,66.88066172953366,66.9905215020718,2579900
2019-01-11,67.041259765625,67.10041604466076,67.01590799568837,67.04970605723665,3097100
2019-01-14,66.98207092285156,67.07503166579302,66.97361818779841,67.05812619568673,2395700
2019-01-15,66.99051666259766,67.10038287474705,66.94826588277283,67.0665783823586,1742900
2019-01-16,67.0158920288086,67.03279105555644,66.92293126282209,66.95673576386712,1697700
2019-01-17,66.93981170654297,67.0243197119208,66.91445994968439,67.01587342466628,2394700
2019-01-18,66.88909149169922,67.00740395919695,66.8806387590077,66.93979499275656,3722400
2019-01-22,67.0074234008789,67.10038414481981,66.99897066573489,67.01587613602292,3917700
2019-01-23,67.07503509521484,67.12573861303066,66.97362161203516,66.97362161203516,2536100
2019-01-24,67.21868896484375,67.26093974063984,67.17643174150061,67.20178349648768,2700300
2019-01-25,67.14262390136719,67.19333385635753,67.10882586143593,67.15107663512337,2073100
2019-01-28,67.1679916381836,67.2102424178692,67.14263343331507,67.15108616827123,2938200
2019-01-29,67.30321502685547,67.30321502685547,67.21870700503592,67.21870700503592,1772300
2019-01-30,67.37080383300781,67.39615558720114,67.19333510610764,67.25249134840769,2961400
2019-01-31,67.68348693847656,67.68348693847656,67.55672816212801,67.59053265167,3698100
2019-02-01,67.49542999267578,67.68181228628124,67.43612712321296,67.59709482469549,3335000
2019-02-04,67.43614959716797,67.4446232852089,67.3768467079417,67.4446232852089,4078600
2019-02-05,67.58015441894531,67.60557547721609,67.51238432080926,67.52085154337084,2400300
2019-02-06,67.55470275878906,67.6140056018257,67.51234727863441,67.59706470246886,2724700
2019-02-07,67.60552215576172,67.63940394634236,67.56316022225056,67.59704847635477,2474700
2019-02-08,67.70723724365234,67.75807289920859,67.63946067859668,67.6648817381393,1538700
2019-02-11,67.6817855834961,67.70720016559208,67.61400905555645,67.64789731952627,2600900
2019-02-12,67.67334747314453,67.68182115947242,67.614044595907,67.64793287768971,1541200
2019-02-13,67.57166290283203,67.61401839099823,67.52930095113949,67.6055511714808,1631600
2019-02-14,67.69026184082031,67.7665055900092,67.6478998933649,67.74109100694623,1895800
2019-02-15,67.71570587158203,67.71570587158203,67.66487668335188,67.68181759158576,1917900
2019-02-19,67.77501678466797,67.80043138179754,67.71571390352256,67.77501678466797,3792100
2019-02-20,67.74959564208984,67.78348392283166,67.7072336752804,67.75806932815746,1768400
2019-02-21,67.614013671875,67.63096103677971,67.58012540559147,67.63096103677971,3411400
2019-02-22,67.76652526855469,67.84277550341139,67.66486690678252,67.70722240301174,1936600
2019-02-25,67.74112701416016,67.76654161073203,67.69877150771674,67.74112701416016,2244600
2019-02-26,67.83429718017578,67.87665913703582,67.79193522331575,67.82582349609835,1405200
2019-02-27,67.69876098632812,67.791945671433,67.64792533755585,67.791945671433,1323000
2019-02-28,67.62252044677734,67.69877069911136,67.55474388104246,67.69877069911136,4028500
2019-03-01,67.41366577148438,67.57500550166704,67.41366577148438,67.54953217131535,3035000
2019-03-04,67.53253936767578,67.57499923330094,67.48159271169833,67.53253936767578,2531300
2019-03-05,67.58344268798828,67.60042921473266,67.48154944136905,67.49004270474124,1924500
2019-03-06,67.66832733154297,67.72776718745156,67.61737425615101,67.64285403307619,1629000
2019-03-07,67.86365509033203,67.89762166186406,67.75326859169876,67.79572194726796,2322200
2019-03-08,67.9485855102539,67.97406530420989,67.82970571897695,67.89763887926742,4388500
2019-03-11,67.91461944580078,67.95707280840796,67.90612618189448,67.95707280840796,1891100
2019-03-12,68.0759506225586,68.09293714988047,67.94857758149251,67.97405737247531,1958500
2019-03-13,68.0419921875,68.06747198153143,68.01651887193134,68.05048545217714,1318600
2019-03-14,67.98255157470703,68.05048473448218,67.94009820869458,68.05048473448218,4058400
2019-03-15,68.10989379882812,68.15235362408326,68.05045393054678,68.09291375580192,1639300
2019-03-18,68.06745147705078,68.10141156860377,68.00800512068103,68.07593826070863,5344200
2019-03-19,68.03348541259766,68.08443202876653,67.98253231796792,67.99951884233145,2702400
2019-03-20,68.33070373535156,68.34768378595855,68.07595762700814,68.09294415607778,2528700
2019-03-21,68.34767150878906,68.39013134537353,68.33918472424136,68.36465803480745,1980500
2019-03-22,68.72124481201172,68.7637046161417,68.56839858698297,68.62783842569101,2734000
2019-03-25,68.80622100830078,68.9335940589819,68.67884795761967,68.73828785080919,2034000
2019-03-26,68.82318878173828,68.88262865872971,68.73826911878422,68.76374890474686,3527200
2019-03-27,68.95055389404297,69.04396033859318,68.91659380371614,68.93357384887956,2121900
2019-03-28,68.98455047607422,69.01002379413235,68.89114399088547,68.95907715801609,1818300
2019-03-29,68.9335708618164,68.95055090624403,68.84016442131373,68.84865768275769,1937000
2019-04-01,68.66120147705078,68.83144732548362,68.62715100847164,68.83144732548362,4106700
2019-04-02,68.69522094726562,68.76332186013198,68.66117698529295,68.69522094726562,6305600
2019-04-03,68.60163116455078,68.6356816444856,68.55907293548098,68.59312341541582,2177300
2019-04-04,68.66971588134766,68.67823012293366,68.59310719046398,68.62715766234454,1586000
2019-04-05,68.72077178955078,68.72927953382009,68.61010616943697,68.61862040816756,2131700
2019-04-08,68.65269470214844,68.72930339393542,68.61864422986638,68.72930339393542,3794200
2019-04-09,68.75482177734375,68.79738648026338,68.71226356888596,68.76333601682005,1919100
2019-04-10,68.84842681884766,68.86545528985855,68.7803324181805,68.78884015922715,3414300
2019-04-11,68.72932434082031,68.79742530613981,68.70378810244188,68.7889110618585,2641800
2019-04-12,68.60163116455078,68.68676061162034,68.59312341541582,68.66973212442043,1821800
2019-04-15,68.61863708496094,68.6356590720978,68.58458661622437,68.59310085702423,1671300
2019-04-16,68.49945068359375,68.56755160813454,68.48242220522775,68.55052312976852,2002000
2019-04-17,68.49945068359375,68.58457359203892,68.49093644441075,68.49945068359375,1797500
2019-04-18,68.59310150146484,68.64417395781808,68.55053679152853,68.61012348876162,1604600
2019-04-22,68.5250015258789,68.59310246494842,68.49095105634414,68.59310246494842,1840100
2019-04-23,68.6441650390625,68.65267927883612,68.58457834957134,68.61011457443011,2643500
2019-04-24,68.82294464111328,68.83145888330344,68.74633594479361,68.78038641909033,1370500
2019-04-25,68.80591583251953,68.84847405032497,68.75483687890444,68.82293782074905,1238100
2019-04-26,68.95913696289062,68.99318743245922,68.93360073432994,68.95913696289062,1622500
2019-04-29,68.81441497802734,68.88251591135976,68.7803710058236,68.86549392525788,1737800
2019-04-30,68.91654968261719,68.91654968261719,68.78035434340887,68.78035434340887,2376200
2019-05-01,68.92081451416016,69.13413882200534,68.86961876352251,68.92934930931351,2035300
2019-05-02,68.76725006103516,68.88671771367608,68.71605428857762,68.86964811609423,2061100
2019-05-03,68.89523315429688,68.93790063015058,68.84403739138665,68.87817007004107,1877500
2019-05-06,68.98057556152344,69.04031264387,68.96351247381307,68.99764515937791,2261500
2019-05-07,69.08296966552734,69.11710234913923,69.04030869362029,69.07443486708844,3223200
2019-05-08,69.03175354003906,69.16827772408648,69.03175354003906,69.13414505053917,4750500
2019-05-09,69.10003662109375,69.1768302736773,68.99763857417221,69.15976718759545,1926100
2019-05-10,69.09152221679688,69.17685069267958,69.07445261553309,69.10858530791525,4679900
2019-05-13,69.23654174804688,69.28773750231856,69.20240907515185,69.21947866667021,3427000
2019-05-14,69.27923583984375,69.28776412873854,69.23656835479296,69.25363795287096,4478100
2019-05-15,69.38160705566406,69.42427452821127,69.30481341724983,69.40720493513547,1940900
2019-05-16,69.27923583984375,69.32189681475033,69.26216624176575,69.32189681475033,1862700
2019-05-17,69.29625701904297,69.38158542739573,69.25359606993672,69.37305714365864,1615200
2019-05-20,69.2109603881836,69.33042151675485,69.2109603881836,69.29628883571402,2188000
2019-05-21,69.17684173583984,69.21950922332942,69.15977864693075,69.2109744238026,1747000
2019-05-22,69.30479431152344,69.34745526216771,69.21946590009438,69.21946590009438,4000500
2019-05-23,69.55227661132812,69.61200717211238,69.38161321612822,69.38161321612822,5334000
2019-05-24,69.55227661132812,69.56933969577669,69.50960913499243,69.55227661132812,1770100
2019-05-28,69.69732666015625,69.70586145635544,69.61199822859044,69.66319398550152,1910600
2019-05-29,69.68026733398438,69.85092420631517,69.68026733398438,69.75706097349052,3142700
2019-05-30,69.86796569824219,69.89357008030744,69.6887740846276,69.74850462249913,2253600
2019-05-31,70.1751480102539,70.1751480102539,69.96182374641303,70.00449120323717,5898700
2019-06-03,70.37444305419922,70.40865601231368,70.16917183096692,70.25470096352583,3787000
2019-06-04,70.25472259521484,70.31459365898606,70.16063856279486,70.2718323422675,2906700
2019-06-05,70.25472259521484,70.37446472275727,70.19485153144363,70.28893556386362,7341700
2019-06-06,70.23760986328125,70.35735197461031,70.194842026897,70.28037117420982,2995300
2019-06-07,70.42576599121094,70.51985000369643,70.37444981183891,70.44287573463839,2490100
2019-06-10,70.28038024902344,70.35736105936392,70.25472215406211,70.35736105936392,2417400
2019-06-11,70.22909545898438,70.2889665491484,70.20343735255115,70.23765033628193,3362100
2019-06-12,70.34880828857422,70.34880828857422,70.24616938020459,70.2632791276612,1904400
2019-06-13,70.46851348876953,70.50272644029621,70.38298437267946,70.39153924192445,1946300
2019-06-14,70.47711181640625,70.49421503998934,70.39158264757621,70.4001309966391,2260700
2019-06-17,70.47711181640625,70.50276991450953,70.39158264757621,70.39158264757621,2792600
2019-06-18,70.63960266113281,70.7507964336608,70.5882864740929,70.69948024662088,3342000
2019-06-19,70.87908935546875,70.87908935546875,70.51985649045508,70.54552110795701,2496900
2019-06-20,70.99024200439453,71.10142919090114,70.97313879318297,71.0073452156061,2171600
2019-06-21,70.79354095458984,70.87907661330775,70.74222477972278,70.86196687138232,2398100
2019-06-24,70.9218521118164,70.9646199497351,70.86198105400378,70.88763914657264,2803800
2019-06-25,70.94751739501953,71.03305307952607,70.89620120468085,70.98173036373083,2699800
2019-06-26,70.78501892089844,70.93897402818156,70.77646404675576,70.93041915403889,2195800
2019-06-27,70.99024200439453,71.01590008393816,70.84484187001223,70.8961580290995,2021400
2019-06-28,71.0501480102539,71.06725122988549,70.94750911609701,70.95606398864071,2554600
2019-07-01,71.04499816894531,71.11357772393642,70.94211902536352,71.07929121680591,2354400
2019-07-02,71.18216705322266,71.20788520510386,71.03642649874219,71.08786280250462,3127100
2019-07-03,71.31076049804688,71.3450535456113,71.22503114950086,71.25074929999167,1720800
2019-07-05,70.97640991210938,71.02784621196908,70.83066936868697,71.0107029589258,2356800
2019-07-08,70.96784973144531,71.08787214982628,70.95070647484714,71.05357909589868,1761500
2019-07-09,70.87356567382812,70.97644486494097,70.8649973134519,70.97644486494097,1839400
2019-07-10,70.9335708618164,70.99358208300708,70.88213454100513,70.95928902222205,2097200
2019-07-11,70.70207977294922,70.95926784096787,70.6677867224006,70.90783153551025,3024100
2019-07-12,70.76210021972656,70.78781837581488,70.6763708525217,70.70208900861002,2265000
2019-07-15,70.86498260498047,70.86498260498047,70.75352853589126,70.75352853589126,2245900
2019-07-16,70.77063751220703,70.79635565462911,70.69347654421283,70.74491282905697,2294100
2019-07-17,70.9850082397461,70.99357659873102,70.84783600720253,70.87355416562144,2062300
2019-07-18,71.11361694335938,71.13934164898966,70.9250148872065,70.95930141324615,3323200
2019-07-19,71.03642272949219,71.08785903052537,70.99355478481118,71.02784783240998,2167300
2019-07-22,71.11361694335938,71.18220307690608,71.08789877846279,71.17362817502931,1725500
2019-07-23,71.05358123779297,71.11359244879247,71.00214492571666,71.07930593456257,1799600
2019-07-24,71.12213897705078,71.18215016411179,71.09642083127162,71.11356408154812,2535800
2019-07-25,71.04499816894531,71.11357772393642,70.92497577179827,71.09643447037116,2199000
2019-07-26,71.04499816894531,71.0878595732235,71.01070512108471,71.0878595732235,2413500
2019-07-29,71.087890625,71.13075858873334,71.05359756215991,71.12218368784009,1771900
2019-07-30,71.0707015991211,71.11356299452159,71.01925876762026,71.10499463987873,1968800
2019-07-31,71.15642547607422,71.28502273387542,70.96781703672956,71.08783939981647,2628700
2019-08-01,71.66604614257812,71.7004191330515,71.27076658610076,71.2965446899614,3278400
2019-08-02,71.73478698730469,71.76915341933983,71.64026290926526,71.70041399929244,5392400
2019-08-05,72.04409790039062,72.09566063687426,71.92379577521903,71.97535851170265,4284300
2019-08-06,72.22459411621094,72.24177733306661,72.03554595091141,72.06991894060018,4939700
2019-08-07,72.22459411621094,72.6112787772491,72.20740434337783,72.56831090114378,5516400
2019-08-08,72.28474426269531,72.32770558226068,72.00117201845904,72.09569609987113,3244200
2019-08-09,72.15583038330078,72.38783981164359,72.13864061469712,72.31910040515642,2832800
2019-08-12,72.4737777709961,72.53393541242455,72.33629238538188,72.37926025612317,3008000
2019-08-13,72.362060546875,72.53392545025878,72.29331458552149,72.50814079776941,3299800
2019-08-14,72.61982727050781,72.67997832504132,72.56826454092678,72.637010476386,3395400
2019-08-15,72.97215270996094,73.05808186777617,72.69717547136753,72.75732653743563,4358100
2019-08-16,72.89480590820312,72.92058399552045,72.68856809771788,72.84324317759513,3913600
2019-08-19,72.66282653808594,72.73157250947304,72.61127033753395,72.6456433232275,3640100
2019-08-20,72.85185241699219,72.85185241699219,72.76592325700766,72.81747944180344,2568100
2019-08-21,72.81747436523438,72.94637137421228,72.74014009343216,72.78310139244199,2532300
2019-08-22,72.6800308227539,72.84329434243031,72.64565783019624,72.74018192073532,3232600
2019-08-23,72.94638061523438,73.02372145280852,72.6284354936074,72.65422014344881,3100100
2019-08-26,72.90340423583984,73.03230124608474,72.8518480541316,72.98074506437649,2358800
2019-08-27,73.15264892578125,73.16124381340937,72.98938539671711,73.01516350362311,2450800
2019-08-28,73.17839813232422,73.29870027691577,73.16120836539675,73.29010539345202,3352400
2019-08-29,73.13545989990234,73.14405478684807,72.99796793268204,73.14405478684807,2812400
2019-08-30,73.1268310546875,73.18698212341927,73.04090189306709,73.06667998595573,2861800
2019-09-03,73.19400787353516,73.35763936596761,73.06482546216692,73.18540053113689,3345800
2019-09-04,73.3318099975586,73.34042391112851,73.1595645786147,73.17679240575455,2864100
2019-09-05,72.95286560058594,73.11649708118448,72.84091102309162,73.07343409034594,3162800
2019-09-06,73.03900909423828,73.0734581841697,72.96150356976163,72.99595265969306,2764600
2019-09-09,72.70313262939453,72.81509380497606,72.68591137110819,72.74619563084767,2618400
2019-09-10,72.33281707763672,72.66868748160537,72.30698190356097,72.6514662223855,2425900
2019-09-11,72.2897720336914,72.3758914843428,72.26393685554528,72.27254420126538,2030200
2019-09-12,72.15192413330078,72.49640826040668,72.10886772396768,72.47057310070917,3025200
2019-09-13,71.73859405517578,72.0572366547183,71.72998013963634,72.01418021800593,3111300
2019-09-16,71.92804718017578,71.99694535677885,71.83332040046126,71.93666109487411,2971000
2019-09-17,72.09172058105469,72.15200487797523,71.91948160999473,71.97976590691528,2974900
2019-09-18,72.14331817626953,72.37584778015741,72.10026176218993,72.2466653969407,2557800
2019-09-19,72.24667358398438,72.35002081636692,72.22083841851116,72.33279299239165,2631100
2019-09-20,72.50505828857422,72.51366563243562,72.2983637670537,72.33281285397378,2436700
2019-09-23,72.55671691894531,72.73756966820727,72.5481030059832,72.5997799132655,2365800
2019-09-24,72.80648040771484,72.8237016661235,72.61701371276176,72.64284888562054,3043500
2019-09-25,72.46196746826172,72.72893957628415,72.41029714296421,72.72033223572721,3009500
2019-09-26,72.58256530761719,72.66007739741356,72.54811621998454,72.60840048071877,2909900
2019-09-27,72.66009521484375,72.69454431092389,72.5739691893968,72.5739691893968,2778400
2019-09-30,72.71173095703125,72.74618003671081,72.53949212912352,72.56532729626066,5258400
2019-10-01,72.78253936767578,72.94651784016058,72.51498376102296,72.54088133690871,5383100
2019-10-02,72.94648742675781,73.01553443095723,72.86018196385092,72.92922896805034,3741400
2019-10-03,73.18814849853516,73.3003449365677,73.02416351744692,73.03279603873695,3149600
2019-10-04,73.3089599609375,73.3434834531733,73.2053894842301,73.23991297646589,3309600
2019-10-07,73.11910247802734,73.2571898970971,73.11046995662157,73.18814947990448,4701400
2019-10-08,73.15363311767578,73.29172055022083,73.10184456887187,73.28309461265782,3876100
2019-10-09,73.06732177734375,73.17088569725854,73.00690071114727,73.17088569725854,3187900
2019-10-10,72.84294891357422,73.00692737488941,72.79979287472509,72.98966891016198,3683300
2019-10-11,72.57536315917969,72.64441015876407,72.46316672336829,72.62715170121012,3411200
2019-10-14,72.69618225097656,72.71344070462523,72.64439372066492,72.70480818545948,1600400
2019-10-15,72.50634765625,72.69622367800314,72.47182414459611,72.65306764226413,2408500
2019-10-16,72.5840072631836,72.6271632909817,72.51496025258075,72.54085782007083,2549900
2019-10-17,72.5840072631836,72.67894525659116,72.51496025258075,72.56674880287555,2420600
2019-10-18,72.61854553222656,72.7048510206838,72.60991300797482,72.61854553222656,2467600
2019-10-21,72.44591522216797,72.57537012796375,72.44591522216797,72.5408532095415,2328000
2019-10-22,72.57536315917969,72.618519180091,72.47179924448741,72.59262820141794,4545600
2019-10-23,72.60990905761719,72.71347958894312,72.60128311852144,72.68758860228321,4250400
2019-10-24,72.61854553222656,72.73074200875232,72.60128706840979,72.6530690445468,2353700
2019-10-25,72.49771118164062,72.66169620688916,72.45455514825326,72.66169620688916,2157500
2019-10-28,72.34236145019531,72.36825243734468,72.29057947589656,72.35961991339941,2861600
2019-10-29,72.35960388183594,72.4372834107603,72.34234542245552,72.4372834107603,2729800
2019-10-30,72.59263610839844,72.60126863045784,72.40276013120175,72.44591615681372,2831800
2019-10-31,72.93787384033203,72.94649977880404,72.75663036213213,72.79114728539186,3058400
2019-11-01,72.87297821044922,72.96812446660691,72.75188417518125,72.87297821044922,2771900
2019-11-04,72.66541290283203,72.70865701563883,72.62216219089309,72.70001215255675,2444500
2019-11-05,72.4145736694336,72.483772169244,72.32807884423664,72.47512070698467,2890600
2019-11-06,72.57025146484375,72.60485070734492,72.42320963356178,72.440505955247,3147000
2019-11-07,72.19830322265625,72.32804870595426,72.01666218569078,72.32804870595426,3767100
2019-11-08,72.12911987304688,72.30210948762404,72.12046841257879,72.18101543759387,2130600
2019-11-11,72.17239379882812,72.2502371706959,72.12049161845003,72.22428938007332,1926100
2019-11-12,72.21566009521484,72.2675622915328,72.1205137676227,72.19836376253215,3072600
2019-11-13,72.34532928466797,72.40587628381716,72.30207859993511,72.3626321982123,2690800
2019-11-14,72.55297088623047,72.62216939254205,72.5443260222911,72.5962216024584,2299700
2019-11-15,72.52703857421875,72.58758563037959,72.48379444789482,72.50109077859756,2342200
2019-11-18,72.63080596923828,72.69135300006802,72.61350304664039,72.64810229270473,3553000
2019-11-19,72.70867156982422,72.74327082647471,72.63082819171069,72.63947965565667,3712600
2019-11-20,72.90760040283203,72.91625186496923,72.7865063294394,72.83840190399852,4924100
2019-11-21,72.78648376464844,72.82108300333896,72.71728528726739,72.81243154388382,2779600
2019-11-22,72.82974243164062,72.87299313843764,72.76919540160361,72.86434167725197,3119700
2019-11-25,72.8989486694336,72.9248964566166,72.8557045571726,72.8816523443556,3444700
2019-11-26,73.02001953125,73.03732244995989,72.95947251402528,73.00272321167006,3207400
2019-11-27,72.90760040283203,72.95949597739113,72.89029747855761,72.92489672797437,2293000
2019-11-29,72.90760040283203,72.92489672797437,72.82110557885616,72.90760040283203,2535100
2019-12-02,72.71690368652344,72.71690368652344,72.60422043673105,72.66489705019694,3745800
2019-12-03,73.10697937011719,73.1849959513983,72.92494949813593,72.95962279945465,3393600
2019-12-04,72.95960235595703,73.05495225455218,72.86425245736189,73.03761891537768,3876800
2019-12-05,72.88159942626953,72.92493608500497,72.79491949554384,72.84692613132829,2850000
2019-12-06,72.78622436523438,72.89890757491155,72.69954446446329,72.73421774742222,4121700
2019-12-09,72.80357360839844,72.89025352810997,72.79491024570505,72.88159016541658,2795100
2019-12-10,72.75155639648438,72.85557625295942,72.72555308567885,72.84690627827325,2700500
2019-12-11,72.99427795410156,73.02895124680036,72.84692142007245,72.87292473628295,2581800
2019-12-12,72.64754486083984,72.95093449032817,72.56086494380907,72.94226451464895,4645900
2019-12-13,72.97694396972656,73.01161726211907,72.69089426742913,72.83825080015654,3877700
2019-12-16,72.7775650024414,72.87291489116775,72.76023166506093,72.85558155378727,2876500
2019-12-17,72.78622436523438,72.89890757491155,72.7602210563283,72.88157424005833,3282700
2019-12-18,72.69092559814453,72.80360888704737,72.6389189437674,72.80360888704737,3786100
2019-12-19,72.74290466308594,72.80358127459863,72.66489471110732,72.70823136889945,3240600
2019-12-20,72.76024627685547,72.77757961771684,72.65622639192274,72.69956966395841,3646300
2019-12-23,72.71421813964844,72.80109825782607,72.65340603373755,72.79240892040383,4192500
2019-12-24,72.78369140625,72.8010700743667,72.63600586735738,72.65337790745421,1682800
2019-12-26,72.85320281982422,72.85320281982422,72.73157863839712,72.81845210684207,2036400
2019-12-27,72.95745849609375,72.96614120374467,72.9140184457547,72.94007982474969,1940300
2019-12-30,72.9313735961914,72.9313735961914,72.74025465182281,72.76631602478128,2562000
2019-12-31,72.85320281982422,72.90532557528702,72.7750120586092,72.84451348457348,5931300
2020-01-02,72.9487533569336,73.07037751790915,72.91400264979491,72.95744269072318,5511000
2020-01-03,73.20940399169922,73.22678266646476,73.0617183963042,73.13121983932153,5368300
2020-01-06,73.12248992919922,73.24411407298398,73.07036718986825,73.2354313684413,3710400
2020-01-07,73.06169891357422,73.14857238016887,73.03563753639789,73.14857238016887,3029900
2020-01-08,72.9487533569336,73.14856163795645,72.8879412764458,73.08774955746865,3674400
2020-01-09,73.03559875488281,73.0616601182207,72.85316258350048,72.89660260774171,5886600
2020-01-10,73.15725708007812,73.18331845560324,73.06169428447255,73.113823663543,4525700
2020-01-13,73.11381530761719,73.1311873466418,73.06168593450442,73.1311873466418,3735700
2020-01-14,73.21807861328125,73.22676794891758,73.13120514098114,73.14857718423274,3492300
2020-01-15,73.33102416992188,73.33102416992188,73.24414406476988,73.32233483380239,2594300
2020-01-16,73.28753662109375,73.34834867847614,73.2440965966704,73.29622595158185,4784100
2020-01-17,73.27885437011719,73.28754370144476,73.19198094089475,73.20935297553213,3090600
2020-01-21,73.46131134033203,73.48737271366912,73.33968717941252,73.40049925987228,2910600
2020-01-22,73.52212524414062,73.52212524414062,73.46131316217273,73.48737453615614,4192100
2020-01-23,73.6524429321289,73.69588297658575,73.60032018119685,73.6524429321289,3104800
2020-01-24,73.765380859375,73.84356498202406,73.66981806856843,73.6958794427848,4548400
2020-01-27,74.0086441040039,74.01732681181255,73.93045333757756,73.99126543234418,3208600
2020-01-28,73.87832641601562,73.96519988535579,73.82620366001571,73.95651055001551,3993400
2020-01-29,74.08682250976562,74.13026255753245,73.96519832964336,73.99125970709517,4177500
2020-01-30,74.10420989990234,74.23451680249458,74.04339780268548,74.15633266093924,4795700
2020-01-31,74.29530334472656,74.34743271585427,74.17367919212727,74.19105785850958,6264000
2020-02-03,74.22826385498047,74.26308907709881,74.08025500041953,74.19343863286213,6030800
2020-02-04,74.00192260742188,74.03674783865812,73.9322721449494,74.02803987029063,4180900
2020-02-05,73.8800277709961,73.94967822418415,73.85391051160876,73.90614503038341,3537200
2020-02-06,73.94963836669922,73.96704764949655,73.87127998853815,73.9235211213886,3435700
2020-02-07,74.17601013183594,74.20213402567205,74.09765837702005,74.14989288023064,4169700
2020-02-10,74.28922271728516,74.34145724086679,74.23698155147011,74.30663201106789,2785500
2020-02-11,74.16730499267578,74.28048195788472,74.15859702851186,74.25436470762347,3799400
2020-02-12,74.08027648925781,74.11510172147808,74.04545789927141,74.08898445787135,4127500
2020-02-13,74.14990234375,74.20214349585879,74.08895986814947,74.12378508881145,2852500
2020-02-14,74.22826385498047,74.2979076569852,74.2195558888929,74.280498367042,3069000
2020-02-18,74.34146118164062,74.41111164493051,74.28051868682041,74.37628641328557,3645200
2020-02-19,74.33274841308594,74.37628161038938,74.2805138901085,74.31533911950457,3109600
2020-02-20,74.51559448242188,74.51559448242188,74.3937094702337,74.41983338047545,8404000
2020-02-21,74.69842529296875,74.81160233000074,74.63748278960773,74.6636000564432,6561500
2020-02-24,74.93346405029297,75.03793972740259,74.92475608330902,75.02052379343466,6314500
2020-02-25,74.99442291259766,75.09019064363783,74.9334804148661,74.95088971040336,7928900
2020-02-26,74.95087432861328,75.12500045942134,74.8725225514242,74.94217300374743,8015900
2020-02-27,75.0379409790039,75.20335250106233,74.97699849356496,75.09888346444285,9514600
2020-02-28,75.53419494628906,75.62996266576721,75.22077452658482,75.32524357166405,16377200
2020-03-02,75.48445892333984,75.81595624648776,75.45828948319735,75.73744127055666,10154400
2020-03-03,75.9380874633789,76.34808646616813,75.4931869984754,75.51935643955727,9323900
2020-03-04,75.9206314086914,76.24340335557714,75.89446196944455,76.12127486875625,7445600
2020-03-05,76.2085189819336,76.33064748547,76.13872936405443,76.22596305865125,5385000
2020-03-06,76.73192596435547,76.99363369737232,76.47022488684274,76.95001352336813,10176200
2020-03-09,76.566162109375,77.91830736937244,76.52254859952195,77.86596849534769,12445600
2020-03-10,75.53679656982422,76.49638706273275,75.53679656982422,76.278299524436,14177600
2020-03-11,74.10617065429688,76.10385405324934,74.03638767404328,75.70257363089075,10511600
2020-03-12,70.07592010498047,74.05383641658435,66.72609058823004,72.82382562255162,16986900
2020-03-13,73.03312683105469,73.6699384624227,71.09650919664627,71.26225778956437,14137500
2020-03-16,73.80082702636719,73.84444719941834,69.36056761652314,70.9395193795162,8411000
2020-03-17,72.27420806884766,73.90550523342156,72.2218691899908,72.88485716269241,13629700
2020-03-18,70.5295181274414,72.11719535552608,70.058448182119,71.04420824854537,10076800
2020-03-19,70.48593139648438,71.16636380205797,69.42166259576386,69.5612352314038,11007200
2020-03-20,71.68103790283203,72.01253534733895,70.38996290945506,70.3986816223587,8864500
2020-03-23,73.26873016357422,73.26873016357422,70.83487102040024,70.84359639055347,10973300
2020-03-24,73.34719848632812,73.48677104238183,72.17824588380059,72.36143860734158,9371200
2020-03-25,74.33297729492188,74.71681360331495,73.39956262674316,73.39956262674316,9655500
2020-03-26,74.67320251464844,74.75171752161118,74.18468835756907,74.19341372623299,10803800
2020-03-27,75.07447052001953,75.1442601467619,74.33297403852104,74.47255329200577,4975200
2020-03-30,75.1529769897461,75.51936250532849,75.039567195277,75.039567195277,6030800
2020-03-31,74.45510864257812,75.38852334615095,74.45510864257812,75.24022536883228,8523900
2020-04-01,74.83976745605469,75.41680625830821,74.7960566400473,75.29440530092448,5995000
2020-04-02,75.18949890136719,75.34687253797486,75.09332575286511,75.2944168825566,6356100
2020-04-03,75.154541015625,75.30316984876431,75.04088484975745,75.23323118457503,4151200
2020-04-06,75.39060974121094,75.45181024531682,75.18951855894608,75.45181024531682,4373100
2020-04-07,75.46054077148438,75.5304861034837,75.24196661175202,75.39060210983907,6009600
2020-04-08,75.65289306640625,75.65289306640625,75.3643735519177,75.45180855899024,4572300
2020-04-09,76.4834976196289,76.4834976196289,75.84525793204519,75.84525793204519,5070700
2020-04-13,76.23863983154297,76.40475827425442,76.01132758087157,76.40475827425442,7018100
2020-04-14,76.23863983154297,76.40475827425442,76.15995636100715,76.40475827425442,5818300
2020-04-15,76.61461639404297,76.63210606320733,76.23866855126155,76.27364121923591,3922500
2020-04-16,76.65830993652344,76.76322790765369,76.5009363150042,76.61459244763108,3459600
2020-04-17,76.55342102050781,76.81571271270761,76.43102000957586,76.68456686660771,3528300
2020-04-20,76.4310073852539,76.53592537887519,76.36106205617305,76.52718054515165,3705200
2020-04-21,76.52718353271484,76.68455719411365,76.44850003719242,76.67581236004872,4513000
2020-04-22,76.4659652709961,76.51842092249161,76.35230913597164,76.4572204389627,3240100
2020-04-23,76.58838653564453,76.64958703539293,76.50095820319743,76.56215870294582,2587200
2020-04-24,76.56216430664062,76.60588181124102,76.47473596779452,76.5534194716496,2272600
2020-04-27,76.29113006591797,76.54467690323287,76.27364039694216,76.52718723425706,3117300
2020-04-28,76.5184097290039,76.5446442212664,76.41349844135979,76.50092673784704,3118800
2020-04-29,76.57089233398438,76.68454848250082,76.48346401432917,76.62334799170685,4867500
2020-04-30,76.50968933105469,76.69329079740818,76.50094449827033,76.66706296940811,5390100
2020-05-01,76.47815704345703,76.60955746006516,76.35551219886094,76.54823503776711,4857100
2020-05-04,76.5570068359375,76.58328692253482,76.45187980590458,76.51320223584622,7276600
2020-05-05,76.48690032958984,76.53946717143218,76.46062025048951,76.48690032958984,3625600
2020-05-06,76.14527893066406,76.4606533838152,76.09271874968707,76.42561103528234,5006600
2020-05-07,76.39055633544922,76.42559867831622,76.18907121851838,76.37303850583747,3425600
2020-05-08,76.17155456542969,76.36428412926422,76.12775664505905,76.3292417827812,3078900
2020-05-11,75.93498229980469,76.18903414925053,75.8911777216229,76.15399182343315,4344300
2020-05-12,76.18029022216797,76.2766549704364,76.022603059878,76.1014499828439,3942700
2020-05-13,76.26791381835938,76.38180310708393,76.22411590116383,76.33799850624469,2628900
2020-05-14,76.47815704345703,76.47815704345703,76.37303002652777,76.41683462115898,2844700
2020-05-15,76.52197265625,76.66214204458102,76.46065021976625,76.66214204458102,2871300
2020-05-18,76.38178253173828,76.556987520612,76.2766555282289,76.556987520612,3573700
2020-05-19,76.47815704345703,76.48691261546908,76.35551219886094,76.45187027649266,3083000
2020-05-20,76.67964172363281,76.71468406241986,76.45186986333836,76.53947905212735,4388600
2020-05-21,76.75849914550781,76.8198215758539,76.70593228832287,76.74097463189828,5762200
2020-05-22,76.78475952148438,76.81103960150888,76.74971718690439,76.81103960150888,3710300
2020-05-26,76.740966796875,76.79353364869303,76.67964437278975,76.79353364869303,5193900
2020-05-27,76.7760009765625,76.8986458116974,76.71467855899505,76.8723657304031,7606400
2020-05-28,76.80227661132812,76.80227661132812,76.65335170352104,76.69715629223694,7381900
2020-05-29,77.02128601074219,77.03881051964504,76.7672341007855,76.84608102356468,6196500
2020-06-01,76.95897674560547,76.95897674560547,76.84487483447448,76.87997796365745,4345600
2020-06-02,77.02041625976562,77.02041625976562,76.9150867840498,76.95019660928841,5445500
2020-06-03,76.84486389160156,76.9589657864842,76.76586512090314,76.91507683648356,5036400
2020-06-04,76.66056060791016,76.92388100058415,76.62545747230168,76.8975503006199,6341700
2020-06-05,76.65179443359375,76.65179443359375,76.38847401941034,76.53768579574,6465600
2020-06-08,76.73075866699219,76.7921991817808,76.55521625231438,76.60787763741494,4491000
2020-06-09,76.783447265625,76.90632832803684,76.783447265625,76.87999093193515,5445200
2020-06-10,77.10821533203125,77.10821533203125,76.80101262085122,76.92389370532324,3951600
2020-06-11,76.96774291992188,77.18717427120777,76.9589637908467,77.18717427120777,5026500
2020-06-12,77.04673767089844,77.16084626330313,76.96774559601548,77.09062662128696,4087300
2020-06-15,77.20475769042969,77.29252892785907,77.05554591714811,77.1169864530003,4486100
2020-06-16,77.10821533203125,77.3188676630523,77.04677478979525,77.3188676630523,9338500
2020-06-17,77.12577056884766,77.18721110866956,76.98533122267382,77.17843197540454,3900300
2020-06-18,77.21350860595703,77.23983929791184,77.13450983357885,77.1871779140022,2988600
2020-06-19,77.23986053466797,77.257412101959,77.18719913627932,77.18719913627932,2606400
2020-06-22,77.21350860595703,77.38027858368919,77.195950346978,77.34516876224485,3048400
2020-06-23,77.17842864990234,77.25742075633403,77.16087708064518,77.24864831996359,3037100
2020-06-24,77.18720245361328,77.23986385426521,77.10820365611954,77.16087175328731,3256700
2020-06-25,77.26618957519531,77.36273993451225,77.23985887656622,77.35396080279742,4318400
2020-06-26,77.4066390991211,77.42419066834873,77.28375802497878,77.38908083337716,2911700
2020-06-29,77.4592514038086,77.46803053111569,77.35392196565964,77.43292071839937,3047300
2020-06-30,77.53827667236328,77.55583493449828,77.38906492679043,77.54705580343078,5405900
2020-07-01,77.55760955810547,77.55760955810547,77.38174464017716,77.5048514244903,3569200
2020-07-02,77.68071746826172,77.68071746826172,77.53123161497446,77.58399645817096,4007000
2020-07-06,77.65435791015625,77.67194843191324,77.5400463540093,77.60159976252201,4026800
2020-07-07,77.77743530273438,77.77743530273438,77.63674472599581,77.707093368773,3300800
2020-07-08,77.73348999023438,77.81262719962153,77.68952040136328,77.80383864890119,2908100
2020-07-09,77.94452667236328,77.98849625977611,77.75986648110022,77.77745029077508,3189700
2020-07-10,77.85659790039062,78.0412581004152,77.83900738106402,78.0412581004152,2960500
2020-07-13,77.89179229736328,77.90937611240253,77.81264835763876,77.84782269653643,3115800
2020-07-14,77.98849487304688,78.03245775086087,77.94452528641587,77.97090435486767,3067300
2020-07-15,77.99728393554688,78.05883733194432,77.93573053914945,78.0148744538416,3349900
2020-07-16,78.050048828125,78.13798129319987,78.050048828125,78.10280696540651,2856100
2020-07-17,78.12918853759766,78.1995371954386,78.0588398797567,78.18195338538699,2430300
2020-07-20,78.20833587646484,78.26109401774508,78.15557102636706,78.26109401774508,2771000
2020-07-21,78.25230407714844,78.29627367041586,78.23472026513228,78.26989459798261,3044700
2020-07-22,78.35782623291016,78.38420530505967,78.30506808861112,78.36662149323264,5609100
2020-07-23,78.42815399169922,78.47211686395683,78.39297966860343,78.47211686395683,4394900
2020-07-24,78.41056823730469,78.46333307956063,78.34021958684113,78.40177968760916,2980400
2020-07-27,78.35782623291016,78.5073121143027,78.26109849581663,78.49851685398022,5146900
2020-07-28,78.39300537109375,78.47214259239364,78.33145196269884,78.445763518627,5547800
2020-07-29,78.51608276367188,78.51608276367188,78.4017712505824,78.43693886321313,3136200
2020-07-30,78.56005859375,78.58644437079961,78.52489097531773,78.54247478453387,2621100
2020-07-31,78.66561126708984,78.67440652942607,78.49853482679893,78.56888350784979,5110000
2020-08-03,78.63827514648438,78.691133941832,78.55018611525472,78.68232302248035,6270000
2020-08-04,78.8056869506836,78.8056869506836,78.7087869534506,78.72640880063778,5325100
2020-08-05,78.699951171875,78.7439990551646,78.6470990885382,78.7263839343068,4931500
2020-08-06,78.8232650756836,78.91135410046122,78.78802812162019,78.8232650756836,3933400
2020-08-07,78.73519134521484,78.92018036520099,78.70876530246878,78.88495012204868,3764400
2020-08-10,78.64708709716797,78.84088700087199,78.63827617770077,78.82327188269997,3708400
2020-08-11,78.3740005493164,78.48851560687514,78.2947157242668,78.48851560687514,8125700
2020-08-12,78.1714096069336,78.26830957285432,78.14498356545764,78.26830957285432,4530800
2020-08-13,77.91593170166016,78.1978206245175,77.83665359246373,78.1978206245175,3969800
2020-08-14,77.82786560058594,77.99523950810084,77.81025047805154,77.96000254226801,3454400
2020-08-17,77.92472839355469,78.00401320903768,77.86306541296162,77.90711327942559,3995400
2020-08-18,78.03048706054688,78.07452823324007,77.96882404216446,78.02167613770226,6371100
2020-08-19,77.89830780029297,78.13614882182469,77.87188176687404,78.13614882182469,4628100
2020-08-20,78.03048706054688,78.1185761266982,78.02167613770226,78.10096100177392,4623400
2020-08-21,78.19782257080078,78.19782257080078,78.03045542918869,78.1185444596312,3642100
2020-08-24,78.10972595214844,78.21543681086716,78.08329991765915,78.18019985796093,2960400
2020-08-25,77.96002197265625,78.01287407419608,77.81907407419577,77.97763709958096,4830800
2020-08-26,77.91593170166016,77.96879049521982,77.82784267341012,77.93355353976739,4853800
2020-08-27,77.6340560913086,78.06570382904721,77.6252518915073,78.06570382904721,5125700
2020-08-28,77.69569396972656,77.77497878764274,77.62522679028679,77.73093091982697,4281200
2020-08-31,77.92472839355469,77.99520229159272,77.74855036922042,77.78378731823945,16000300
2020-09-01,78.1391830444336,78.15682868304444,77.81268150467399,77.87445133842235,7201700
2020-09-02,78.30686950683594,78.33334134087148,78.12155993617762,78.13038612499263,5054900
2020-09-03,78.31568145751953,78.43922114883169,78.2803834410863,78.36862511596524,7543900
2020-09-04,77.8568115234375,78.2186043674806,77.8568115234375,78.20095872754987,6588300
2020-09-08,77.97151947021484,78.086232952627,77.93622146045564,78.02446311865015,4440300
2020-09-09,77.91858673095703,78.05094587057656,77.86563634270131,78.00682840150601,6048200
2020-09-10,77.93621826171875,77.97151627002921,77.8038524136562,77.85680279232524,5331800
2020-09-11,78.01564025878906,78.05975771975633,77.96268988025898,78.03328589669464,5301400
2020-09-14,78.01564025878906,78.12152755103587,78.00681407363294,78.08622954281805,4256400
2020-09-15,78.05973815917969,78.08620997560796,78.00679452632315,78.05973815917969,3746900
2020-09-16,78.04212188720703,78.18330720541046,77.95387348937142,78.16566156528785,4851800
2020-09-17,78.04212188720703,78.19213339167551,78.0244695146769,78.18330720541046,2815400
2020-09-18,77.95386505126953,78.11270272480974,77.94504559836665,78.11270272480974,2938800
2020-09-21,77.99799346923828,78.09506131568085,77.98916728345064,78.08623512989321,4981500
2020-09-22,78.02445983886719,78.06858403231315,77.96269000748686,78.00681420093282,4442200
2020-09-23,77.8479995727539,78.04213530952924,77.8479995727539,78.01566347858873,4659600
2020-09-24,77.8568115234375,77.945053187906,77.8215135111686,77.93622700173691,4225900
2020-09-25,77.8479995727539,77.91859561020107,77.8215277418134,77.91859561020107,5602600
2020-09-28,77.91858673095703,77.92740618532639,77.85681688833195,77.8921081706252,4215100
2020-09-29,77.97151947021484,78.04211548973323,77.94504764599719,77.9979912944325,7929700
2020-09-30,77.8479995727539,77.91859561020107,77.76857734752369,77.90094323463494,6113600
2020-10-01,77.92754364013672,77.95406055354076,77.75959419674551,77.7772698910568,4485900
2020-10-02,77.87447357177734,77.97170671334452,77.768405958338,77.97170671334452,5557100
2020-10-05,77.58279418945312,77.76842604867058,77.58279418945312,77.76842604867058,6298400
2020-10-06,77.68887329101562,77.82146459398972,77.55628198804153,77.66235637919557,5705900
2020-10-07,77.58279418945312,77.69770979219473,77.53860158706077,77.62699353571888,3494600
2020-10-08,77.71540069580078,77.74191761120109,77.65352564524181,77.68888378040046,5661600
2020-10-09,77.7330551147461,77.7330551147461,77.57394693582351,77.63582196407827,4105000
2020-10-12,77.84799194335938,77.87450885873471,77.75075875773332,77.77727567310866,3383500
2020-10-13,77.90984344482422,77.96287725954488,77.86564410330854,77.89216775454155,4121100
2020-10-14,77.95406341552734,77.98942154932227,77.89218836735485,77.93638097669266,6966400
2020-10-15,77.90984344482422,77.9982353839829,77.87448532038621,77.9540427863399,3877900
2020-10-16,77.84799194335938,77.97174204436077,77.82147502798404,77.9275494333601,3424500
2020-10-19,77.77723693847656,77.81259505599286,77.71536191879088,77.79491936917039,5206600
2020-10-20,77.6446762084961,77.72423369015233,77.61815929590202,77.72423369015233,4652700
2020-10-21,77.55626678466797,77.64465872136526,77.5385910948775,77.60930734178433,4115700
2020-10-22,77.42369079589844,77.55628209906233,77.4060151026177,77.54744762435888,5036700
2020-10-23,77.52091217041016,77.56511151269585,77.40600332188926,77.41484453912095,3237300
2020-10-26,77.63584899902344,77.7065652684749,77.6093320839478,77.61816655972325,4177000
2020-10-27,77.82144927978516,77.83912496956225,77.69769921972802,77.75957424975658,3293100
2020-10-28,77.71540069580078,77.86566771231902,77.68888378040046,77.86566771231902,4766400
2020-10-29,77.54745483398438,77.73307997812195,77.46789734714001,77.71539753932345,4200700
2020-10-30,77.41485595703125,77.57396417130471,77.34413969649333,77.50324791076677,9731400
2020-11-02,77.52198028564453,77.59281190994955,77.49541082657046,77.53083001648282,4021200
2020-11-03,77.50425720214844,77.5131136873511,77.40685613147578,77.49540071694578,3985400
2020-11-04,78.03555297851562,78.08868514885691,77.9204456612308,77.98242756369504,5667400
2020-11-05,78.11526489257812,78.17724680856013,78.01786377381752,78.16839031898493,4128700
2020-11-06,77.93815612792969,77.98243181303994,77.84961151323027,77.92930639532449,3844500
2020-11-09,77.57514190673828,77.70796224203353,77.42461534598102,77.69024926104863,5712700
2020-11-10,77.4245834350586,77.52198452376257,77.38030775636766,77.41572694821639,5169600
2020-11-11,77.47771453857422,77.48657102606725,77.37145695521963,77.42458912465722,3365700
2020-11-12,77.73450469970703,77.73450469970703,77.56626520180953,77.61054088721028,4178500
2020-11-13,77.76106262207031,77.81418803686412,77.7344999146734,77.76991910970952,3199500
2020-11-16,77.80532836914062,77.81417810012903,77.73448998811435,77.76105269211924,4059400
2020-11-17,77.93815612792969,77.96472559230848,77.84961151323027,77.88503071021425,5537500
2020-11-18,78.0267105102539,78.03556024320073,77.96472860201949,78.0267105102539,6089500
2020-11-19,78.18609619140625,78.22150863544385,78.07098210395857,78.10640130351773,6207000
2020-11-20,78.25691223144531,78.28348169245821,78.14180492247031,78.20378682045997,6611300
2020-11-23,78.19495391845703,78.24808610098822,78.15953471527699,78.23922961131264,3506600
2020-11-24,78.11526489257812,78.20380952176353,78.09755191342774,78.18610329813532,4678800
2020-11-25,78.079833984375,78.19494130950737,78.07097749612754,78.15952211203867,5282000
2020-11-27,78.24808502197266,78.25693475600394,78.16839012703596,78.17724661658941,2226300
2020-11-30,78.35430145263672,78.36315793829941,78.23033767543575,78.24805064676114,4729900
2020-12-01,78.11750793457031,78.28601294054569,78.04655489707854,78.27714888569977,7331400
2020-12-02,77.9844970703125,78.21509113105137,77.8869383048636,78.06431418761277,4631300
2020-12-03,78.13526916503906,78.2150930507547,78.04658122148773,78.16187487145882,3685300
2020-12-04,77.93128204345703,78.06431056611946,77.87806386793618,78.04657568524976,4880200
2020-12-07,78.03768920898438,78.10864225114334,78.01108350978839,78.0288251535554,4734800
2020-12-08,78.06431579589844,78.18848703612846,78.0554517380977,78.17961621187139,3737300
2020-12-09,77.93128204345703,77.97562262885921,77.87806386793618,77.94901692432673,5163900
2020-12-10,78.09089660644531,78.13523717683996,77.97559623722128,78.01107275340917,4731400
2020-12-11,78.215087890625,78.25056441899629,78.15300565758922,78.18848218596051,5317100
2020-12-14,78.18850708007812,78.21511279321349,78.0554717479432,78.14415971388046,5176800
2020-12-15,78.22393798828125,78.23280881040499,78.13525006640795,78.14412088853169,6539900
2020-12-16,78.14411926269531,78.21507230529961,78.03768969878885,78.12637761881695,4186700
2020-12-17,78.16185760498047,78.31263451881209,78.08204050335331,78.25055229539491,4963600
2020-12-18,78.13526916503906,78.25943363930219,78.09979263432726,78.2150930507547,3472700
2020-12-21,78.14411926269531,78.24167800466259,78.09977191945399,78.21507230529961,5364200
2020-12-22,78.268310546875,78.27718137185651,78.12640441299835,78.17962259643053,4697300
2020-12-23,78.18020629882812,78.18910647033387,78.03783071010311,78.18020629882812,5643700
2020-12-24,78.31367492675781,78.331468479385,78.24248713856683,78.2958745852895,1980900
2020-12-28,78.28697967529297,78.33146695041312,78.18909816565122,78.25138578189224,4706500
2020-12-29,78.31367492675781,78.34926882085331,78.22469358593965,78.26028069119401,4884800
2020-12-30,78.3670654296875,78.37596560076875,78.28698425648044,78.33147153420389,3609800
2020-12-31,78.4738540649414,78.49164761983812,78.38486592393186,78.40266626767057,6134900
2021-01-04,78.3670654296875,78.39375915408985,78.28698425648044,78.34037170528514,7568400
2021-01-05,78.23360443115234,78.34038613727466,78.14462307047175,78.32258579183295,6452700
2021-01-06,77.88654327392578,77.9577310514116,77.71747399960701,77.9577310514116,5933700
2021-01-07,77.72637176513672,77.78865937130038,77.70857821573563,77.73527193425721,6196100
2021-01-08,77.65520477294922,77.76198646445377,77.5662234244496,77.76198646445377,7688800
2021-01-11,77.57514190673828,77.63742954427451,77.50395409559879,77.63742954427451,5404300
2021-01-12,77.55734252929688,77.55734252929688,77.3615794577729,77.49504810759123,6078800
2021-01-13,77.7619857788086,77.86876746937163,77.61071680880886,77.65520408824555,7357100
2021-01-14,77.66410064697266,77.85986367614444,77.6018130275854,77.77088233256855,7191900
2021-01-15,77.72637176513672,77.79755954042088,77.66408415897304,77.71747159601621,4083600
2021-01-19,77.8331527709961,77.84205294004146,77.68188384142418,77.74417144706202,7636500
2021-01-20,77.82425689697266,77.85985078627864,77.77086945743379,77.78866300766667,5889500
2021-01-21,77.71744537353516,77.77083958140261,77.65515778838781,77.70855199625525,7890800
2021-01-22,77.7530517578125,77.78864563917115,77.69076416264453,77.77975226046051,4439800
2021-01-25,77.93104553222656,77.939938913718,77.81536368442966,77.85095757691788,5126900
2021-01-26,77.92215728759766,77.96665135722779,77.8598696634206,77.89546356135632,4608700
2021-01-27,77.92215728759766,78.03783236425737,77.91325711590325,77.97554474008031,4248500
2021-01-28,77.85986328125,77.92215090032136,77.77978210909026,77.91325072935649,4359300
2021-01-29,77.79759979248047,77.84209387226404,77.67302451569854,77.67302451569854,6088400
2021-02-01,77.82344055175781,77.86800548006153,77.74323184039518,77.75213938633321,5774700
2021-02-02,77.72539520263672,77.7521314370241,77.68974462356931,77.72539520263672,4554500
2021-02-03,77.59170532226562,77.68974271237609,77.59170532226562,77.67192082310716,4271700
2021-02-04,77.6095199584961,77.63625618738465,77.48474635724861,77.58278372960753,4652200
2021-02-05,77.50257110595703,77.6540809416893,77.49365676278114,77.60952282511298,4401300
2021-02-08,77.59170532226562,77.6451845893775,77.48476038734697,77.51149662107663,5571500
2021-02-09,77.55604553222656,77.66299725409439,77.54713798847636,77.59169610618251,4474000
2021-02-10,77.68083190917969,77.68083190917969,77.60061641170286,77.64518133248468,3735500
2021-02-11,77.60062408447266,77.70757582513254,77.55605915928449,77.68083958988079,4578200
2021-02-12,77.39563751220703,77.51150360167372,77.36890127606952,77.47585302027267,4825400
2021-02-16,77.03022003173828,77.17281553747371,77.01239814339093,77.15499364912634,6702200
2021-02-17,77.1906509399414,77.1995652847166,77.08369920159745,77.16391470526861,5217000
2021-02-18,77.14608764648438,77.18173822668597,77.02131401560526,77.0747932857341,4607000
2021-02-19,76.87869262695312,77.04802432636923,76.82521337481853,77.03020244209145,4011100
2021-02-22,76.66480255126953,76.9054422286007,76.64698066389217,76.81631919241026,4809400
2021-02-23,76.64698791503906,76.69155283717623,76.4865637148587,76.53112863699586,6475900
2021-02-24,76.60242462158203,76.63807520011926,76.30831924804195,76.3617917160215,5164600
2021-02-25,75.93399047851562,76.34396872595693,75.68444323200526,76.29048945909578,9956100
2021-02-26,76.5934829711914,76.5934829711914,76.02308756788626,76.26372036629799,8580200
2021-03-01,76.49444580078125,76.53907772457083,76.3427081556974,76.41411650981055,7152000
2021-03-02,76.4854965209961,76.50334519797254,76.40516044991975,76.44979235717027,5338800
2021-03-03,76.24449157714844,76.33374857763178,76.1641623196752,76.28912348232642,6022500
2021-03-04,76.00350952148438,76.29806380051218,75.91425250629,76.2712805670675,9701800
2021-03-05,75.95886993408203,75.98564635494749,75.79820459901624,75.86961292790616,6871000
2021-03-08,75.61077117919922,75.86962129255869,75.61077117919922,75.83391712417733,5806700
2021-03-09,75.86066436767578,75.9320726769708,75.80711154064011,75.80711154064011,7671800
2021-03-10,76.00350952148438,76.05706236862625,75.90532476180844,75.93210118537938,5286700
2021-03-11,76.01242065429688,76.07490123226587,75.90530817354761,75.99456516923587,5510000
2021-03-12,75.55722045898438,75.64647747751401,75.49473986502622,75.63754973269884,5717100
2021-03-15,75.6464614868164,75.6910933915836,75.5661322300825,75.5661322300825,5012200
2021-03-16,75.63753509521484,75.7357198395588,75.56613358013325,75.6910947438669,6159100
2021-03-17,75.61077117919922,75.69110726052573,75.36977655496733,75.51258641861895,7370600
2021-03-18,75.29834747314453,75.39653220667444,75.1733863231741,75.24479464026346,4905200
2021-03-19,75.36082458496094,75.75356350103243,75.24479118242691,75.69108292891848,4969200
2021-03-22,75.5750732421875,75.61077741351276,75.46796753808609,75.53936907086225,4748300
2021-03-23,75.74464416503906,75.76249284053596,75.58397884607753,75.7535719077237,5148600
2021-03-24,75.86066436767578,75.86959210880545,75.63751850853224,75.65537399079159,5148200
2021-03-25,75.8071517944336,75.92318525124867,75.7178947653547,75.89640882351249,3876300
2021-03-26,75.6732406616211,75.79820182767307,75.62861556510128,75.65539198498773,3376200
2021-03-29,75.5750732421875,75.71788992748854,75.49474396411145,75.69111350146319,3775500
2021-03-30,75.6553955078125,75.66431644160818,75.4322495852044,75.48580242747094,4769200
2021-03-31,75.61972045898438,75.7357539318628,75.53938435477951,75.65542463753368,6949300
2021-04-01,75.86305236816406,75.89883081923813,75.74674851347078,75.84515631728344,4780200
2021-04-05,75.74674987792969,75.78253515499196,75.63940087208657,75.70202340060962,8200600
2021-04-06,76.01512145996094,76.03301068238822,75.82725391043358,75.84514313286088,5400600
2021-04-07,75.92562866210938,76.05981483528603,75.9077326221262,75.95246589674471,5480200
2021-04-08,76.09561920166016,76.10456722389908,75.99721143305545,76.01510747753329,3872300
2021-04-09,75.99723052978516,76.10458634760536,75.90777076093975,76.01512657875995,9748500
2021-04-12,75.97933959960938,75.97933959960938,75.90776905600343,75.97933959960938,3995700
2021-04-13,76.1761474609375,76.1761474609375,75.94354663046504,75.94354663046504,4097500
2021-04-14,76.12247467041016,76.15825994259342,76.05091095138643,76.09563742260842,4592300
2021-04-15,76.44450378417969,76.54291153578411,76.28347353840334,76.3371548372221,5395000
2021-04-16,76.23873901367188,76.31925071536571,76.09559799909718,76.23873901367188,6199700
2021-04-19,76.1939926147461,76.2118886511547,76.09558489051298,76.14031815619641,6165300
2021-04-20,76.31926727294922,76.36400055604358,76.16718503097356,76.17613305266057,6383700
2021-04-21,76.39978790283203,76.39978790283203,76.25664685329554,76.29243211567966,4508300
2021-04-22,76.43558502197266,76.45347424326926,76.30139197355128,76.40874777735677,4007800
2021-04-23,76.44450378417969,76.48923706230532,76.35504405326837,76.47134784625905,6435700
2021-04-26,76.39083099365234,76.48029072653452,76.37294177721195,76.45345348920388,3797400
2021-04-27,76.1939926147461,76.37291885214178,76.17610340367555,76.37291885214178,4450300
2021-04-28,76.22982025146484,76.24771629782494,76.06878996093337,76.2208722282848,5479200
2021-04-29,76.16719055175781,76.16719055175781,75.99721225408767,76.09562002375553,6247600
2021-04-30,76.27454376220703,76.27454376220703,76.14035073307988,76.23875849941706,6867600
2021-05-03,76.29337310791016,76.43672762113339,76.25753277064301,76.26649456392114,4601200
2021-05-04,76.39192199707031,76.50839795055516,76.34711987258297,76.3739984129376,5520300
2021-05-05,76.43671417236328,76.46359271162312,76.31127643192129,76.34711676288245,5950300
2021-05-06,76.47256469726562,76.51736682590034,76.37400548294532,76.38296727584128,4143600
2021-05-07,76.48151397705078,76.69654912045641,76.42775690016036,76.58903496667558,4886300
2021-05-10,76.30232238769531,76.5083957483789,76.2843988040785,76.49047900060634,6211800
2021-05-11,76.1500015258789,76.19480365040371,76.10520623719854,76.17688006625602,6630800
2021-05-12,75.88121032714844,76.02456482307426,75.85433178640262,76.02456482307426,7011700
2021-05-13,76.03353118896484,76.06937152406336,75.87225309894399,75.87225309894399,6991000
2021-05-14,76.21272277832031,76.21272277832031,76.0872850287476,76.14104894702496,6262100
2021-05-17,76.14105224609375,76.19480933085565,76.11416686786784,76.19480933085565,4753000
2021-05-18,76.06040954589844,76.09624988090958,76.0245692108873,76.07833313132647,4631000
2021-05-19,75.97978973388672,76.15898461039616,75.89018545978563,76.07834896672082,6511300
2021-05-20,76.23065948486328,76.23961444291373,76.06041958006293,76.06041958006293,5283900
2021-05-21,76.24857330322266,76.29337543513455,76.18585442005333,76.26649689032564,5050800
2021-05-24,76.3381576538086,76.37399798602924,76.28440057339984,76.29336236541609,6954500
2021-05-25,76.53529357910156,76.53529357910156,76.37401546512046,76.38297725918774,5235500
2021-05-26,76.50838470458984,76.57110356650688,76.44566584267281,76.49046795940352,4834400
2021-05-27,76.40088653564453,76.46360541628647,76.3381676550026,76.44568866575104,5215200
2021-05-28,76.39192199707031,76.50839795055516,76.38296020500395,76.40087695329223,5258500
2021-06-01,76.38652801513672,76.40447296446136,76.26089283005196,76.34165537191897,5398000
2021-06-02,76.4673080444336,76.48525984446776,76.35961778404562,76.37756958407978,5479900
2021-06-03,76.32372283935547,76.39550949493677,76.30577104050624,76.39550949493677,4829000
2021-06-04,76.62885284423828,76.62885284423828,76.40450323248056,76.42245503552098,19321400
2021-06-07,76.57499694824219,76.60191780121085,76.53910019541547,76.57499694824219,10706500
2021-06-08,76.71858978271484,76.73654158539564,76.67372396922619,76.71858978271484,5099600
2021-06-09,76.87112426757812,76.9429109119117,76.8172757260728,76.89804511502872,4810300
2021-06-10,77.03266906738281,77.05062086801374,76.7365328230314,76.7634536773719,7400300
2021-06-11,77.01471710205078,77.04163795394045,76.94292359927482,77.01471710205078,4194500
2021-06-14,76.81727600097656,76.9608629833658,76.79933105147998,76.9608629833658,4438400
2021-06-15,76.81727600097656,76.84419684852351,76.74548250978194,76.78137925537925,6173600
2021-06-16,76.60191345214844,76.93395326198997,76.51217499847928,76.88908061185282,7302400
2021-06-17,76.86215209960938,77.05958078596701,76.70959605891647,76.72754100921968,6467500
2021-06-18,77.10445404052734,77.16727164256933,76.84420773303765,76.92497713372313,5842800
2021-06-21,76.83525848388672,76.9519178187168,76.81730668061631,76.92499696041807,7907000
2021-06-22,76.94288635253906,76.95186224769229,76.73648869022834,76.74545773877963,4082900
2021-06-23,76.88906860351562,76.96086209388048,76.84419596038657,76.89804450146225,5739900
2021-06-24,76.92495727539062,76.97879896421152,76.89803643098017,76.93393317239523,4852100
2021-06-25,76.78140258789062,76.95191046964115,76.6826882191515,76.94293456886315,6018500
2021-06-28,76.98779296875,77.03265877111873,76.8801027191761,76.89805451740756,5664100
2021-06-29,77.02369689941406,77.02369689941406,76.87114083324884,76.87114083324884,10672700
2021-06-30,77.07752990722656,77.1582993044729,77.05958495595229,77.08650580616612,4846600
2021-07-01,77.07032012939453,77.09728240955664,76.96246415160464,77.05234756166693,5768000
2021-07-02,77.20516967773438,77.20516967773438,77.06136164906407,77.07934108121997,4315700
2021-07-06,77.48380279541016,77.53772738707764,77.29505986742853,77.29505986742853,5711600
2021-07-07,77.64556884765625,77.6905105703705,77.50176767783009,77.56468197534356,5933900
2021-07-08,77.71746826171875,77.80734484468411,77.63657453704933,77.69050597254352,6991200
2021-07-09,77.47480010986328,77.53771440865977,77.47480010986328,77.53771440865977,10304900
2021-07-12,77.44783020019531,77.55568621201303,77.40289533812897,77.5287239233445,9073900
2021-07-13,77.20516967773438,77.50176859400872,77.17820738664476,77.43885429575151,8583600
2021-07-14,77.46581268310547,77.48378525721145,77.34896695141299,77.36694638266286,5036200
2021-07-15,77.6545639038086,77.66355362039849,77.45683128169875,77.60063246141388,3423000
2021-07-16,77.5826644897461,77.62760621821812,77.46582559572187,77.47480845570026,5725100
2021-07-19,78.02306365966797,78.0949676814721,77.90622476709495,77.93318706098528,6493300
2021-07-20,77.94213104248047,78.26569209359235,77.8971893409379,78.23872981552317,6762200
2021-07-21,77.69050598144531,77.78038256442096,77.6186019722073,77.73544084436126,6293000
2021-07-22,77.86127471923828,77.9241890173079,77.69949411603868,77.69949411603868,4894900
2021-07-23,77.77136993408203,77.79833221531607,77.65453109635398,77.6635208091459,8887500
2021-07-26,77.7264633178711,77.86127477301036,77.69949416969902,77.86127477301036,5427900
2021-07-27,77.9241943359375,77.94217376926696,77.83431774072423,77.90622175975271,4344100
2021-07-28,77.99608612060547,77.99608612060547,77.74442895062504,77.82531581648577,6636700
2021-07-29,77.86127471923828,77.91520615840095,77.81633985327096,77.83431242822905,5201000
2021-07-30,77.97810363769531,77.99607620877697,77.89720992497104,77.92417221016488,7557200
2021-08-02,78.16356658935547,78.2625881239722,77.98352431372935,78.02853659961352,4660800
2021-08-03,78.18154907226562,78.26256979429937,78.14554062557384,78.17254524361543,5297700
2021-08-04,78.18154907226562,78.36159130572453,77.9925098780655,78.32558285903275,3916900
2021-08-05,78.00152587890625,78.12755202803946,77.97452125665056,78.10954436792899,4613800
2021-08-06,77.63246154785156,77.77649538892196,77.61446075167353,77.70447846838677,4329800
2021-08-09,77.4884033203125,77.74945940102387,77.4884033203125,77.70444712686685,4541300
2021-08-10,77.37136840820312,77.52440600822543,77.37136840820312,77.52440600822543,4312300
2021-08-11,77.42539978027344,77.54242209240269,77.290369809103,77.38939133010068,6494000
2021-08-12,77.43439483642578,77.4614063243229,77.32637635647518,77.39839325504855,4946500
2021-08-13,77.74043273925781,77.74043273925781,77.51538517038962,77.5333859540201,4329600
2021-08-16,77.8124771118164,77.95650403548574,77.78547249287273,77.83948173076008,3918900
2021-08-17,77.7314224243164,77.8394477208014,77.71342164218868,77.74943007435034,7168400
2021-08-18,77.71343994140625,77.80345760905382,77.63241923298797,77.71343994140625,4561900
2021-08-19,77.88449096679688,77.88449096679688,77.78547631510773,77.85748634652624,5345600
2021-08-20,77.86650848388672,77.929521568637,77.83950385726676,77.90251694201704,3581200
2021-08-23,77.88449096679688,77.89349479619027,77.80347710598498,77.84848938504238,4005500
2021-08-24,77.7314224243164,77.84845154581838,77.7314224243164,77.82144007076748,5164800
2021-08-25,77.6054458618164,77.77648430673875,77.54243278230457,77.7674804759769,3904900
2021-08-26,77.61446380615234,77.64146843543791,77.51544225349738,77.63246460303878,4810900
2021-08-27,77.83946990966797,77.83946990966797,77.56941002542548,77.63242308269432,4780900
2021-08-30,77.92949676513672,77.92949676513672,77.7674621890784,77.78546984636763,4119000
2021-08-31,77.83048248291016,77.96551245348559,77.7674694123629,77.92050017399058,4974900
2021-09-01,77.843994140625,77.90711262530687,77.76285359514688,77.90711262530687,4792400
2021-09-02,77.95220947265625,77.95220947265625,77.84401517080671,77.90713367254054,4885100
2021-09-03,77.78987884521484,77.80791465830177,77.72676725670513,77.77184991077517,4059700
2021-09-07,77.56449890136719,77.62761050579971,77.50138729693467,77.60958156681141,4839700
2021-09-08,77.69075012207031,77.76287966132818,77.61862058281244,77.65468535244138,4864600
2021-09-09,77.97025299072266,77.99729984919162,77.70878856110322,77.77190019041468,5504600
2021-09-10,77.78089141845703,77.88006779335731,77.63663925047022,77.84400303169812,3711400
2021-09-13,77.89810180664062,77.91613074772705,77.83499019486342,77.84400122608174,4047300
2021-09-14,78.08744812011719,78.15055974117122,77.93417802307893,77.96122487800912,4758300
2021-09-15,78.01531982421875,78.07843144627294,77.92516134680574,78.06941353493637,6204400
2021-09-16,77.87105560302734,77.9521961565655,77.80794399072549,77.85301978314119,4604000
2021-09-17,77.7718734741211,77.78990241402317,77.6997439572141,77.76285556484538,6217800
2021-09-20,77.98829650878906,78.01534337231168,77.88010217604561,77.88912009010414,6195100
2021-09-21,77.97025299072266,78.00631088291347,77.93418821988014,77.99729984919162,6962300
2021-09-22,78.0513687133789,78.07841556323574,77.89809864509054,77.97022816380841,6006200
2021-09-23,77.63662719726562,77.8710446723317,77.60056244120554,77.85300885497723,5222300
2021-09-24,77.47433471679688,77.56449316236551,77.42925205468832,77.54646422471117,4170600
2021-09-27,77.38420867919922,77.46534925059755,77.33010808628231,77.35716182206643,4858500
2021-09-28,77.05059051513672,77.20386057649935,76.98747890877273,77.14976687923,6253700
2021-09-29,77.05960845947266,77.23992536955244,76.97846103488232,77.15878482361128,5123500
2021-09-30,77.04156494140625,77.08664760374504,76.97845334132106,77.0325539118573,5877700
2021-10-01,77.30343627929688,77.33955598730454,77.14090103782735,77.16798909655061,6029900
2021-10-04,77.24925994873047,77.31246771528701,77.1499324742659,77.21314024082245,7280000
2021-10-05,77.05964660644531,77.22218188299932,77.03255854187486,77.20412546966283,4395400
2021-10-06,77.09577178955078,77.12286674517406,77.03256400469354,77.0777153749338,7177800
2021-10-07,76.8790283203125,76.97835578212944,76.8609719132226,76.96029937503954,5363500
2021-10-08,76.68942260742188,76.82486980356636,76.64427124566353,76.82486980356636,4547100
2021-10-11,76.5720443725586,76.64427691192927,76.55398107086762,76.59913243596398,3286600
2021-10-12,76.85198211669922,76.87907018665003,76.65332708488299,76.65332708488299,5529600
2021-10-13,77.05964660644531,77.07770990891319,76.93323104569566,76.93323104569566,5018100
2021-10-14,77.1950912475586,77.20412289849175,77.05061927828389,77.10479540562051,4336400
2021-10-15,77.0054702758789,77.05964640487808,76.969350560169,77.05964640487808,5801200
2021-10-18,76.9603271484375,77.01450327838725,76.80681663169409,76.89711936711898,5863600
2021-10-19,76.74358367919922,76.87903084877966,76.73455891992195,76.87903084877966,3865900
2021-10-20,76.6532974243164,76.80680102072877,76.6532974243164,76.71650519278798,5332400
2021-10-21,76.54493713378906,76.65329625914896,76.51784907473159,76.63523984948729,6073300
2021-10-22,76.70748901367188,76.73458396773572,76.56301703765541,76.63525647022938,6076100
2021-10-25,76.74358367919922,76.8067914397862,76.67135115933498,76.68037591861224,4652500
2021-10-26,76.8970947265625,76.8970947265625,76.69843979489421,76.81582366854853,5752800
2021-10-27,77.17704010009766,77.28539236216305,76.93323373218728,77.03256123183498,7618400
2021-10-28,77.07771301269531,77.21316023013311,77.02353688137285,77.13188914401778,6225800
2021-10-29,77.09577178955078,77.14995481166547,76.87002871661322,76.89712367223649,8975200
2021-11-01,77.03608703613281,77.04513288532789,76.85521145199866,76.89138104885649,5201400
2021-11-02,77.1807861328125,77.22600847883214,77.06321769310716,77.07226354230333,4199400
2021-11-03,77.04512786865234,77.24409513822121,76.93659838526183,77.22600344100907,5058700
2021-11-04,77.3978500366211,77.3978500366211,77.09035324404398,77.09939909381552,5564100
2021-11-05,77.63298034667969,77.68724854074458,77.38879762325159,77.44305891735537,4595900
2021-11-08,77.46114349365234,77.5334964791127,77.41592115274949,77.52445063094004,6517200
2021-11-09,77.67819213867188,77.80480640768674,77.66010734308125,77.7053227820379,6027800
2021-11-10,77.15362548828125,77.5696446900633,77.0541418856857,77.55155989866346,6206400
2021-11-11,77.02699279785156,77.18978348129015,77.00890801078368,77.16265285070988,3847100
2021-11-12,77.03608703613281,77.19887782183805,76.97277989168973,77.13557067739497,4890900
2021-11-15,76.71954345703125,76.98181785713899,76.71049760876255,76.96372616060161,6239500
2021-11-16,76.6652603149414,76.8280510522252,76.6381296753873,76.7195284940088,5580700
2021-11-17,76.82807159423828,76.84616329208444,76.61101951981168,76.62911121765782,6589200
2021-11-18,76.91850280761719,76.94563344967216,76.78284269738248,76.80092749209919,5320700
2021-11-19,77.08128356933594,77.17172133111741,77.04510708463155,77.09936836170866,5498200
2021-11-22,76.70144653320312,76.92754442478781,76.64718524721002,76.88232898644692,7497100
2021-11-23,76.3939437866211,76.61099579382794,76.3939437866211,76.59291100154358,5779500
2021-11-24,76.57483673095703,76.59292842731637,76.35778467436835,76.4030070153062,4757400
2021-11-26,77.11746215820312,77.16268449435343,76.90945597181512,76.95467140800568,4402500
2021-11-29,77.10841369628906,77.1355443346476,76.8461393588916,76.86422415114434,6133000
2021-11-30,77.25312805175781,77.50635659325901,77.09033728936987,77.31643518713312,11234800
2021-12-01,77.3029556274414,77.32107596318977,77.04932621402985,77.1399140710053,7737300
2021-12-02,77.31202697753906,77.40260793673272,77.16709882500605,77.37543434006304,8831600
2021-12-03,77.61093139648438,77.7468062575125,77.22142714734107,77.23048731431162,7440900
2021-12-06,77.4025650024414,77.63808089441437,77.3663381675659,77.61996747697663,6865000
2021-12-07,77.23046875,77.40257041577627,77.22140858520729,77.28481591699452,5351200
2021-12-08,76.9949722290039,77.1761341051897,76.94967830451617,77.15802068192416,9064200
2021-12-09,77.03120422363281,77.15801891623735,76.96779687733054,77.06743798021732,8096700
2021-12-10,77.05838775634766,77.23954965176341,77.04027433115941,77.13991544690307,6869100
2021-12-13,77.3210678100586,77.38447515672549,77.20331328364364,77.22142670659883,4955300
2021-12-14,77.1942367553711,77.2667042535973,77.06742208891573,77.22141033948567,5165800
2021-12-15,77.09459686279297,77.18517778153313,76.96778219438055,77.03118952858676,6036000
2021-12-16,77.1942367553711,77.28481767271334,77.1308294221434,77.1308294221434,6067700
2021-12-17,77.33012390136719,77.42976499957545,77.28482998004266,77.30294340204321,4884200
2021-12-20,77.20330047607422,77.3844623191024,77.17611997982681,77.33916840290469,7129100
2021-12-21,77.12176513671875,77.16705904841044,76.9496565653471,77.16705904841044,6237800
2021-12-22,77.20330047607422,77.20330047607422,77.07647889289692,77.19424031065842,5110000
2021-12-23,77.08610534667969,77.17697523639109,77.0043175928897,77.17697523639109,4631200
2021-12-27,77.12242889404297,77.17694942304871,77.06790143211136,77.09516169661423,5311700
2021-12-28,77.11333465576172,77.25872503433342,77.06789626268753,77.24964290205891,5674800
2021-12-29,76.85891723632812,76.98613645209049,76.8043897631962,76.94069804663509,7757900
2021-12-30,77.03153991699219,77.04971804573594,76.84071116273141,76.9588482007915,6352100
2021-12-31,77.01338958740234,77.15878692504766,76.99521838666,77.04064985497918,7162600
2022-01-03,76.49539947509766,76.73166660747145,76.48631041114209,76.73166660747145,7244300
2022-01-04,76.48632049560547,76.49540956075941,76.33184105261536,76.42271090537864,7384500
2022-01-05,76.22282409667969,76.52270097249871,76.20465289190044,76.52270097249871,7076500
2022-01-06,76.14102935791016,76.1682896265602,76.04107041757537,76.10468002206778,6011000
2022-01-07,75.93203735351562,76.07743472549937,75.8229962574561,76.06834565651832,6345100
2022-01-10,75.86840057373047,75.8956608379855,75.70483205527448,75.76844164951149,5912300
2022-01-11,76.02288818359375,76.04105938241445,75.79571006724248,75.85023059663048,6755600
2022-01-12,75.9956283569336,76.14102569330521,75.98654622310531,76.08650515862915,6672700
2022-01-13,76.12284851074219,76.14102664447901,75.94110877093391,76.01380744002789,5746300
2022-01-14,75.70482635498047,75.96835377781278,75.69574422286317,75.9592647127702,6843000
2022-01-18,75.2322998046875,75.49582723045535,75.2322998046875,75.45038883766162,7453100
2022-01-19,75.41401672363281,75.53215373603122,75.36858527749158,75.39584553176097,8644100
2022-01-20,75.49581146240234,75.55033197602738,75.45037307909887,75.52307171921485,4951300
2022-01-21,75.77752685546875,75.85931457699374,75.67756793634123,75.74117752733825,5204500
2022-01-24,75.659423828125,75.87751294206801,75.65033475960672,75.83207453240458,10332200
2022-01-25,75.55943298339844,75.78661106997936,75.55034391871621,75.695741221932,5872700
2022-01-26,75.14144897460938,75.65941489212796,75.14144897460938,75.62306555527596,7382500
2022-01-27,75.38678741455078,75.50491754251664,75.32317781750362,75.3322668836321,6295600
2022-01-28,75.47765350341797,75.49583163476609,75.21412606227634,75.22321512795038,5992500
2022-01-31,75.42311096191406,75.49580960023688,75.30498087433229,75.33224113047241,8033400
2022-02-01,75.39309692382812,75.4659157777392,75.2656674016778,75.44770759206737,5013300
2022-02-02,75.50232696533203,75.67527002721324,75.4659244785676,75.50232696533203,7248800
2022-02-03,75.1837387084961,75.25655755684149,75.10182271239822,75.19284280063617,6156500
2022-02-04,74.71952819824219,74.8378605644325,74.64671629334163,74.8196523799166,7746000
2022-02-07,74.78327941894531,74.8378901052742,74.65584291019388,74.71955769237438,6252200
2022-02-08,74.5374984741211,74.64672676337395,74.5374984741211,74.6194214271579,6727000
2022-02-09,74.59208679199219,74.76502979538262,74.58298964557228,74.66490562967095,5862000
2022-02-10,73.9094467163086,74.35545701493942,73.9094467163086,74.30083939904038,8869700
2022-02-11,74.39187622070312,74.44648689939058,73.86394984542613,74.1370101832529,11100900
2022-02-14,73.97314453125,74.14608754392371,73.8912285427542,74.07326870233615,6301600
2022-02-15,73.81842041015625,73.98225935530324,73.80021916931234,73.88213516969186,6731200
2022-02-16,73.91856384277344,73.964077373316,73.69101007884011,73.94586918334308,7142400
2022-02-17,74.08238220214844,74.17340229349902,73.95495268538004,74.00046620324925,6833600
2022-02-18,74.20980834960938,74.22801653368549,74.10058702270271,74.18250301788271,4744400
2022-02-22,74.164306640625,74.164306640625,74.00046769513573,74.08238369568637,7058800
2022-02-23,73.79109191894531,74.01864555221508,73.79109191894531,74.00044431708324,7938900
2022-02-24,73.9549560546875,74.16430852428078,73.86393595919013,74.08238557726145,8883500
2022-02-25,74.0186538696289,74.02775796041072,73.8548149574888,73.90942561340664,5923200
2022-02-28,74.56478881835938,74.59209414908543,74.30992980573326,74.32813798914214,6494400
2022-03-01,74.95588684082031,75.20202935510662,74.78267106259018,74.79178951284956,9319000
2022-03-02,74.03512573242188,74.67328516479299,74.03512573242188,74.62769986414493,6491500
2022-03-03,74.36331939697266,74.41801619272401,74.1627552054307,74.27215575227365,10349100
2022-03-04,74.627685546875,74.77354596135295,74.54563341251821,74.65503393988092,8042600
2022-03-07,74.26304626464844,74.50919578591993,74.19011255795013,74.32686151917417,6425400
2022-03-08,73.91659545898438,73.9621737930516,73.81631338656237,73.8892470674763,8565900
2022-03-09,73.71604919433594,73.84367968922342,73.6522339468922,73.75251604363812,5761500
2022-03-10,73.32405090332031,73.48814827357076,73.19642038816346,73.46079987108592,8261200
2022-03-11,73.26934814453125,73.37874174558135,73.23288129240093,73.29669654479378,7883400
2022-03-14,72.59473419189453,72.87735060526069,72.57650424039126,72.86823215183801,15449700
2022-03-15,72.7132339477539,72.94114653551802,72.62207030371631,72.87733128915767,6265000
2022-03-16,72.8226318359375,72.8226318359375,72.3485766857625,72.72234973497615,8156400
2022-03-17,72.8864517211914,73.07790443908601,72.83175491913069,72.95026697537592,6774600
2022-03-18,73.09610748291016,73.14169277140917,72.9684770215191,72.99582541248311,8895700
2022-03-21,72.34859466552734,72.7770715751472,72.31212780562966,72.74972316905952,6831300
2022-03-22,72.16625213623047,72.24829733722963,72.06597003144869,72.15713368433916,6488400
2022-03-23,72.49442291259766,72.49442291259766,72.14799833063296,72.32121409928493,8919400
2022-03-24,72.40327453613281,72.4215114394856,72.12066513223118,72.13889508024324,18907400
2022-03-25,71.7651138305664,72.11153844596227,71.66483173959973,72.11153844596227,21372500
2022-03-28,71.97480010986328,72.05685226698611,71.80159125432121,71.84716960353083,7494000
2022-03-29,72.29391479492188,72.32126320741845,72.01129830332123,72.09335049615495,7308100
2022-03-30,72.45796203613281,72.48531042968611,72.09330055963073,72.10241205392241,7071800
2022-03-31,72.51266479492188,72.63117682852581,72.42150115712349,72.49442789415836,8244200
2022-04-01,72.35546875,72.47428350878798,71.98989721311652,72.04473747590217,6326900
2022-04-04,72.4103012084961,72.4194354407283,72.16353748429935,72.39201879863896,9091700
2022-04-05,71.67918395996094,72.21839670858787,71.63348489159984,72.20012126486276,6956300
2022-04-06,71.45984649658203,71.65177004015891,71.19480722991898,71.29533960598769,8649400
2022-04-07,71.31359100341797,71.459822400281,71.20392442846747,71.37756549637135,9157600
2022-04-08,70.92974853515625,71.12167202616408,70.83835739268069,70.97544759274264,8989600
2022-04-11,70.60073852539062,70.77438658603668,70.53676402505222,70.7378287326008,7858300
2022-04-12,70.82919311523438,71.05767438334803,70.7926352756128,70.93886663409911,8168200
2022-04-13,70.91148376464844,71.14910637235924,70.89320832068559,70.91148376464844,7790300
2022-04-14,70.4271240234375,70.92064482093943,70.38143191439343,70.88408695008363,7046100
2022-04-18,70.1986312866211,70.44539513209367,70.17121463105742,70.43625392267252,7187800
2022-04-19,69.75994873046875,70.05240466875252,69.73253207573896,69.94273107713377,11568000
2022-04-20,70.1986312866211,70.29002943543303,69.97014985999081,70.01584893439679,7366100
2022-04-21,69.82390594482422,70.08894516269433,69.61370002282453,70.07980395581664,7869900
2022-04-22,69.73252868652344,69.88789437090742,69.54973937604296,69.62285510023516,8625100
2022-04-25,70.17118072509766,70.390520836324,70.0706483881405,70.0706483881405,6091600
2022-04-26,70.35400390625,70.51851081221551,70.28088817633206,70.48195294725653,8837100
2022-04-27,70.13465118408203,70.43624831667793,70.06154243263089,70.36313259252756,10802000
2022-04-28,70.10721588134766,70.10721588134766,69.86045909385439,69.95185023838162,7644000
2022-04-29,69.63199615478516,69.93358631418661,69.60457950144858,69.71424611479486,7120400
2022-05-02,69.27579498291016,69.44059983491007,69.20254372493834,69.42229051322936,10166700
2022-05-03,69.44062042236328,69.72446738475168,69.38568545540976,69.6603742614304,7769000
2022-05-04,69.88929748535156,69.88929748535156,69.25751725822938,69.38570353827906,12238000
2022-05-05,69.19340515136719,69.46809395367966,68.90956517843702,69.46809395367966,10540000
2022-05-06,68.90040588378906,69.14762021328455,68.82715460629917,68.90956403988189,8803000
2022-05-09,69.21171569824219,69.23919016745887,68.79968947313701,68.83631511313271,7420300
2022-05-10,69.41315460205078,69.6145921332089,69.34906147719381,69.48640588349495,24792700
2022-05-11,69.65122985839844,69.6695391891228,69.1018591235049,69.14763594312976,9843600
2022-05-12,69.7885513305664,69.94420504021656,69.73361637083707,69.79770948572983,6079800
2022-05-13,69.53217315673828,69.6786686991858,69.48638937030935,69.64204306716766,5024800
2022-05-16,69.6420669555664,69.80687886336877,69.61459946853725,69.62375762608944,6104400
2022-05-17,69.23002624511719,69.43146375550322,69.21170993383157,69.29411936336493,5881200
2022-05-18,69.52303314208984,69.55965878366425,69.165941868773,69.165941868773,4963300
2022-05-19,69.66952514648438,69.92590462434471,69.62374833608634,69.89843015535409,5461400
2022-05-20,69.88011169433594,69.9258954843761,69.69699050542641,69.69699050542641,6960100
2022-05-23,69.63291931152344,69.92591749739125,69.58713550707031,69.85266620451736,7332900
2022-05-24,70.20057678222656,70.3012955311179,69.88011121103848,69.88011121103848,6587100
2022-05-25,70.48442840576172,70.50273773149706,70.310458375959,70.42948645730371,5737200
2022-05-26,70.41118621826172,70.59430744175123,70.32877677775261,70.50274683000647,5328400
2022-05-27,70.61261749267578,70.70417809629981,70.50274057695118,70.60345933662549,6355300
2022-05-31,70.20976257324219,70.26469755403349,70.00832499616973,70.20060441456755,9067000
2022-06-01,69.89602661132812,70.30884978577993,69.77676129491533,70.23545682170104,7294600
2022-06-02,69.96022033691406,70.02443740924866,69.76756911991026,69.9969168066961,5276600
2022-06-03,69.85932159423828,69.89601807179434,69.71253568401403,69.71253568401403,5549600
2022-06-06,69.44646453857422,69.80424630707024,69.41894394086448,69.74920511165077,6698000
2022-06-07,69.68500518798828,69.8226152095136,69.55657103433437,69.58409163881214,6989800
2022-06-08,69.40059661865234,69.65746485320288,69.40059661865234,69.53820660119997,3778300
2022-06-09,69.30887603759766,69.44647905490937,69.27217956660246,69.3547413769895,4828500
2022-06-10,68.72175598144531,69.18962030312848,68.58414594601143,69.04284139803292,14690800
2022-06-13,67.61168670654297,68.11625435325817,67.30895311764891,68.07955788812114,11255300
2022-06-14,67.24476623535156,67.89611303582802,67.1530215317631,67.80437533137777,9530100
2022-06-15,68.01532745361328,68.06119977580084,67.42819812510767,67.74928338301953,9098600
2022-06-16,68.1621322631836,68.180476997686,67.34565509468186,67.4190410318271,8477600
2022-06-17,68.19881439208984,68.33642438302189,67.92360140936063,68.24468672211215,4913600
2022-06-21,67.88691711425781,68.14378541050404,67.83187590767251,67.98783065908827,7069900
2022-06-22,68.446533203125,68.57496736467974,68.38231612234763,68.47405380929574,8407600
2022-06-23,68.77678680419922,69.10704803968515,68.6942179957597,68.71256973058452,8542600
2022-06-24,68.64834594726562,68.9235589505138,68.60247361382322,68.6758665476769,6979000
2022-06-27,68.31808471679688,68.55660825215843,68.2446917829725,68.38230178410936,6238900
2022-06-28,68.35478973388672,68.35478973388672,68.17130737637481,68.28139679088196,5578800
2022-06-29,68.749267578125,68.749267578125,68.35478926112309,68.35478926112309,3896400
2022-06-30,69.04280853271484,69.21710796210084,68.96023975110353,68.96023975110353,4387100
2022-07-01,69.59341430664062,69.90594947038798,69.42795616419048,69.50149467483907,5801800
2022-07-05,69.71292877197266,69.83243063870717,69.58423984858192,69.72212284164924,6253900
2022-07-06,69.29008483886719,69.90596120263815,69.27170371462934,69.88757306538076,5312000
2022-07-07,69.09705352783203,69.3636254218246,69.03270907155932,69.35443135292284,7536700
2022-07-08,68.86724853515625,68.97755631913577,68.79371001250323,68.94998112639577,4187100
2022-07-11,69.1246337890625,69.29928604590069,69.07867746722422,69.11544673250701,4128600
2022-07-12,69.2441177368164,69.51068958137306,69.2441177368164,69.38200069269308,6013700
2022-07-13,69.46473693847656,69.51988732409912,68.8029042589278,68.82129239614834,6382700
2022-07-14,69.2441177368164,69.33603736972803,68.89481331352637,69.03269626940305,5598000
2022-07-15,69.49229431152344,69.58421393499678,69.27168581258387,69.27168581258387,5276400
2022-07-18,69.28087615966797,69.37279577820684,69.14299322535098,69.35440764668864,3438000
2022-07-19,69.22574615478516,69.33605394846556,69.10625130472982,69.29009061451036,3493400
2022-07-20,69.16140747070312,69.45555459872817,69.12463820307241,69.44636754158603,3966900
2022-07-21,69.73130798339844,69.76807724437673,69.33604719415615,69.33604719415615,6832900
2022-07-22,70.30122375488281,70.45748786037937,70.11737744281064,70.20011003649805,6617000
2022-07-25,70.0438461303711,70.10819059296695,69.94273240157469,69.98869573758049,4256200
2022-07-26,70.06222534179688,70.38394761377837,70.03465014891553,70.3287972280157,6964100
2022-07-27,70.25527954101562,70.49427630523383,70.17254692481556,70.18174099617593,5919600
2022-07-28,70.74243927001953,70.84355298610623,70.60455629235406,70.74243927001953,5140200
2022-07-29,70.68728637695312,70.93547011753247,70.54940340417822,70.5953667327763,6601700
2022-08-01,70.99401092529297,71.04927126817194,70.75453772781428,70.82822286965417,5370800
2022-08-02,70.27560424804688,71.08611979519068,70.22033687353532,71.0032222469246,10808300
2022-08-03,70.62559509277344,70.63480749262561,69.97165524331284,70.21112845045404,5747700
2022-08-04,70.80058288574219,70.80978825694496,70.58873988906296,70.6624250206906,9869900
2022-08-05,69.99925231933594,70.09135519330371,69.87030689038127,70.04530726981925,8946400
2022-08-08,70.31242370605469,70.41373900463985,70.23874560190255,70.27558816747906,8534700
2022-08-09,70.15583038330078,70.2387278916961,70.08214527072697,70.14662501447837,6888800
2022-08-10,70.34925842285156,70.67162907892924,70.28478569703604,70.45978610724963,4305000
2022-08-11,69.95321655273438,70.61636867036253,69.92558638566666,70.52426577113657,5179500
2022-08-12,70.27560424804688,70.27560424804688,70.0085008567489,70.19270669978079,4376800
2022-08-15,70.34925842285156,70.49662866871566,70.3308406556186,70.43215594290014,3922300
2022-08-16,70.25716400146484,70.26637639969184,70.02690323479669,70.24795160323785,4104000
2022-08-17,69.84268951416016,70.00847752844578,69.7321618289697,69.93479240498547,4131100
2022-08-18,69.97164154052734,70.14664196843678,69.94401137338392,70.03611427286228,4026800
2022-08-19,69.529541015625,69.59401375095538,69.40980794344033,69.56638358252823,5115800
2022-08-22,69.21637725830078,69.4097954294202,69.16110990440963,69.38216526597455,4158600
2022-08-23,69.18875122070312,69.49269006372955,69.08743593069421,69.18875122070312,6294800
2022-08-24,69.01374816894531,69.08743329104561,68.93085064983246,69.05059072999546,3808600
2022-08-25,69.3913803100586,69.44664767165492,69.00454391388857,69.05981127548489,3688400
2022-08-26,69.25324249267578,69.41903055463,69.12429700304496,69.29008506499919,4276600
2022-08-29,68.94007873535156,69.04139404454553,68.88481839470089,69.03218164543654,3263800
2022-08-30,68.99534606933594,69.15192171910417,68.80192082314977,69.0137638405433,6878700
2022-08-31,68.70983123779297,69.02298962506086,68.62694071078272,68.94009207104764,5155600
2022-09-01,68.33692169189453,68.4015295201564,68.06925867717388,68.3184582885482,6160700
2022-09-02,68.5123062133789,68.74304952172803,68.4661547350183,68.53076257968698,3600600
2022-09-06,67.8939208984375,68.25387996029227,67.87546452883929,68.24465529635725,6869800
2022-09-07,68.3830795288086,68.3830795288086,68.09696009635005,68.11542350331761,4208300
2022-09-08,68.17080688476562,68.41078190875865,68.15234347583609,68.26310280423147,3580300
2022-09-09,68.14310455322266,68.38307248527184,68.10618478481683,68.25385681671433,3831700
2022-09-12,68.06002044677734,68.36460319724812,67.9769562648623,68.29999537518381,4008200
2022-09-13,67.71855163574219,67.77392777881911,67.58010423632263,67.63548037939955,9481200
2022-09-14,67.80160522460938,67.89390112918221,67.6354697796878,67.65393318563805,4332200
2022-09-15,67.59856414794922,67.73701155462824,67.55241970687463,67.66317199883575,4967200
2022-09-16,67.52472686767578,67.66316722285542,67.39550413329626,67.45088731709524,5050000
2022-09-19,67.47856140136719,67.54316923430167,67.29396960490459,67.36780209845423,6374900
2022-09-20,67.14630126953125,67.26628525224211,67.0263172868204,67.10938149599096,4750500
2022-09-21,67.33087921142578,67.36779897735296,66.86016803973617,67.21089525345643,6360300
2022-09-22,66.63865661621094,66.90631966669649,66.55559241522892,66.89709500551588,5216100
2022-09-23,66.45405578613281,66.68479903539023,66.22331253687541,66.68479903539023,6885400
2022-09-26,65.60494232177734,66.2787088716738,65.58647891284119,66.24178909552879,8658900
2022-09-27,65.31881713867188,65.72492764275651,65.22652121730557,65.64186342604508,9946100
2022-09-28,66.33406066894531,66.36174872752088,65.79873473073793,65.92795036523985,11649700
2022-09-29,65.99256896972656,66.12178462535026,65.7802820830733,65.93719284352359,6100300
2022-09-30,65.83567810058594,66.33408445886535,65.76183855675347,66.17717366778975,8919100
2022-10-03,66.38695526123047,66.76620698265333,66.21121083215355,66.32220582795814,6762600
2022-10-04,66.55345916748047,66.82170885349456,66.48870972997082,66.62746054096561,6124400
2022-10-05,66.20198059082031,66.2667300453107,65.93373083445697,66.21123252922216,7252400
2022-10-06,65.95225524902344,66.2297499730402,65.89675065848932,66.1650004983866,7108400
2022-10-07,65.60997009277344,65.78572160052168,65.55447258807813,65.68397147047374,5023200
2022-10-10,65.31397247314453,65.60997093056558,65.17522165247469,65.60997093056558,4950700
2022-10-11,65.33247375488281,65.6284722325362,65.2399755538337,65.41572707583927,9225500
2022-10-12,65.40646362304688,65.50821374343477,65.22146725351934,65.25846793885667,5442000
2022-10-13,65.17523193359375,65.39722904738868,64.55548616828736,64.62948755860602,6668900
2022-10-14,64.86072540283203,65.51747174981486,64.83296959338787,65.50821981333347,6544400
2022-10-17,64.99948120117188,65.37873303838282,64.99948120117188,65.258486070496,19605200
2022-10-18,65.1474838256836,65.24923397409538,64.87923407597626,65.17523258303935,7008000
2022-10-19,64.6109619140625,64.83295895306337,64.54621248363898,64.74046077490956,6483600
2022-10-20,64.1762466430664,64.61099607311053,64.13924594081134,64.48149714379896,6260900
2022-10-21,64.2872314453125,64.36123282990332,63.90797964215493,63.9542322718143,6984400
2022-10-24,64.19473266601562,64.4629823898753,64.03748501804422,64.26873404994113,7259400
2022-10-25,64.80521392822266,64.94396473200355,64.6664701816008,64.69421893092517,7780900
2022-10-26,65.06422424316406,65.18447825636284,64.90697659515378,64.95322922440876,7001000
2022-10-27,65.40646362304688,65.5452144287721,65.10121326188322,65.24921600323256,5493300
2022-10-28,65.2769775390625,65.40647643452918,65.10122601357465,65.11972988844732,4828800
2022-10-31,65.07347106933594,65.11972369495805,64.80522136647927,65.08272300589233,6785000
2022-11-01,65.14116668701172,65.46566580812924,64.99282018961496,65.43785260825493,7019000
2022-11-02,65.03917694091797,65.57692235639178,64.90010387504717,65.2246029797124,10223800
2022-11-03,64.7888412475586,64.88156133655579,64.50142877760635,64.53851539849529,6408200
2022-11-04,64.80738067626953,64.99280668593886,64.659034209695,64.83519387036505,8780400
2022-11-07,64.55707550048828,64.83522170796577,64.55707550048828,64.81668192845815,6246100
2022-11-08,64.84449005126953,64.9650162925006,64.69614353263007,64.71469038423568,6358100
2022-11-09,64.93720245361328,65.02991549008063,64.70541632566929,64.77031615855157,7269400
2022-11-10,66.28153228759766,66.28153228759766,65.72524722082859,65.73452064278013,7014100
2022-11-11,66.28153228759766,66.31861890185537,66.05901967559971,66.13319290411516,4525300
2022-11-14,66.06832122802734,66.18884747052114,66.02196117207897,66.0961344321758,6914500
2022-11-15,66.5318832397461,66.54114959066655,66.32791034269079,66.43917021568922,11948800
2022-11-16,66.9119873046875,66.96762076012266,66.66166151264748,66.72656131603179,8856700
2022-11-17,66.63385009765625,66.66166328934109,66.43915068231414,66.56895029254221,6260600
2022-11-18,66.52261352539062,66.79148626163641,66.50407374896537,66.68949980742075,8564600
2022-11-21,66.52261352539062,66.79148626163641,66.49480032397739,66.74512621024721,6834600
2022-11-22,66.86566925048828,66.93056908775254,66.68950951782026,66.69878294415851,9534200
2022-11-23,67.27359771728516,67.27359771728516,66.96764543064684,66.96764543064684,4855000
2022-11-25,67.27359771728516,67.27359771728516,67.12525828642273,67.12525828642273,2536400
2022-11-28,67.19015502929688,67.37558107775043,67.11598178049532,67.31995467792443,5852100
2022-11-29,66.93981170654297,67.10669795370202,66.90273216144028,66.93981170654297,5437600
2022-11-30,67.45901489257812,67.4682812417493,66.76365673309505,66.8934563569813,5479900
2022-12-01,68.02120208740234,68.02120208740234,67.51941255224905,67.58445986900047,7462500
2022-12-02,68.29999542236328,68.30928992384294,67.64022760985492,67.78890418539261,6828300
2022-12-05,67.76103210449219,67.99334502895051,67.67740285470855,67.9840576165042,7552900
2022-12-06,67.98405456542969,68.05838930980312,67.83537089742782,67.90971273142875,7584100
2022-12-07,68.57876586914062,68.60664228074887,68.2442347505886,68.28140566260844,7472500
2022-12-08,68.38362121582031,68.52301037247145,68.27211556220102,68.37433380443672,5378100
2022-12-09,67.98405456542969,68.26282580849194,67.98405456542969,68.22565489149147,12079600
2022-12-12,67.98405456542969,68.30929122714939,67.88183631608528,68.26282580849194,7533500
2022-12-13,68.44866943359375,68.90400068709435,68.40220402237627,68.90400068709435,12563900
2022-12-14,68.61591339111328,68.67167329070998,68.23492404026433,68.49511327296602,9833900
2022-12-15,68.65310668945312,68.727448520083,68.49513561658503,68.65310668945312,7800400
2022-12-16,68.47655487060547,68.60664953161101,68.21636554859438,68.26282387630933,6541900
2022-12-19,68.06768798828125,68.21637166540675,67.97476423489178,68.1977826609521,6300000
2022-12-20,67.62161254882812,67.74241975262838,67.54727783451793,67.64949604252216,6130500
2022-12-21,67.77962493896484,67.92830153241363,67.67740667925646,67.87254869607386,8169000
2022-12-22,67.77033996582031,67.90043466199171,67.70529261773461,67.78892188400371,6833800
2022-12-23,67.55794525146484,67.64177929526191,67.48342768062004,67.53000293899471,4693400
2022-12-27,67.03636169433594,67.27854033752084,67.02704521787784,67.18538978571863,6959600
2022-12-28,66.94319152832031,67.23193822576273,66.93387505558091,67.17605360209943,7868200
2022-12-29,67.19467163085938,67.22261393944316,67.01769420131443,67.03632714462742,7391000
2022-12-30,66.91522979736328,67.13878246365472,66.87797812603327,67.04563907255923,7051900
2023-01-03,67.26919555664062,67.51137409792564,67.12947689411519,67.48342468031144,8634800
2023-01-04,67.65108489990234,67.77217772238812,67.52068271136866,67.71628599416918,5257100
2023-01-05,67.57657623291016,67.61382791086295,67.26919659190094,67.3809658385323,5632400
2023-01-06,68.32174682617188,68.35900561935969,67.5952181249798,67.66973571135543,5627200
2023-01-09,68.50802612304688,68.6011695328783,68.24721462657756,68.28447341178747,7398200
2023-01-10,68.23792266845703,68.3496919462139,68.07957101432069,68.28449083205957,4827900
2023-01-11,68.60118865966797,68.63844745526605,68.41489468167758,68.43352763267093,8453200
2023-01-12,69.1321029663086,69.1321029663086,68.56391886080131,68.81540680774326,5927600
2023-01-13,68.89924621582031,69.13210833924467,68.834045105517,68.98307316918682,6331600
2023-01-17,68.80610656738281,68.92719231991526,68.68501370846194,68.70364665893673,6815100
2023-01-18,69.43946838378906,69.54192825759218,69.18797338213196,69.48603653145392,5112800
2023-01-19,69.29975891113281,69.36496001161241,69.1693567101736,69.26250012423205,4765200
2023-01-20,68.99239349365234,69.1041698774328,68.86199126576938,69.04827813234836,4714300
2023-01-23,68.8247299194336,68.98307446079379,68.78747112622152,68.81541344453353,6116700
2023-01-24,69.1321029663086,69.16004528192576,68.72226338689022,68.88060791297914,3907700
2023-01-25,69.21592712402344,69.2625023857669,69.0016979753328,69.12278370692371,4414400
2023-01-26,69.08553314208984,69.253194155381,68.97376387082112,69.16936720192945,3866800
2023-01-27,69.01099395751953,69.04825273841031,68.88059177759469,68.92716703030463,4474100
2023-01-30,68.81541442871094,69.01101776608067,68.7967885850326,68.88993201620082,6258700
2023-01-31,69.1321029663086,69.1321029663086,68.79678096612766,69.03895954545555,5502300
2023-02-01,69.57653045654297,69.63255505366708,69.01633434826188,69.24041849019831,7473900
2023-02-02,69.62321472167969,69.89397771073526,69.60454460528405,69.83796023826852,4273500
2023-02-03,69.0069808959961,69.18437188115651,68.89493886067554,69.10967719094279,5332900
2023-02-06,68.5775146484375,68.68955672404687,68.55884453080942,68.63353924788233,5282300
2023-02-07,68.48413848876953,68.81091891782467,68.45612975531897,68.52148584112999,4674500
2023-02-08,68.60551452636719,68.7082108343163,68.38143042735467,68.52148120841784,4308200
2023-02-09,68.3254165649414,68.80158639633852,68.2880692131378,68.79224777756788,4268100
2023-02-10,68.03597259521484,68.28805827541372,67.99862524939319,68.26938816414182,3606100
2023-02-13,68.22271728515625,68.22271728515625,68.0359876380397,68.05465775343959,3805800
2023-02-14,67.98928833007812,68.23204252234251,67.79322010207622,68.1386777170956,4328000
2023-02-15,67.83989715576172,67.96127067431283,67.72785513021502,67.89591460689653,4370800
2023-02-16,67.57847595214844,67.74653545416957,67.50378838046652,67.62516191731805,5912000
2023-02-17,67.72786712646484,67.73720574440044,67.40108673150259,67.41041822615982,5165700
2023-02-21,67.13965606689453,67.3637330132119,67.12097883278943,67.29837694039942,16093200
2023-02-22,67.2890396118164,67.4570991055919,67.26103088340012,67.31704834023269,4375600
2023-02-23,67.53179168701172,67.55046179761332,67.31704623706644,67.34505496460764,4789200
2023-02-24,67.15833282470703,67.25169763464022,67.03695928412172,67.18634155535915,4345900
2023-02-27,67.2703857421875,67.39175930238804,67.19569103285814,67.2703857421875,3340500
2023-02-28,67.2890396118164,67.30770972300131,66.99960658714443,67.04628542674561,5032400
2023-03-01,66.8904037475586,67.21792946308052,66.85297121728107,67.07755925942108,4427800
2023-03-02,66.75003814697266,66.76875084363928,66.6003080155372,66.63774054839605,4966600
2023-03-03,67.26470947265625,67.26470947265625,66.93718378293443,67.07755397553652,4008600
2023-03-06,67.10564422607422,67.40509738389717,67.09628430690043,67.40509738389717,4538700
2023-03-07,67.03076171875,67.23663704987159,66.9184712759743,67.21792435591716,4253100
2023-03-08,66.97462463378906,67.28343766798766,66.85297425949513,67.17114007204485,4774500
2023-03-09,67.19921875,67.33958897271371,67.02142313145367,67.0588556668124,4597800
2023-03-10,68.00399780273438,68.15372793842558,67.76069704152492,67.85427480656901,4779500
2023-03-13,68.54676818847656,69.08016937548842,68.35025271321186,68.62163326653744,7270500
2023-03-14,68.11627960205078,68.49059771491403,67.994629249668,68.31279500491105,5432500
2023-03-15,68.81813049316406,69.10822366931689,68.50931748269659,68.88363563421551,6677200
2023-03-16,68.4906005859375,69.13629203968075,68.38766292209701,69.08950673581428,6964800
2023-03-17,68.98657989501953,69.17373541889647,68.771344616988,68.771344616988,4352700
2023-03-20,68.6871109008789,69.09885438616759,68.6496783768483,69.04270916988366,6924500
2023-03-21,68.49996185302734,68.65905189655982,68.43445670787587,68.49996185302734,3997700
2023-03-22,69.10822296142578,69.17372810180623,68.3783065001793,68.49995686387877,5220500
2023-03-23,69.26729583740234,69.35152079972629,68.94913009857008,69.06142766849406,5392100
2023-03-24,69.40769958496094,69.6416476141454,69.27668925977981,69.47320474755149,4638000
2023-03-27,68.6871109008789,68.99592386948838,68.6871109008789,68.87426638150795,5769800
2023-03-28,68.56546783447266,68.6590527339951,68.4999626885222,68.55611505614077,3473300
2023-03-29,68.64032745361328,68.70583259436775,68.45317194846476,68.46253186557965,4231300
2023-03-30,68.73391723632812,68.79942238854763,68.61226685064224,68.61226685064224,3455300
2023-03-31,69.08950805664062,69.1269405841641,68.75262244845393,68.86491289149976,4549200
2023-04-03,69.38314056396484,69.41128293208907,68.97036674543477,69.02665863894877,5346200
2023-04-04,69.6645736694336,69.72085840173096,69.15798960696206,69.19551514758199,4126700
2023-04-05,69.8521957397461,70.26496953830883,69.77714465686829,69.84281256507006,4345900
2023-04-06,69.83342742919922,69.98352241809106,69.81466108229756,69.89909532882645,4381700
2023-04-10,69.36438751220703,69.46758097597588,69.24242769651686,69.44881462405453,4224300
2023-04-11,69.39253234863281,69.44881709186451,69.24243015699304,69.43943391557042,4401600
2023-04-12,69.46758270263672,69.66458645911038,69.2799549650906,69.66458645911038,4134800
2023-04-13,69.43006896972656,69.69274068972243,69.37377706025062,69.61768958193288,5012700
2023-04-14,69.12046813964844,69.23304476814243,69.05480022900997,69.1861360502869,4349600
2023-04-17,68.74522399902344,68.93285172445334,68.7264648051134,68.90470219768945,5085500
2023-04-18,68.84841918945312,68.9422294758934,68.75460890301285,68.77336809739447,3728400
2023-04-19,68.7546157836914,68.78275815671326,68.62327993807826,68.7546157836914,4611000
2023-04-20,69.05481719970703,69.05481719970703,68.94224054354653,68.95162372087673,3605400
2023-04-21,68.932861328125,69.20490904268453,68.88595260091576,69.16739064963741,3371600
2023-04-24,69.20488739013672,69.2330369120151,69.06417556706813,69.06417556706813,2993000
2023-04-25,69.65519714355469,69.69272268775644,69.47695259791281,69.47695259791281,3508100
2023-04-26,69.41127014160156,69.68332491211315,69.32684305278636,69.61765701283547,5819900
2023-04-27,69.11107635498047,69.26117850760654,69.07355081682395,69.24241215989599,3078100
2023-04-28,69.4957275390625,69.51448673484936,69.31748297138769,69.44881881369547,4469100
2023-05-01,68.781005859375,69.27001894673494,68.7057719729045,69.2135899445329,4546500
2023-05-02,69.45811462402344,69.46752065596277,68.95029651980155,68.95970255174089,4825100
2023-05-03,69.74961853027344,69.75902455971642,69.4580961898255,69.60855678742182,4205600
2023-05-04,69.65558624267578,69.94710861025526,69.49571960075794,69.51452448669576,11535800
2023-05-05,69.40168762207031,69.4581094601113,69.2888367712887,69.41108647861071,3143200
2023-05-08,69.07254028320312,69.22300808246386,69.04432936451663,69.119563264147,9895900
2023-05-09,68.99730682373047,69.11955651767286,68.98790079351987,69.05372865559636,3827700
2023-05-10,69.42047882080078,69.47690064771592,69.2606121947424,69.28882310819996,5291800
2023-05-11,69.64616394042969,69.81543657311755,69.6085470026438,69.75901475378735,4745900
2023-05-12,69.27943420410156,69.64619051910549,69.27943420410156,69.59917470995372,2970500
2023-05-15,69.10074615478516,69.14776195271381,69.05372318215821,69.13835592324875,3268600
2023-05-16,68.93148040771484,68.95028529383168,68.79982468079994,68.90326231649107,3818500
2023-05-17,68.8092041015625,69.01609366390745,68.76218831220037,69.00668763615623,4574400
2023-05-18,68.52710723876953,68.65876296576552,68.48949029181367,68.65876296576552,3530000
2023-05-19,68.3390121459961,68.59292470578839,68.28259032146354,68.3860351162385,4166800
2023-05-22,68.32022094726562,68.53650943442827,68.2826039984766,68.37664278309947,5294900
2023-05-23,68.36722564697266,68.44245953233005,68.16034322428713,68.23556993494631,4561100
2023-05-24,68.17916107177734,68.42366765832993,68.16975504064466,68.40485559606459,4245100
2023-05-25,67.92523956298828,68.16973891701187,67.89702147626444,68.14152800498591,4012300
2023-05-26,68.0098876953125,68.0192937263498,67.77478714227634,67.8594270722131,3783100
2023-05-30,68.46128845214844,68.46128845214844,68.19796978854558,68.22618788352801,3533000
2023-05-31,68.68696594238281,68.77159868222603,68.42365451882853,68.47067031606426,4898400
2023-06-01,68.87271881103516,69.00471248925776,68.79729179687483,68.87271881103516,3984000
2023-06-02,68.48614501953125,68.84441246478559,68.48614501953125,68.83498948501803,4595500
2023-06-05,68.49559020996094,68.68415055025439,68.27873934481916,68.34473618323345,4674600
2023-06-06,68.58985900878906,68.5992891821751,68.38243835298441,68.53329235470223,5001900
2023-06-07,68.20332336425781,68.59931165191593,68.15618686811744,68.54273778618358,4326500
2023-06-08,68.54270935058594,68.58042284772267,68.27872206374289,68.28815223630559,3567600
2023-06-09,68.40129852294922,68.4955786772218,68.30701117556194,68.39186834958755,12690400
2023-06-12,68.54270935058594,68.55213952314864,68.26929908429426,68.47671252887517,4632800
2023-06-13,68.24101257324219,68.75013402480903,68.17501574765656,68.69356737233977,4302500
2023-06-14,68.29759216308594,68.45786915397215,68.07131114794824,68.3541588203128,5986200
2023-06-15,68.72186279296875,68.74072314252075,68.5144421065914,68.59929929334385,5061200
2023-06-16,68.57100677490234,68.66528693068325,68.39186944373826,68.52386310045449,3905300
2023-06-20,68.66529083251953,68.77842414863937,68.60871698134439,68.61814715539278,4921700
2023-06-21,68.7784194946289,68.81613299515531,68.42958220271042,68.53329253087936,3678700
2023-06-22,68.44844055175781,68.67471437897605,68.38244371910602,68.57101123605062,3975500
2023-06-23,68.64643096923828,68.81613813773183,68.53329765231943,68.8067151567321,4160000
2023-06-26,68.73129272460938,68.80671973631901,68.66529588764239,68.74072289935202,6287800
2023-06-27,68.59929656982422,68.85385373374363,68.51443938644076,68.75014339467245,4816100
2023-06-28,68.81611633300781,68.8255465041348,68.5804124066238,68.6935528808088,5517200
2023-06-29,68.29759216308594,68.36358899422233,68.18445165551708,68.33530566560889,5803000
2023-06-30,68.53329467773438,68.5521478320308,68.28816051319109,68.35415734290102,5611600
2023-07-03,68.33858489990234,68.6694064687678,68.3196766894704,68.51816963078969,3146500
2023-07-05,68.05502319335938,68.32913456880812,67.9983129816699,68.31022635733179,4415700
2023-07-06,67.62022399902344,67.70528931142735,67.4406320576783,67.65803320832606,5613400
2023-07-07,67.58240509033203,67.78089800215622,67.54459588645577,67.6202142942083,5726600
2023-07-10,67.81871032714844,67.89432873838103,67.62967151043554,67.63911840331316,4450800
2023-07-11,67.96048736572266,68.01719756372339,67.83760565489709,67.90376995635393,5709100
2023-07-12,68.4992446899414,68.54650077676565,68.27239672363123,68.31965281045548,6397500
2023-07-13,68.9151840209961,68.95298603080286,68.71668380696684,68.76394713628268,5868400
2023-07-14,68.59380340576172,68.8584607201025,68.58434929842927,68.78284228418485,7409300
2023-07-17,68.66939544677734,68.7072046502032,68.53706684047096,68.60323114362416,5942700
2023-07-18,68.75446319580078,68.9340551156307,68.74501630313385,68.88679180682226,7748400
2023-07-19,68.9151840209961,68.98134835521532,68.78284814118607,68.87737479981774,11522100
2023-07-20,68.59380340576172,68.69777695230573,68.46147474859133,68.68832284497329,5262100
2023-07-21,68.64103698730469,68.76391148389827,68.6126746775974,68.71664817908729,5170300
2023-07-24,68.52763366699219,68.77338995863683,68.51817956040613,68.72612663707696,3553400
2023-07-25,68.45198822021484,68.51815251746251,68.35746882577067,68.38582392296716,4200800
2023-07-26,68.67886352539062,68.69776452526547,68.45200825867455,68.61269199740453,4478200
2023-07-27,68.09282684326172,68.5937862359208,68.02666253123824,68.54652292246011,5342600
2023-07-28,68.32913970947266,68.34804071100123,68.15900185023433,68.21571206619035,5273200
2023-07-31,68.45198822021484,68.51815251746251,68.33856783142886,68.33856783142886,4607900
2023-08-01,68.02836608886719,68.22738942182596,67.95254561041466,68.17052767830597,11078000
2023-08-02,67.81037902832031,67.83880989495545,67.60187636547933,67.81037902832031,6546700
2023-08-03,67.39338684082031,67.47867945735331,67.31756636125394,67.41233834539246,5395200
2023-08-04,67.95254516601562,67.98098326822844,67.62083961325362,67.63979834806217,6925000
2023-08-07,67.8482894897461,67.92410996286763,67.79142775022409,67.88619972630687,4987400
2023-08-08,68.0947036743164,68.21791375308237,68.03784193374037,68.11366240826736,4338200
2023-08-09,68.1136703491211,68.19896296992876,68.06628073935732,68.09471161295988,4937800
2023-08-10,67.73456573486328,68.255815216515,67.72508636810213,68.17052260757933,5195800
2023-08-11,67.51658630371094,67.73456836384864,67.4976348000913,67.5355450379691,4576600
2023-08-14,67.4312973022461,67.59241039887505,67.32704595015939,67.44077666988278,7992400
2023-08-15,67.27964782714844,67.47867113849516,67.26069632491266,67.317558062258,5028100
2023-08-16,67.09010314941406,67.40285716267327,67.06167228105194,67.2796470922535,5149700
2023-08-17,67.02375793457031,67.11852990017594,66.89107573659494,67.09957839930982,7357800
2023-08-18,67.16593933105469,67.26071132464459,67.0332570939009,67.0616879689139,5094100
2023-08-21,66.84369659423828,66.94794794190284,66.76787611763886,66.91951707083771,4280100
2023-08-22,66.92899322509766,66.99533433127775,66.79631101273748,66.86265211891757,4302200
2023-08-23,67.53553771972656,67.5450098551907,67.26069394787388,67.27017331397576,5205800
2023-08-24,67.37443542480469,67.52607640041091,67.35548391817376,67.43130440597687,4186400
2023-08-25,67.37443542480469,67.49764552514466,67.15646056067037,67.29862216764127,4853100
2023-08-28,67.49764251708984,67.52607339108906,67.39339115866649,67.52607339108906,3969000
2023-08-29,67.91463470458984,67.93358620667986,67.39337801413991,67.41232951622992,6214600
2023-08-30,67.8862075805664,68.01888980856096,67.87673544330903,67.98098679825318,4721500
2023-08-31,67.99993133544922,68.10418267971073,67.93359022824993,67.97150046531215,4747100
2023-09-01,67.67301940917969,68.01513889527514,67.59699124550409,67.99613547957863,3940700
2023-09-05,67.30239868164062,67.53047594766382,67.2928933475097,67.52097786397846,4634300
2023-09-06,67.22634887695312,67.38791050340821,67.15032797970493,67.37840517233597,7800400
2023-09-07,67.4544448852539,67.46394296751139,67.2928832310987,67.36891139182534,4742800
2023-09-08,67.47345733642578,67.63501176177229,67.45445391892137,67.55898359086378,4270600
2023-09-11,67.36891174316406,67.42592923878416,67.31189424754398,67.37841707591558,4215800
2023-09-12,67.41641998291016,67.43542339481907,67.33088650321179,67.40691465173404,4246300
2023-09-13,67.52098846435547,67.58751131282447,67.34042333974816,67.34042333974816,6142500
2023-09-14,67.40692901611328,67.60649751067966,67.38792560015474,67.56848342831775,5227300
2023-09-15,67.27387237548828,67.39741268517186,67.25486171218701,67.37840927231426,4946100
2023-09-18,67.34040832519531,67.35941174175792,67.15984324084769,67.15984324084769,5882500
2023-09-19,67.19786071777344,67.3404117257493,67.16935196626736,67.29289230627553,4200900
2023-09-20,67.11231994628906,67.39741465012693,67.11231994628906,67.32138649559262,5518400
2023-09-21,66.69416809082031,66.79870498402319,66.68466275949912,66.7796943213808,9127100
2023-09-22,66.96975708007812,67.00777115059668,66.74167990740935,66.7891920577256,8149800
2023-09-25,66.47560119628906,66.69418035420723,66.46610311366483,66.62765752361383,22744300
2023-09-26,66.40907287597656,66.6086413512594,66.38056412957104,66.59914326942032,7329100
2023-09-27,66.1714859008789,66.62764756422217,66.03844025957956,66.61814223257403,7701800
2023-09-28,66.34255981445312,66.36157048181735,65.93391747146474,66.0574650579966,9004600
2023-09-29,66.31403350830078,66.64664759466856,66.22850727913905,66.580124777395,7650600
2023-10-02,65.8585433959961,66.10631306494066,65.82042442612384,66.05866253498783,6719800
2023-10-03,65.32488250732422,65.81088294139107,65.30581939003787,65.73465228359268,8099500
2023-10-04,65.75370788574219,65.78229529111633,65.42970759756997,65.59170774165608,7915900
2023-10-05,65.80136108398438,65.89665486258939,65.72512315292066,65.87759174459882,6845000
2023-10-06,65.5440444946289,65.69652032095529,65.26768751224802,65.31533802558691,8385100
2023-10-09,66.21114349365234,66.21114349365234,65.81089791451521,65.88713586010806,3561600
2023-10-10,66.1444320678711,66.28736911690085,65.88713083871734,65.97290033858529,11555900
2023-10-11,66.44935607910156,66.45888036580175,66.24922973123189,66.35405504851683,18074400
2023-10-12,65.87759399414062,66.33501432569334,65.8204191791151,66.31595120705181,6144000
2023-10-13,66.1825180053711,66.28734331415576,66.08722425296155,66.25875591547764,5570100
2023-10-16,65.8394775390625,66.00148497189787,65.81089013045914,66.00148497189787,4914800
2023-10-17,65.41065216064453,65.53453335529449,65.29629525527162,65.44877112910217,5851900
2023-10-18,65.12476348876953,65.32488989065041,65.0199454136436,65.27723936249785,5885900
2023-10-19,64.83887481689453,65.19146978227856,64.80075585276255,65.05804977259214,9433800
2023-10-20,65.0771255493164,65.1628877824599,64.9818317556735,65.01041916672132,5197700
2023-10-23,65.32488250732422,65.42017628240896,64.79122428004149,64.87699376693206,9587100
2023-10-24,65.5440444946289,65.5535760513862,65.2581632259383,65.36298126847822,9462100
2023-10-25,65.04852294921875,65.29628530074689,64.99134087002489,65.27722945464808,7392400
2023-10-26,65.48688507080078,65.496416629796,65.12475853347487,65.1342900924701,11426600
2023-10-27,65.48688507080078,65.48688507080078,65.29629024314261,65.43923454627392,5325500
2023-10-30,65.32488250732422,65.41064472376578,65.17240665082944,65.27723198455735,5905300
2023-10-31,65.30583190917969,65.5154826168256,65.28677605868933,65.41065726300263,9248200
2023-11-01,65.93949890136719,65.94905877774642,65.4233749576259,65.45205458676355,9330800
2023-11-02,66.32182312011719,66.4269598990048,66.15934165894546,66.36005533898997,8409100
2023-11-03,66.71370697021484,67.06734228180865,66.70414709118359,66.93353314357567,7994800
2023-11-06,66.42695617675781,66.58943762882485,66.36961149768703,66.55120541209442,7822000
2023-11-07,66.76148986816406,66.89529900256262,66.57033604532351,66.59900838954451,7986100
2023-11-08,66.97175598144531,67.04822041887643,66.78060217991762,66.79015476555894,6543700
2023-11-09,66.4747543334961,66.94308627007096,66.44607469929525,66.90485404985357,6979700
2023-11-10,66.5989990234375,66.78060023403229,66.54165434306015,66.77104035661944,4381800
2023-11-13,66.57990264892578,66.5990151163199,66.2931645936523,66.35050928788634,6058600
2023-11-14,67.39229583740234,67.44964051327484,67.28715907026987,67.37317608407862,8237100
2023-11-15,67.0195541381836,67.1342435126511,66.9335298152822,67.11513104759011,6793500
2023-11-16,67.42096710205078,67.48787165352007,67.29671787562185,67.29671787562185,5623900
2023-11-17,67.51654815673828,67.57389283523605,67.36362658339436,67.4878758174894,5657300
2023-11-20,67.61212158203125,67.6407939198088,67.39229546437055,67.45920001653458,6959100
2023-11-21,67.70771789550781,67.7459501208621,67.54523640679061,67.67904554950493,5737800
2023-11-22,67.76504516601562,67.88929438406551,67.61211632037079,67.84150958883804,4949100
2023-11-24,67.4400863647461,67.57389548118012,67.43053377932219,67.5261106779108,3534800
2023-11-27,67.85107421875,67.85107421875,67.57389610584582,67.62168820160689,5257000
2023-11-28,68.1378173828125,68.1569298473381,67.7650623421335,67.81284714947279,7051400
2023-11-29,68.49146270751953,68.5296876381047,68.30030159433944,68.38632591828319,7615800
2023-11-30,68.27162170410156,68.35763872648674,68.1473724633063,68.34808614092175,9880000
2023-12-01,68.8284912109375,68.85724445961279,68.24381744578396,68.26299115331871,7642900
2023-12-04,68.55052947998047,68.69430303289494,68.44510334131165,68.59845643516086,11164600
2023-12-05,68.991455078125,69.04896158931523,68.7710012641815,68.84768148752086,8393500
2023-12-06,69.1927261352539,69.3077391426002,69.05853941826481,69.15438602859594,9365200
2023-12-07,69.17355346679688,69.35566714800649,69.10646010729245,69.11604696225815,9876000
2023-12-08,68.83808898925781,68.96268885750023,68.732655518965,68.88601595307381,7349500
2023-12-11,68.84767150878906,68.89559115695928,68.63680458148303,68.80933140267638,12895800
2023-12-12,69.0489501953125,69.06811659167033,68.80933002138899,68.88601023207508,8052300
2023-12-13,69.93075561523438,69.97868257845217,69.17355493468624,69.2118950427349,7172600
2023-12-14,70.4579086303711,70.57292161849779,70.25662858852297,70.31413508258632,9105500
2023-12-15,70.35246276855469,70.47706258791406,70.2661957300558,70.35246276855469,7994600
2023-12-18,70.20872497558594,70.26623148876703,70.16079800618247,70.25665194498941,6144200
2023-12-19,70.3428955078125,70.41957571613946,70.29496854945135,70.31414225784668,6924100
2023-12-20,70.57294464111328,70.61128475387179,70.35249813353782,70.45793161546653,7496100
2023-12-21,70.56336975097656,70.75506301478231,70.45793626209462,70.71672289949531,6912600
2023-12-22,70.5162582397461,70.68928097553405,70.43935761636321,70.67966656419941,5890700
2023-12-26,70.58354187011719,70.63160659138524,70.47780535024494,70.50664124954703,6394600
2023-12-27,71.03532409667969,71.05454558506587,70.78540074577838,70.84307254458373,7467700
2023-12-28,70.86228942871094,71.02569772022858,70.7853888208277,70.94879711234535,8166600
2023-12-29,70.69888305664062,70.85267694293691,70.6315968563274,70.69888305664062,6939500
2024-01-02,70.40093231201172,70.51628328806024,70.3528749055621,70.42016114151131,8334200
2024-01-03,70.45858764648438,70.50664503668692,70.05486303362913,70.17982838217962,6477200
2024-01-04,70.14137268066406,70.2182732994563,70.05485765111113,70.13175826990337,5056900
2024-01-05,69.92990112304688,70.33361837976449,69.87222932455774,69.93951553401067,6223400
2024-01-08,70.23749542236328,70.34323194074693,69.9683505878037,70.00680089754746,7937500
2024-01-09,70.2278823852539,70.30478300624569,70.12214586480194,70.15098909790899,5649400
2024-01-10,70.10291290283203,70.40089359334694,70.10291290283203,70.35283621332763,6578400
2024-01-11,70.46818542480469,70.51625014231146,70.1125329163811,70.20865501774838,7537300
2024-01-12,70.61237335205078,70.78539607068626,70.50663683879318,70.64120924954896,4461200
2024-01-16,70.11254119873047,70.42974343734879,70.02602616372756,70.37207163644493,5724700
2024-01-17,69.94911193847656,70.01639813766296,69.81453954010378,69.93950486262543,12370300
2024-01-18,69.85299682617188,70.00679805891056,69.77609620980253,69.97796216118367,6086200
2024-01-19,69.85299682617188,69.86261123662965,69.62230231071027,69.76648913299118,7883100
2024-01-22,69.96833801269531,70.11252481490865,69.93950211898174,70.06446010295574,10321400
2024-01-23,69.80494689941406,69.86261870102975,69.73766068631336,69.86261870102975,6840400
2024-01-24,69.66073608398438,70.1029035226841,69.64150726763305,70.1029035226841,7483800
2024-01-25,69.987548828125,69.997163235779,69.84336938153632,69.92987704948953,8361100
2024-01-26,69.88182830810547,69.99717922537053,69.83377092614616,69.99717922537053,9120500
2024-01-29,70.16058349609375,70.22786969389009,69.98756079695382,70.07407581334655,7677600
2024-01-30,70.28555297851562,70.34322477042922,70.04524406734767,70.32400328434001,6688100
2024-01-31,70.58354187011719,70.73733577761067,70.43935503995985,70.55470597081508,9916600
2024-02-01,71.00965118408203,71.17353266763602,70.75900415607572,70.86504684658293,12060800
2024-02-02,70.37338256835938,70.50834463146987,70.24806275400843,70.40230195975722,7820000
2024-02-05,69.81424713134766,69.99741307632532,69.74676610238966,69.96849368604053,7577100
2024-02-06,70.14201354980469,70.20949457507527,69.89136658956532,69.92028597826983,8310500
2024-02-07,70.00706481933594,70.23842732787297,69.99742256963978,70.03598421354287,9257500
2024-02-08,69.82388305664062,69.9492028548195,69.78532142145947,69.8913640794877,7987500
2024-02-09,69.76605224609375,69.79497163706121,69.6889289669267,69.72749060651023,5940700
2024-02-12,69.78531646728516,69.8817168709545,69.70819320239794,69.8431552385109,6063000
2024-02-13,69.17800903320312,69.4093715456551,69.15872453348449,69.39009440081814,12938800
2024-02-14,69.43828582763672,69.49612461277066,69.22620047563747,69.2454849739362,6915700
2024-02-15,69.63109588623047,69.7371312101662,69.51541095800788,69.70821181683088,6733900
2024-02-16,69.40936279296875,69.41900504161215,69.274400731484,69.3226046198203,5029200
2024-02-20,69.49610900878906,69.61179390796327,69.45755473061045,69.52503574974222,7605000
2024-02-21,69.3033218383789,69.57324596803134,69.27440244661342,69.57324596803134,6625600
2024-02-22,69.33223724365234,69.42863766228807,69.25511396679157,69.34187949198007,11884200
2024-02-23,69.58289337158203,69.6503744089941,69.34188861584157,69.34188861584157,6147200
2024-02-26,69.45755767822266,69.60215461472744,69.34187277413905,69.60215461472744,5255800
2024-02-27,69.3515396118164,69.51542110121655,69.32262021426136,69.42865555366905,5534300
2024-02-28,69.50576782226562,69.53468721523217,69.3708057518343,69.40936739408342,5255300
2024-02-29,69.62145233154297,69.75641440116503,69.5732484403003,69.60216783309343,6002900
2024-03-01,69.91339874267578,69.9617378371261,69.42036800622171,69.54604670158841,6364500
2024-03-04,69.74905395507812,69.82639355192812,69.7007148631694,69.72971536811067,26404700
2024-03-05,70.12608337402344,70.20342297981071,69.98107345704999,70.03907447363507,6208600
2024-03-06,70.25175476074219,70.3870953832281,70.19375374410843,70.20342303871764,28955300
2024-03-07,70.36775207519531,70.42575308186024,70.24208076891813,70.41608378891293,7495500
2024-03-08,70.43543243408203,70.5417725451611,70.38709333795134,70.4837715302127,7187100
2024-03-11,70.40642547607422,70.48376507259334,70.33875517299745,70.47409577915099,5626200
2024-03-12,70.19375610351562,70.30009622125905,70.1357550849323,70.29042692632483,4699400
2024-03-13,70.07775115966797,70.20342987529433,70.05841994407778,70.12609026191065,6123200
2024-03-14,69.66204071044922,69.89405948649666,69.65237879307932,69.89405948649666,5214000
2024-03-15,69.62336730957031,69.71037618996043,69.57503559869497,69.633036601949,4783900
2024-03-18,69.53639221191406,69.64273234193635,69.50739169927377,69.61373182929607,5284200
2024-03-19,69.72007751464844,69.78774784137174,69.62339929746163,69.65240718792514,4560100
2024-03-20,69.84571838378906,69.98105897815982,69.63303819963238,69.76837879400314,5287200
2024-03-21,69.90373229980469,70.02941100029736,69.8360619901204,69.99074119826197,5492900
2024-03-22,70.1357421875,70.20341248857349,70.07773380407296,70.19374319541737,4169400
2024-03-25,70.00039672851562,70.08739823435526,69.95205764159863,70.08739823435526,7950500
2024-03-26,70.05838775634766,70.07771896305627,69.91337789175466,70.02938725853068,7603100
2024-03-27,70.30008697509766,70.32908748057505,70.1067379793983,70.15507707220065,7825200
2024-03-28,70.21308135986328,70.32909076269682,70.1550803462017,70.222750653977,5326400
2024-04-01,69.73409271240234,69.99589059126639,69.67591869377034,69.95710544634171,6157500
2024-04-02,69.65653228759766,69.66623042457982,69.40443990614992,69.50139908343836,9043000
2024-04-03,69.70500183105469,69.71469996612464,69.3850299513327,69.47229837194305,5419200
2024-04-04,69.85044860839844,69.8698374822338,69.68561728951269,69.8698374822338,12412900
2024-04-05,69.50138092041016,69.74378249903917,69.50138092041016,69.58864193791223,11531700
2024-04-08,69.44322204589844,69.52078494585987,69.39473876060066,69.43352390933674,13873100
2024-04-09,69.69530487060547,69.74378814926274,69.62743271899112,69.63713085422451,8886200
2024-04-10,68.88084411621094,69.22990303518327,68.85175710588162,69.21050676329021,8196500
2024-04-11,68.88084411621094,69.06507171164363,68.75479793894715,69.02628656536778,16574100
2024-04-12,69.03598022460938,69.18142267991966,69.02628948576312,69.09416164523984,12479100
2024-04-15,68.58026123046875,68.70630739440936,68.48329467627347,68.69660925948794,8079200
2024-04-16,68.40574645996094,68.46392048694673,68.27969287147697,68.37665204895698,14378900
2024-04-17,68.73539733886719,68.78388061803662,68.5123920087113,68.61904190736642,6568500
2024-04-18,68.55117797851562,68.73540558444788,68.4930039545415,68.72570744794864,6349500
2024-04-19,68.63843536376953,68.72569638568494,68.58026134915926,68.6966093783798,8338300
2024-04-22,68.66753387451172,68.72570789886753,68.57057470141515,68.60935985015593,5938300
2024-04-23,68.79358673095703,68.9487273409647,68.56088321345699,68.62875538095747,6044400
2024-04-24,68.6190414428711,68.68691359474298,68.48329713912732,68.68691359474298,4616600
2024-04-25,68.42512512207031,68.44451399566755,68.23120679605807,68.308769687957,5367500
2024-04-26,68.58026123046875,68.67722038715456,68.55116682570448,68.55116682570448,4256600
2024-04-29,68.78388214111328,68.82266728580568,68.66752670703607,68.69661371617788,4799500
2024-04-30,68.52208709716797,68.68691842079392,68.46391307647887,68.58026851536732,6605800
2024-05-01,68.76911926269531,68.98308179105567,68.56488432743666,68.66213799851513,8119200
2024-05-02,69.04142761230469,69.07060296956075,68.71076367009735,68.7496666197651,6014800
2024-05-03,69.39154815673828,69.58606290905016,69.22621618225752,69.48880182290466,7256900
2024-05-06,69.4596176147461,69.5082481516225,69.3818117237351,69.44016985198242,5584300
2024-05-07,69.59577178955078,69.76111115718382,69.54714867434639,69.67357767785128,4635400
2024-05-08,69.4304428100586,69.5082487016853,69.4304428100586,69.45961816442406,6774500
2024-05-09,69.615234375,69.65413732328747,69.40127186940825,69.44017481769572,4525200
2024-05-10,69.42072296142578,69.51798404679627,69.39154760380626,69.49852886173055,5562000
2024-05-13,69.47907257080078,69.63467693233692,69.46934497946161,69.63467693233692,5600500
2024-05-14,69.68331146240234,69.7319345819284,69.57633021147502,69.66385627860907,4272500
2024-05-15,70.13067626953125,70.17930680351591,69.96534432594775,70.0431427923544,4208200
2024-05-16,70.01398468017578,70.17932408445012,69.99453691377974,70.15014130488673,4359500
2024-05-17,69.83892059326172,70.01398015944089,69.82920042068109,69.95562944404085,4373500
2024-05-20,69.77084350585938,69.82920164225938,69.7611233331087,69.80001886406977,3699600
2024-05-21,69.91670989990234,69.95561284092892,69.87780695887578,69.95561284092892,4612300
2024-05-22,69.8292007446289,69.90699922553019,69.75139484374853,69.77084260897908,4306200
2024-05-23,69.62496185302734,69.87782733344044,69.54716336826749,69.84865197415806,3589900
2024-05-24,69.70276641845703,69.72222160425777,69.56660979776913,69.6055127493913,4025200
2024-05-28,69.37210845947266,69.7708507631223,69.35265327198928,69.7708507631223,4743400
2024-05-29,69.1192398071289,69.25539643337787,69.02198613409102,69.24566884008019,4877500
2024-05-30,69.42072296142578,69.45962591157817,69.30402153094768,69.36237224618672,3723200
2024-05-31,69.67359161376953,69.71249456570105,69.57633794393045,69.58606553690818,4193000
2024-06-03,70.06283569335938,70.07259311511203,69.779930004389,69.81895224866754,4798900
2024-06-04,70.32621002197266,70.37498967654744,70.15062112805624,70.1993933399007,5298400
2024-06-05,70.5213394165039,70.53109683848572,70.23843372088912,70.41403010290064,5506400
2024-06-06,70.53108978271484,70.56035460300046,70.40426563783514,70.40426563783514,4119700
2024-06-07,69.96528625488281,70.07259556972478,69.95552883278836,70.07259556972478,3826500
2024-06-10,69.85797119140625,69.89699343384056,69.78968412782912,69.86772861269776,3925100
2024-06-11,70.14087677001953,70.17014159112188,69.90675075846907,69.9262581582934,4073200
2024-06-12,70.46279907226562,70.8042343624694,70.45304165176519,70.64814540538703,4495700
2024-06-13,70.77497100830078,70.86276546642807,70.61888204798835,70.68716910744222,4339600
2024-06-14,70.88226318359375,70.95055022655035,70.82372611625274,70.88226318359375,3527000
2024-06-17,70.61888122558594,70.63839606676336,70.52132934789236,70.5993738271397,4019000
2024-06-18,70.86276245117188,70.96031432585062,70.69692351994492,70.70668094023209,8491900
2024-06-20,70.72620391845703,70.75546874303434,70.57987235283784,70.62865202228843,4227800
2024-06-21,70.74569702148438,70.90178597799152,70.65790256549742,70.86276373886473,4117000
2024-06-24,70.78470611572266,70.80422095302765,70.68715425738685,70.76519872114739,31937200
2024-06-25,70.82374572753906,70.833503148586,70.70668644590198,70.7944809071298,5959300
2024-06-26,70.4920654296875,70.55059506850537,70.46280061027856,70.53108766980984,5910600
2024-06-27,70.61888122558594,70.68716828424456,70.58961640655099,70.62863864617465,5514800
2024-06-28,70.28719329833984,70.77496005976418,70.28719329833984,70.77496005976418,4824500
2024-07-01,69.91632843017578,70.21967938138923,69.86740615558858,70.0435427684889,4960000
2024-07-02,70.121826171875,70.2001033030069,70.03375413411028,70.15118102925322,6080100
2024-07-03,70.52302551269531,70.55238037167494,70.26860429215445,70.31753403420747,4438600
2024-07-05,70.845947265625,70.89486954437669,70.66981063773112,70.70895294011096,4201700
2024-07-08,70.845947265625,70.89486954437669,70.73830780048814,70.83615982362234,4742300
2024-07-09,70.81658172607422,70.8655039974484,70.66001254016555,70.81658172607422,8533200
2024-07-10,70.87529754638672,70.91443984623737,70.767658088205,70.86551010501647,5591500
2024-07-11,71.22757720947266,71.37435898075574,71.20800232496504,71.26671951285688,4978100
2024-07-12,71.41349029541016,71.41349029541016,71.23735369009962,71.28627596257874,4656800
2024-07-15,71.18843841552734,71.34500763678277,71.1688709956861,71.24714814068244,4557200
2024-07-16,71.46240997314453,71.47219741353693,71.2471310782894,71.25691851868179,4636600
2024-07-17,71.5309066772461,71.57004897294127,71.32541522406859,71.37434496009494,8365100
2024-07-18,71.3449935913086,71.54069761371883,71.30585129370056,71.41349074571517,7673700
2024-07-19,71.1590805053711,71.42328172288526,71.13950562073683,71.42328172288526,5593100
2024-07-22,71.12972259521484,71.286284337423,71.04165054939779,71.26671691925851,5055700
2024-07-23,71.13951110839844,71.26672547144126,71.12973113095794,71.16887343761483,6981700
2024-07-24,70.93402099609375,71.27650685405395,70.93402099609375,71.22758456899209,5080200
2024-07-25,71.090576171875,71.24713790500671,71.012291572494,71.012291572494,4567700
2024-07-26,71.37435913085938,71.39392654977713,71.2764996393775,71.32542938511844,3692700
2024-07-29,71.46240997314453,71.5700494205721,71.39391282165695,71.48198485392932,5185000
2024-07-30,71.55049133300781,71.59941361008829,71.40370957050523,71.5700587507139,4282400
2024-07-31,71.94189453125,71.94189453125,71.618983634409,71.80490021971018,6041400
2024-08-01,72.2108383178711,72.31880673328381,72.08324268531338,72.14213182519447,8733700
2024-08-02,73.03532409667969,73.06476866677272,72.63289500288525,72.76049063610377,6476300
2024-08-05,72.96661376953125,73.41812216172403,72.81939091169282,73.40830480838598,8354200
2024-08-06,72.51510620117188,72.90771792569922,72.51510620117188,72.88809070927346,6484400
2024-08-07,72.33843994140625,72.51511486412758,72.23047151705174,72.44640836576077,5907200
2024-08-08,72.23046875,72.26973067448364,72.1126904649955,72.14213503624663,4357500
2024-08-09,72.48566436767578,72.57400556603989,72.44640244489685,72.53474364326095,6093100
2024-08-12,72.61326599121094,72.65252042473419,72.37769445939591,72.44640095073048,4822900
2024-08-13,72.88809204101562,72.89790190518484,72.77030627497162,72.81938554960144,4049000
2024-08-14,73.0255126953125,73.10403654759092,72.88809969804862,72.9371714893876,6333600
2024-08-15,72.72122955322266,72.72122955322266,72.54456213062362,72.59363391853017,5108300
2024-08-16,72.87828826904297,72.87828826904297,72.68198611083525,72.84884369415654,4647700
2024-08-19,72.96661376953125,73.04513761934273,72.83901812992245,72.86846270149013,4964700
2024-08-20,73.18254852294922,73.20218322906477,73.03532566931396,73.11384202843735,4444000
2024-08-21,73.33959197998047,73.45737025608257,73.1236551558655,73.27088548943897,4541800
2024-08-22,73.04513549804688,73.20218319310904,72.95680178590911,73.18254848700313,3999700
2024-08-23,73.3690414428711,73.39848601386063,73.10403281551892,73.20218388163282,4292000
2024-08-26,73.29051971435547,73.46719463384893,73.29051971435547,73.46719463384893,4427200
2024-08-27,73.29051971435547,73.31996428619662,73.113844794862,73.13347950172047,3715900
2024-08-28,73.24144744873047,73.34941587041162,73.22181274199943,73.29051923866504,5179900
2024-08-29,73.13347625732422,73.18254804540034,73.04513505727326,73.13347625732422,3840800
2024-08-30,72.98624420166016,73.26107017145827,72.94698227905384,73.17273646192861,5037400
2024-09-03,73.29734802246094,73.40564558257,73.17921069236,73.25797391994382,6220100
2024-09-04,73.62224578857422,73.65178012313967,73.31704764969747,73.336734702316,7338600
2024-09-05,73.79945373535156,73.82898806768716,73.57301884659549,73.76991940301596,9994300
2024-09-06,73.8880615234375,74.19325962803576,73.71084802467331,73.83883263050737,22536000
2024-09-09,73.98651885986328,74.04558752799782,73.7797710101172,73.86837401231901,5040900
2024-09-10,74.23265075683594,74.2523378097672,73.9766740010768,74.01605561821478,5653900
2024-09-11,74.19326782226562,74.34094700609187,74.06528320229637,74.11450458938825,6471000
2024-09-12,74.11449432373047,74.22279187611765,74.02589133247237,74.16372321527892,5685900
2024-09-13,74.27202606201172,74.35078177831923,74.19326283442942,74.29171311326989,4786700
2024-09-16,74.46892547607422,74.49845980814533,74.27202492141706,74.33109358555926,4734900
2024-09-17,74.37047576904297,74.48862060950806,74.33109415555461,74.4689260471265,5398400
2024-09-18,74.14403533935547,74.49846235889332,74.13419556917799,74.25233290150732,5695700
2024-09-19,74.14403533935547,74.18341695389022,74.0062034441213,74.05543234010848,5135600
2024-09-20,74.13419342041016,74.22279641708901,73.97666696683702,74.0554301936236,4265000
2024-09-23,74.08496856689453,74.1932661318146,73.88806800046267,74.01605261751587,6632500
2024-09-24,74.17356872558594,74.2031105695661,73.90775221996326,73.95698111532201,5017900
2024-09-25,73.89790344238281,74.06527717644876,73.89790344238281,74.06527717644876,4793100
2024-09-26,73.89790344238281,74.00620100095944,73.76007155169887,73.97666666885212,4919700
2024-09-27,74.11449432373047,74.16372321527892,73.98650972148847,74.06527294345628,3927900
2024-09-30,73.94712829589844,74.09480745963977,73.86836507373314,74.08496017905054,5661900
2024-10-01,74.16535186767578,74.31346684380539,74.10610889060018,74.1850970155541,6267100
2024-10-02,74.02711486816406,74.05673635735647,73.8296257178133,73.90862137795361,6902500
2024-10-03,73.70126342773438,73.90862138554337,73.70126342773438,73.88887623722667,7733800
2024-10-04,73.21743774414062,73.36555274288047,73.17793990891388,73.2371828950331,5218300
2024-10-07,73.00019836425781,73.08906283728572,72.96070053176499,73.01007470574133,7044200
2024-10-08,73.10881042480469,73.10881042480469,72.89157612795533,72.95081910584489,8642400
2024-10-09,72.91131591796875,73.01006425178213,72.8718256245716,73.01006425178213,4997800
2024-10-10,72.88169860839844,72.92119643749956,72.69409333696885,72.86195346056817,4579000
2024-10-11,72.8915786743164,72.99031948539529,72.80271420437772,72.90145501545659,8508000
2024-10-14,72.84220123291016,72.84220123291016,72.65459596031228,72.6743411082655,3380100
2024-10-15,73.1285629272461,73.1581844191698,72.92120495033862,73.05944360161027,4456200
2024-10-16,73.22731018066406,73.30629831346288,73.1779360059036,73.20755749738333,7437800
2024-10-17,72.871826171875,73.05943143396104,72.83232834474103,73.05943143396104,4250400
2024-10-18,72.91131591796875,73.04956207861945,72.91131591796875,72.9705664249448,3930300
2024-10-21,72.4176025390625,72.72370880589884,72.3978573928666,72.72370880589884,5259900
2024-10-22,72.4472427368164,72.56572869915365,72.35837073162232,72.52623086722753,4633000
2024-10-23,72.2695083618164,72.44724484393286,72.16089120422072,72.4373685023038,6429400
2024-10-24,72.38798522949219,72.51635505421181,72.24974659782522,72.35836374176932,6219500
2024-10-25,72.23987579345703,72.55585087616494,72.21024677311298,72.55585087616494,4641400
2024-10-28,72.15100860595703,72.35836656153812,72.03251511700753,72.31886873188829,4582800
2024-10-29,72.21025085449219,72.22012719516509,71.87453060601996,71.98314775309994,5543800
2024-10-30,72.14112854003906,72.50647779535397,72.10163071242877,72.34848648491283,4610300
2024-10-31,72.13127136230469,72.23988852238429,71.9140370421455,72.03252301063849,6115700
2024-11-01,71.85193634033203,72.38681517844198,71.82222210883047,72.34719368409746,6409800
2024-11-04,72.1391830444336,72.31747598191355,72.01041130473713,72.1292757820661,6860100
2024-11-05,72.31747436523438,72.33728133249959,71.91135974454279,71.91135974454279,6236900
2024-11-06,71.72317504882812,71.90146044503949,71.54488209558912,71.57459632829101,6382500
2024-11-07,72.2580337524414,72.33727673051456,71.81230522557594,71.81230522557594,6590200
2024-11-08,72.39671325683594,72.54529196803111,72.26794907088129,72.26794907088129,5398500
2024-11-11,72.2580337524414,72.30756250299372,72.15898380836312,72.30756250299372,4372000
2024-11-12,71.82222747802734,72.12928463586776,71.77269871713726,72.05004164125478,7197800
2024-11-13,71.7925033569336,72.2283246532272,71.72316763545322,72.2283246532272,5458100
2024-11-14,71.77269744873047,72.03023339815738,71.72317624574345,71.91136890833856,6643300
2024-11-15,71.7925033569336,71.97079629174408,71.51515291398528,71.653824356946,18467300
2024-11-18,71.86184692382812,71.92127538957735,71.64393247337739,71.71326820242737,4964800
2024-11-19,71.99060821533203,72.08965817326207,71.97080124655697,72.06985120448701,4900500
2024-11-20,71.91136932373047,72.00051958086651,71.81231936015651,71.82222662362224,6557800
2024-11-21,71.87173461914062,72.05002754362027,71.81230616332289,71.91135610869459,5115500
2024-11-22,71.90145874023438,71.98070173024564,71.83212301323138,71.93118052925921,10409500
2024-11-25,72.56510162353516,72.57500132846388,72.31747297383693,72.31747297383693,10207100
2024-11-26,72.43633270263672,72.48586145731073,72.24814006033476,72.48586145731073,5537900
2024-11-27,72.63444519042969,72.72358788657903,72.51558070520309,72.51558070520309,5366600
2024-11-29,72.9018783569336,72.93159258797297,72.80282840112662,72.80282840112662,3870800
2024-12-02,72.94459533691406,73.00421198449077,72.69621411532556,72.81543983048564,6212800
2024-12-03,72.77569580078125,73.07375628998305,72.72601652591658,73.05388154803994,6249200
2024-12-04,73.02407836914062,73.07375764492646,72.6167295316779,72.72601787441214,6769700
2024-12-05,73.03401947021484,73.0836911685442,72.87505184357614,72.90485637857249,6146200
2024-12-06,73.23271942138672,73.31220323253302,73.09362654187738,73.25259416417,4880500
2024-12-09,73.01414489746094,73.17311252447101,72.9942777340815,73.17311252447101,5432900
2024-12-10,72.9346694946289,72.99427856543976,72.84524830841887,72.90485737922972,5751900
2024-12-11,72.77569580078125,73.11349061388306,72.74589126785969,73.11349061388306,4642900
2024-12-12,72.4875717163086,72.73595292733486,72.45776718378433,72.53725099051105,6880600
2024-12-13,72.19945526123047,72.43790670340421,72.16965072595718,72.43790670340421,5171400
2024-12-16,72.27894592285156,72.41803882063344,72.17959493586372,72.27894592285156,7871100
2024-12-17,72.28887176513672,72.36834799405352,72.23919248956966,72.2689970229126,6084800
2024-12-18,71.72256469726562,72.34848265320481,71.71262732590338,72.28887358501824,7962700
2024-12-19,71.52385711669922,71.65302020794351,71.41456876872034,71.57353639486912,7669100
2024-12-20,71.74243927001953,71.94114881782112,71.72257210523647,71.83186046152879,6696400
2024-12-23,71.51392364501953,71.74243012085766,71.47418174052741,71.66294631187343,7605400
2024-12-24,71.61658477783203,71.61658477783203,71.38733622014732,71.4172375446619,4185300
2024-12-26,71.66642761230469,71.6863592943964,71.3973004741033,71.3973004741033,8714400
2024-12-27,71.51691436767578,71.69632992741671,71.50694472418743,71.65645895807319,9018700
2024-12-30,71.79600524902344,71.84584586303582,71.66643029904527,71.66643029904527,8054500
2024-12-31,71.67639923095703,71.93554912833977,71.64649030008061,71.85580718855589,8724200
2025-01-02,71.706298828125,71.95548668048339,71.61658724687891,71.95548668048339,8053300
2025-01-03,71.61658477783203,71.82590165404352,71.5966530963588,71.7361976804998,6857000
2025-01-06,71.54681396484375,71.64648758348936,71.4670720280834,71.54681396484375,5375700
2025-01-07,71.2976303100586,71.53684852980217,71.20792632938354,71.48701551985273,7875900
2025-01-08,71.37737274169922,71.42721335660104,71.2178888577015,71.24779778940868,5844300
2025-01-10,71.0085678100586,71.5069435114858,70.94876515936242,71.5069435114858,9602400
2025-01-13,70.93879699707031,71.01853893606982,70.86902470159822,71.0085692925424,11856300
2025-01-14,70.98863983154297,71.01854115845101,70.87899656314006,70.9188675338875,5166000
2025-01-15,71.5567855834961,71.64648956137063,71.36740037961448,71.36740037961448,5867900
2025-01-16,71.69632720947266,71.79600082674801,71.40726839614746,71.46707104559076,8494100
2025-01-17,71.71626281738281,71.86577705378616,71.67639945197787,71.86577705378616,5600200
2025-01-21,71.92558288574219,71.97541589173726,71.83587130757589,71.97541589173726,8491600
2025-01-22,71.77606964111328,71.96544723386219,71.73619867300572,71.91561422718495,6616600
2025-01-23,71.66642761230469,71.76610123198272,71.56675399262666,71.76610123198272,7529700
2025-01-24,71.80597686767578,71.85580987844874,71.63653094274932,71.76610589629128,5555700
2025-01-27,72.18473815917969,72.20467744675449,72.02526188163152,72.10499621810057,8621200
2025-01-28,72.14486694335938,72.15483658711288,71.97542102259989,72.15483658711288,4424300
2025-01-29,72.10499572753906,72.25450996489268,71.93554980735631,72.19470731179523,5780200
2025-01-30,72.20467376708984,72.29437774277484,72.1448635120235,72.22460544903883,5622300
