Date,Close,High,Low,Open,Volume
2015-01-02,172.59286499023438,173.81109879252688,171.54267227773067,173.3910217075254,121465900
2015-01-05,169.47592163085938,171.70232533502883,169.16506865096244,171.53429704372607,169632600
2015-01-06,167.87957763671875,170.31601909726237,167.07302415986425,169.78671797745997,209151400
2015-01-07,169.97161865234375,170.31608500073534,168.77020412663234,169.2238818193465,125346700
2015-01-08,172.98773193359375,173.2061802141637,171.38304727257352,171.3998411251291,147217800
2015-01-09,171.60147094726562,173.42460376363718,170.9797523125728,173.40779709250117,158567300
2015-01-12,170.25726318359375,171.89557431876867,169.64395413622213,171.73594295115782,144396100
2015-01-13,169.7783660888672,172.6348853051518,168.4593178117583,171.49227505469077,214553300
2015-01-14,168.75335693359375,168.9549985373519,166.82940964087237,167.7367648084479,192991100
2015-01-15,167.20748901367188,169.71954181506166,167.08986794089512,169.40029194308786,176613900
2015-01-16,169.40032958984375,169.55996097117412,166.81265259394607,166.99748758077723,211879600
2015-01-20,169.76156616210938,170.316071045343,168.17367513811234,170.0472155311437,130991100
2015-01-21,170.6185302734375,171.1058212872163,168.82060065281627,169.29108499170977,122942700
2015-01-22,173.15574645996094,173.2901613584639,169.9883622550942,171.3830209873916,174356000
2015-01-23,172.20640563964844,173.15578397826133,172.0719778922857,172.89532541034518,117516800
2015-01-26,172.60968017578125,172.70209765182875,171.26544112932362,171.98797426394884,92009700
2015-01-27,170.3328857421875,171.49228994750163,169.49273145035025,170.52611763978365,134044600
2015-01-28,168.14846801757812,171.635102963637,167.95523613312614,171.53428855779006,168514300
2015-01-29,169.70274353027344,169.96318926892573,166.92182248985472,168.3500948187939,173585400
2015-01-30,167.5687713623047,169.85399206739936,167.29992865450734,168.5097528889383,197729700
2015-02-02,169.64393615722656,169.73635363290484,166.23291212357785,168.07285189043168,163107000
2015-02-03,172.09718322753906,172.10559297416876,170.173235750488,170.55130257648872,124212900
2015-02-04,171.44180297851562,172.55081228125232,170.979715769042,171.32418194517064,134306700
2015-02-05,173.172607421875,173.3238418684334,172.03840676150702,172.1140175749173,97953200
2015-02-06,172.69369506835938,174.11355769033904,172.1643938301755,173.54224617901212,125672000
2015-02-09,171.92080688476562,172.76935825270334,171.50912659471734,172.03842799338807,87219000
2015-02-10,173.7522430419922,174.01268872536852,171.96271095723785,172.9709059918632,96164200
2015-02-11,173.85313415527344,174.29001800846677,172.92897205859057,173.58429142851156,91087800
2015-02-12,175.52500915527344,175.58382610114808,173.8867110737457,174.6596513783707,97545900
2015-02-13,176.24752807617188,176.29793527158748,175.39056729490355,175.6510258374414,93670400
2015-02-17,176.5247802734375,176.7012182769293,175.67622923884286,175.92826521563927,76968200
2015-02-18,176.54153442382812,176.61714519437277,175.8778056964328,176.1466610846766,80652900
2015-02-19,176.4156036376953,176.78527359617777,175.79389763455464,175.9367223331069,91462500
2015-02-20,177.4741973876953,177.549808197294,175.36540190859282,175.99551762805618,140896400
2015-02-23,177.4489288330078,177.4489288330078,176.8356071936797,177.22208366750655,74411100
2015-02-24,177.95306396484375,178.15470559351675,177.0708994665365,177.37335549967796,72472300
2015-02-25,177.80181884765625,178.31431336883128,177.45735258495586,177.82702244544072,73061700
2015-02-26,177.59181213378906,177.86906457882029,176.97849029187,177.70943321776565,72697900
2015-02-27,176.98687744140625,177.7598177259541,176.93647024324324,177.49096224277133,108076000
2015-03-02,178.10430908203125,178.16311321492225,177.03730956499425,177.08771677025416,87491400
2015-03-03,177.3733367919922,178.15468680342147,176.49958213270352,177.66739586699202,110325800
2015-03-04,176.6256103515625,176.8440586438338,175.64263149554804,176.76843502434386,114497200
2015-03-05,176.81884765625,177.10449698987802,176.30635311310093,176.95326257695234,76873000
2015-03-06,174.33201599121094,176.38199451956675,173.9959594015324,175.94511069719488,188128000
2015-03-09,175.0545654296875,175.41582565610494,174.374042439654,174.53367382146203,89818900
2015-03-10,172.21473693847656,173.7522200612244,172.1727266809681,173.66821236593822,157121300
2015-03-11,171.8115692138672,172.65172358655113,171.72754864870345,172.47528552760264,110145700
2015-03-12,173.99594116210938,174.0631422172109,172.3996404791283,172.45004768032234,93993500
2015-03-13,172.92897033691406,174.6932867692366,171.87877740586327,173.7187174722223,162410900
2015-03-16,175.2394256591797,175.33184316618394,172.95420441302034,173.6683408598477,136099200
2015-03-17,174.71849060058594,175.1049543923043,173.89513017177603,174.49164535430265,94510400
2015-03-18,176.81884765625,177.4993704650782,173.59264598442994,174.23956826801628,228808500
2015-03-19,176.01231384277344,176.82726448375803,175.61744032313197,176.39879043509313,117917300
2015-03-20,177.5659942626953,178.0807766541821,176.78960346974154,176.9752635372918,177715100
2015-03-23,177.21990966796875,178.15664399129204,177.21990966796875,177.5743479420697,71784500
2015-03-24,176.22415161132812,177.55750944816845,176.1566377031274,177.0933722543505,77805300
2015-03-25,173.6417694091797,176.6713960736877,173.59958448960504,176.43510386544747,159521700
2015-03-26,173.22830200195312,174.15658934196193,172.2578039793083,172.96669363452372,153067200
2015-03-27,173.62490844726562,173.80212117298348,172.91601891351377,173.11012621096114,118939000
2015-03-30,175.74314880371094,176.04695500219566,174.65451743736938,174.67138625947828,96180400
2015-03-31,174.2071990966797,175.61653093808698,174.1481324779222,174.90764137427183,126768700
2015-04-01,173.5911407470703,174.1987529740777,172.58689240307308,174.1734368710324,137303600
2015-04-02,174.21566772460938,174.67137054285138,173.33799972930748,173.52365977150743,86900900
2015-04-06,175.388671875,175.91188853868888,173.17764622964566,173.31266116168882,114368200
2015-04-07,174.9244842529297,176.17345902551236,174.8907337464092,175.4139502977024,81236300
2015-04-08,175.51528930664062,175.9625577506804,174.7557802559596,175.15241648021575,89351900
2015-04-09,176.2916259765625,176.52791818104268,174.84855664755557,175.34645715864173,85548900
2015-04-10,177.25367736816406,177.2958751642363,176.34227193319273,176.5448007512044,72722900
2015-04-13,176.45199584960938,177.7516160425228,176.4013636379044,177.1102403556965,74436600
2015-04-14,176.78958129882812,176.97524134309504,175.61655440657577,176.2494828637687,75099900
2015-04-15,177.58277893066406,178.0975610782001,177.17770846477015,177.26210404710375,99529300
2015-04-16,177.5321807861328,178.04696303241397,177.04271464401626,177.2452563542936,68934900
2015-04-17,175.4899139404297,176.57011052094984,174.69664175977545,176.32538391564282,191113200
2015-04-20,177.0933380126953,177.43089461146985,176.34226363500693,176.42664634622113,92189500
2015-04-21,176.88238525390625,177.94570026958374,176.5785791241469,177.78535635707732,72559800
2015-04-22,177.75157165527344,177.93723163647041,176.2916079052284,177.22834221873742,78264600
2015-04-23,178.19886779785156,178.85711224255627,177.22836994848225,177.34651605709695,102585900
2015-04-24,178.61239624023438,178.88245188229166,178.1566934404649,178.62084352714976,61327400
2015-04-27,177.86973571777344,179.31280504466503,177.67562843248118,179.18622453422168,79358100
2015-04-28,178.43515014648438,178.4857823506675,176.6545113299407,177.84441963608208,86863500
2015-04-29,177.700927734375,178.3085269599896,176.88233956499238,177.53213657936058,125684900
2015-04-30,175.92034912109375,177.51532821423933,175.2114595087256,177.11869204341292,161304900
2015-05-01,177.8275604248047,177.86975822594542,176.61233586293298,176.71360028410197,103399700
2015-05-04,178.33389282226562,178.92462335613413,178.1482328149127,178.25793163601406,70927200
2015-05-05,176.2916259765625,178.45203208131755,176.14816377219663,178.0891464892491,113326200
2015-05-06,175.56590270996094,177.16088184701815,174.48570588047045,176.84864127384162,135060200
2015-05-07,176.266357421875,176.69675702803127,175.12709388802313,175.46465059206156,88244900
2015-05-08,178.58705139160156,178.78959309054744,177.87817476073045,177.96257035453118,155877300
2015-05-11,177.73475646972656,178.81495337709362,177.6588081427155,178.5449105887333,75708100
2015-05-12,177.20306396484375,177.75160961806452,176.05535332548808,176.89082341930757,119727600
2015-05-13,177.23680114746094,178.24948382609398,177.0005089516785,177.61655554232846,94667900
2015-05-14,179.0849609375,179.17779093789895,177.98788262650126,178.26637262769813,95934000
2015-05-15,179.27903747558594,179.4224996660909,178.78957142017936,179.27903747558594,76510100
2015-05-18,179.8360595703125,180.08922062644353,179.0427872558722,179.11030116316087,74549700
2015-05-19,179.77700805664062,180.23272378253543,179.49008356372207,179.95423370048042,72114600
2015-05-20,179.65037536621094,180.40988418630758,179.32968756898995,179.87822028606428,76857500
2015-05-21,180.1736297607422,180.384605908003,179.33815958188296,179.50695080126133,64764600
2015-05-22,179.7432098388672,180.20734697549716,179.6756959389851,179.78539475895374,57433500
2015-05-26,177.81069946289062,179.67573432431465,177.38874715620273,179.245334730237,124308600
2015-05-27,179.49851989746094,179.73481217380316,177.86134278497315,178.2748607070537,93214000
2015-05-28,179.29592895507812,179.4056277673595,178.59548677946535,179.1862172658379,74974600
2015-05-29,178.18197631835938,179.27060733960124,177.91193360362377,179.22842242073833,124919600
2015-06-01,178.54486083984375,179.19465795916594,177.7431413549046,178.85710134852997,93338800
2015-06-02,178.36764526367188,179.0680875031791,177.44779250262843,178.08072084082602,91531000
2015-06-03,178.84019470214844,179.47312291650073,178.34229426399443,178.90770859024758,87820900
2015-06-04,177.32960510253906,178.78955585714297,177.00891736523207,178.12287716200984,151882800
2015-06-05,177.0258331298828,177.70939364722437,176.35914142946754,177.17772974397673,121704700
2015-06-08,175.9371795654297,177.0680212084471,175.86123126255086,176.91611172573064,89063300
2015-06-09,175.91189575195312,176.46044141966388,175.270532948327,175.91189575195312,105034700
2015-06-10,178.0216522216797,178.40985395868086,176.62921494338048,176.68828156253412,134551300
2015-06-11,178.59547424316406,178.9836630168352,178.2325886918197,178.46888086978248,73876400
2015-06-12,177.2283935546875,178.4689342988575,176.94990350222469,177.76005755274943,135382400
2015-06-15,176.4688720703125,176.75579651237874,175.35491193952237,176.07223592164883,124384200
2015-06-16,177.43087768554688,177.51527326566907,176.1397051468146,176.31691783733055,85308200
2015-06-17,177.71780395507812,178.33386336725056,176.679805268656,177.71780395507812,126708600
2015-06-18,179.56597900390625,180.03856341233546,177.75158967648136,178.32543849329988,165867900
2015-06-19,178.7688446044922,179.39637616630603,178.3872429943008,179.32005843218684,130478700
2015-06-22,179.68467712402344,180.27828100337123,179.47267481428534,179.70164093188882,70696000
2015-06-23,179.81192016601562,180.1511317137006,179.41336762433167,179.89672628783623,68476800
2015-06-24,178.5059814453125,179.92215561234082,178.48054219808898,179.5405539643913,92307300
2015-06-25,177.9632110595703,179.1419433288605,177.88689333714566,179.01474712481942,97107400
2015-06-26,177.9292755126953,178.57375777022375,177.36958640138295,178.3278278851356,104174800
2015-06-29,174.19805908203125,177.9377829907633,174.1217413548149,176.42832755660015,202621300
2015-06-30,174.56272888183594,175.80930365442316,174.07935734407548,175.75841222445175,182925100
2015-07-01,175.9619598388672,176.4114038095529,175.16482889022544,176.15699838813146,135979900
2015-07-02,175.80081176757812,176.61490641611275,175.37680710345697,176.44530713838338,104373700
2015-07-06,175.3004608154297,176.08910315123043,174.2913278088597,174.49485467274056,117975400
2015-07-07,176.4029083251953,176.53010455165156,173.0871886665472,175.50402048598235,173820200
2015-07-08,173.4433135986328,175.33437041476535,173.20587206744096,175.04605040397425,164020100
2015-07-09,173.757080078125,175.8347129718799,173.6468476809382,175.57181925035815,144113100
2015-07-10,175.94497680664062,176.36898148282563,173.7995141803122,175.783852959355,129456900
2015-07-13,177.8869171142578,177.99714952596304,177.18306783209954,177.2254708856455,106069400
2015-07-14,178.65863037109375,178.97240267645356,177.78518164510928,177.84454851949548,81709600
2015-07-15,178.59927368164062,179.1674384696131,178.11590207628637,178.7010306766215,97914100
2015-07-16,180.0323944091797,180.0323944091797,179.42182661889515,179.66774364628372,106683300
2015-07-17,180.1849822998047,180.2443491518795,179.60834228326988,180.02385848942205,89030000
2015-07-20,180.27835083007812,180.77867336934594,179.95611599338991,180.41403546636744,70446800
2015-07-21,179.5659637451172,180.40549758451726,179.26067988893485,180.14260384035344,77965000
2015-07-22,179.2437286376953,179.58294013477027,178.83668778080093,178.87060246071064,88667900
2015-07-23,178.23460388183594,179.48117869584308,177.8699660622972,179.37942171171065,90509100
2015-07-24,176.38592529296875,178.39570308953094,176.04672676632003,178.3363491701849,117755000
2015-07-27,175.35986328125,176.00435872551458,174.91041932122178,175.48707245874286,132361100
2015-07-28,177.5138397216797,177.65799979167048,175.36837660661882,176.20789777536513,123544800
2015-07-29,178.7349395751953,178.96389278991475,177.49684019438826,177.6410002353733,105791300
2015-07-30,178.77735900878906,178.9469583113902,177.59013801138633,178.21766966456767,91304400
2015-07-31,178.5059814453125,179.31158779978293,178.2176613503815,179.2861485525594,103266900
2015-08-03,177.9038848876953,178.53141649685344,176.93715469713067,178.47206256792572,113965700
2015-08-04,177.55621337890625,178.29397742066567,177.0643663712011,177.82756965994554,81820800
2015-08-05,178.14132690429688,179.19285019652492,177.85299389680625,178.46356165211085,85786800
2015-08-06,176.68275451660156,178.43812715511217,176.08913761566382,178.32788179815014,116030800
2015-08-07,176.34352111816406,176.67424420839646,175.4276695745372,176.5216087542558,117858000
2015-08-10,178.5653076171875,178.65010077540782,177.47136847751648,177.47136847751648,80270700
2015-08-11,176.9541473388672,177.63255755180867,176.18245555990126,177.20855278617006,126081400
2015-08-12,177.16612243652344,177.35268553983994,174.14721104045157,175.63122749163495,172123700
2015-08-13,176.94561767578125,177.70034540974328,176.39440388561465,177.00497159619005,89383300
2015-08-14,177.5901336669922,177.66645141035613,176.60643962053337,176.75059967119762,72786500
2015-08-17,178.58226013183594,178.58226013183594,176.521603919807,176.9880115828981,79072600
2015-08-18,178.0650177001953,178.6586217173159,177.8275760933471,178.30245930704353,71692700
2015-08-19,176.6573486328125,178.09047384598486,175.83477836689792,177.31030664380165,172946000
2015-08-20,172.9684600830078,176.6318535754639,172.9090932202722,175.12239803807105,194327900
2015-08-21,167.7616729736328,172.94301005483985,167.4987921741278,171.06890390223543,346588500
2015-08-24,160.69776916503906,167.46488004293917,154.67689770386164,158.9932750580073,507244300
2015-08-25,158.8066864013672,165.7433954417445,158.5098780057274,165.7264316346696,369833100
2015-08-26,164.9038543701172,165.18368598473322,159.73946914550444,162.88558858257676,339257000
2015-08-27,168.9828338623047,169.1100300942841,165.53991782770095,167.07481274503544,274143900
2015-08-28,168.99130249023438,169.46618565662237,167.8380092548939,168.32985623139456,160414400
2015-08-31,167.62603759765625,168.8641371705735,167.06634821786082,167.9991638508532,163298800
2015-09-01,162.6227569580078,165.16678501247287,161.74081998628628,163.7675618187596,256000400
2015-09-02,165.70957946777344,165.7519825409202,163.17402579297138,165.03964455501782,160269300
2015-09-03,165.82821655273438,167.9482397432843,165.32789418526733,166.43029589267755,152087800
2015-09-04,163.31809997558594,164.39507535687883,162.4870545254107,163.53859066411823,207081000
2015-09-08,167.42251586914062,167.5751643136536,165.50601898304552,166.15898994646497,116025700
2015-09-09,165.18374633789062,169.1524370826344,164.81063306888097,169.0252408476989,149347700
2015-09-10,166.0826416015625,167.2444103069639,164.72582142301195,164.98870225945203,158611100
2015-09-11,166.8373260498047,166.90516833505214,164.96322012117326,165.68403307978372,119691200
2015-09-14,166.2183074951172,167.06631684236157,165.72646052096394,167.01543835186223,79452000
2015-09-15,168.2959442138672,168.74538814199607,166.17592080209096,166.72712171331435,113806200
2015-09-16,169.75454711914062,169.94959863400302,168.25357951790605,168.6012665422097,99581600
2015-09-17,169.3729248046875,172.05263778768432,168.99132313790062,169.6188547927839,276046600
2015-09-18,166.60511779785156,169.3584246644447,166.18744124634225,166.82675483191105,223657500
2015-09-21,167.46603393554688,168.5059718542926,166.4005115123276,167.448981934853,105726200
2015-09-22,165.2924041748047,165.76123675183328,164.14163448635895,165.26683267122755,153890900
2015-09-23,165.0281524658203,165.9402330863991,164.4399818846619,165.46288102252217,92790600
2015-09-24,164.43145751953125,164.90029010793072,162.43680215092508,163.79214390085988,159378800
2015-09-25,164.38882446289062,166.22151804888796,163.50230241611766,165.9146470337538,155054800
2015-09-28,160.2631378173828,163.58757653342093,159.94774725204016,163.47675800749224,178515900
2015-09-29,160.3568878173828,161.73781397550675,159.34250820356175,160.48475833571223,159045600
2015-09-30,163.34890747070312,163.51938851313076,161.48210948997644,162.27485219035637,163452000
2015-10-01,163.7751007080078,164.08197175738522,161.80601689403147,163.7324771998143,131079000
2015-10-02,166.2215118408203,166.24708334055418,161.2092897831152,161.76336929337123,211003300
2015-10-05,169.17938232421875,169.40953880005333,167.35520853126187,167.46602702089797,126320800
2015-10-06,168.59976196289062,169.61414153297386,167.92635742011586,169.04302299495797,110274500
2015-10-07,169.98065185546875,170.33866580273488,168.33547859043847,169.54591041410913,124307300
2015-10-08,171.51507568359375,171.8048947566003,169.28173110363727,169.58860218295885,153055200
2015-10-09,171.6173553466797,172.1032269502558,170.9780417056953,171.65997885745253,107069200
2015-10-12,171.77928161621094,171.98385361492976,171.25930610802283,171.69403461216697,56395600
2015-10-13,170.69676208496094,172.32488413585975,170.52628102882204,171.03772419723873,88038700
2015-10-14,169.87840270996094,171.22522491067733,169.58006416980206,170.63705432228372,99106200
2015-10-15,172.48678588867188,172.49530538612024,170.1767274072674,170.55179340485628,134142200
2015-10-16,173.27096557617188,173.28800456681017,172.1201963717971,172.89589967232047,114580100
2015-10-19,173.35621643066406,173.35621643066406,172.29922660618993,172.61461705292956,76523900
2015-10-20,173.13461303710938,173.75687450836347,172.6572610587848,172.91298904913464,78448500
2015-10-21,172.06053161621094,173.71421115981505,171.8900376571774,173.56078220492037,102038000
2015-10-22,174.96730041503906,175.18040489849605,172.06056514590372,173.02378856646072,174911700
2015-10-23,176.88523864746094,177.26030461495122,175.85382024372794,176.6636146697918,144442300
2015-10-26,176.4505615234375,176.76595208473537,176.07549544682968,176.70628957629455,69033000
2015-10-27,176.10960388183594,176.45056595629842,175.4191342197149,175.76862880050405,77905800
2015-10-28,178.1127166748047,178.13828817112213,175.77709996537803,176.45050437984577,135906700
2015-10-29,178.01046752929688,178.38553356206032,177.48197248687612,177.60131049667652,90525500
2015-10-30,177.24327087402344,178.53043039568232,177.08132237761907,178.20650738914034,131076900
2015-11-02,179.3402557373047,179.536308271717,177.44788638603782,177.57575691385625,86270800
2015-11-03,179.8602294921875,180.42282859234237,178.75208329678605,178.98223983900738,95246100
2015-11-04,179.31466674804688,180.28642283311376,178.7691197004105,180.15856532463167,96224500
2015-11-05,179.1356658935547,179.8431745065318,178.23210475142224,179.3743419308399,78408700
2015-11-06,179.04188537597656,179.280574401463,177.69507627385573,178.78617036093306,110471500
2015-11-09,177.3711700439453,178.57308275594946,176.40793337316444,178.4196407255238,131008700
2015-11-10,177.78028869628906,177.8143926987334,176.61248024645593,176.88524723168103,75874600
2015-11-11,177.08135986328125,178.10425909216139,177.01316484710665,178.0531160817478,67846000
2015-11-12,174.60934448242188,176.50171396507767,174.5923054830248,176.02436184456445,121315200
2015-11-13,172.64874267578125,174.4643972482159,172.5635086766039,174.19163024123463,153577100
2015-11-16,175.274169921875,175.33384542003802,172.34185017299518,172.46120116932119,117645200
2015-11-17,175.1463165283203,176.4846059409112,174.64339306147446,175.58957750247436,121123700
2015-11-18,177.9252166748047,178.0701261830835,175.5895995324828,175.63221002966628,121342500
2015-11-19,177.77175903320312,178.19796799132308,177.47340755977308,177.80585002683205,88220500
2015-11-20,178.4196014404297,179.110057908146,178.03601595912792,178.538939434765,94011500
2015-11-23,178.215087890625,178.99077860472005,177.74625525669714,178.47933546423795,64931200
2015-11-24,178.45375061035156,178.86290769350893,176.80005726538457,177.19216234307353,98874400
2015-11-25,178.4281005859375,178.78611450201007,178.16384014151075,178.58152954702712,51980100
2015-11-27,178.6327362060547,178.8373212339601,178.03604613324904,178.52191769008076,37317800
2015-11-30,177.89114379882812,178.9140429659209,177.78032527837965,178.79470494654123,112822700
2015-12-01,179.58741760253906,179.7067686088689,178.24912810904695,178.53042760925354,97858400
2015-12-02,177.7547607421875,179.86023467202568,177.49903268867337,179.53631160378316,108441300
2015-12-03,175.2657012939453,178.28325590718475,174.53262114395724,178.0104888550494,166224200
2015-12-04,178.68392944335938,178.98228106706955,175.26573655996023,175.26573655996023,192913900
2015-12-07,177.60133361816406,178.7776618659493,176.62104490366227,178.3514527744796,102027100
2015-12-08,176.40797424316406,177.5502117060603,175.4106463383781,176.01586908754143,103372400
2015-12-09,175.03555297851562,177.88262669223528,174.04674472841558,175.76011366331835,162401500
2015-12-10,175.4873046875,176.8170748015026,174.86504313556136,175.10371915567117,116128900
2015-12-11,172.0861358642578,174.0125957035153,171.77073238550096,173.33919126186086,211173300
2015-12-14,172.95565795898438,173.08352850078157,170.44102671941653,172.2481622565618,182385200
2015-12-15,174.77127075195312,175.69188380151493,172.93004465282948,174.48997123623698,154069600
2015-12-16,177.3285369873047,177.63540802476456,174.57523015559428,175.9135198141915,197017000
2015-12-17,174.62632751464844,177.71207607977595,174.60927551511682,177.6438810885141,173092500
2015-12-18,171.51541137695312,174.0107010851654,171.35248593847535,173.87351242290717,251393500
2015-12-21,172.93028259277344,173.11036153711402,171.57544466138964,172.70733954746214,99094300
2015-12-22,174.4994354248047,174.7995625376239,172.82733042948107,173.83059342667525,111026200
2015-12-23,176.6603240966797,176.70320126950838,175.42553479115958,175.51985933767227,110987200
2015-12-24,176.36880493164062,176.9261821291929,176.14586190318707,176.40311191095896,48539600
2015-12-28,175.96580505371094,176.0086691536321,174.87678737955412,175.66567784858532,65899900
2015-12-29,177.8437042236328,178.17812533328168,177.04624353303927,177.08053743062484,92640700
2015-12-30,176.5831756591797,177.680776551583,176.43740370950613,177.595022188585,63317700
2015-12-31,174.8166961669922,176.54883175149467,174.8166961669922,175.89714326386925,114877900
2016-01-04,172.3728485107422,172.38141871060367,170.28913852823786,171.91837931686638,222353500
2016-01-05,172.66445922851562,173.1274988016907,171.54114765044824,172.69875312552577,110845800
2016-01-06,170.48638916015625,171.5496697650489,169.4402489568241,170.07478400573717,152112600
2016-01-07,166.39613342285156,169.30302742889222,166.00168180042292,167.4937208709907,213436100
2016-01-08,164.56971740722656,167.9396647882757,164.2781735255051,167.37371742897312,209817200
2016-01-11,164.73265075683594,165.8473920406195,162.76900147756106,165.50438767715147,187941300
2016-01-12,166.06175231933594,166.82491897953093,163.90087078766348,166.19895405436097,172330500
2016-01-13,161.9200439453125,167.09071416649638,161.5341755720239,166.73913967969483,221168900
2016-01-14,164.57826232910156,165.7187270745948,160.91678471303356,162.53744238625532,240795600
2016-01-15,161.0453643798828,161.85997812078182,159.0817159693253,160.1535795979484,324846400
2016-01-19,161.25979614257812,163.01765575392437,159.66486195591298,162.8890373051117,195244400
2016-01-20,159.1932373046875,160.7796012709384,155.22306191461246,158.6615969434537,286547800
2016-01-21,160.08506774902344,161.9543926760738,158.32720780400922,159.67347555041897,195772900
2016-01-22,163.3692169189453,163.57500642019878,161.96293196184834,162.7346687601019,168319600
2016-01-25,160.899658203125,163.05195653799646,160.70243887851623,162.8547372133877,130371700
2016-01-26,163.09481811523438,163.3777917717913,161.22549364281684,161.56848487752268,141036800
2016-01-27,161.3198699951172,164.261059375758,160.4023478670318,162.56322997551717,185681700
2016-01-28,162.1601104736328,163.09477244813297,160.4880057751524,162.888982998642,143798800
2016-01-29,166.1131591796875,166.25036088124554,162.82039684794086,162.94044506573556,210529300
2016-02-01,166.05319213867188,166.85066588572627,164.50113491253865,165.09280602841915,136061600
2016-02-02,163.06056213378906,164.61261942071206,162.52890858683625,164.60404921734894,182564900
2016-02-03,164.03810119628906,164.4496933890322,160.43664007015698,164.13242577007185,205054900
2016-02-04,164.2953643798828,165.28147429762188,162.8890789481407,163.53219752517424,139531800
2016-02-05,161.16549682617188,164.35536569908112,160.5223783128318,163.77227786077367,180788300
2016-02-08,158.9960174560547,159.59625868192555,156.74939468881917,159.29614461112882,191526700
2016-02-09,159.00457763671875,160.29939764693322,157.09237603614486,157.22957776034764,184513100
2016-02-10,158.867431640625,161.4999233734727,158.73880008305338,159.84497129048103,148214100
2016-02-11,156.80079650878906,157.86409000301643,155.2830338552866,156.35489754872293,219058900
2016-02-12,160.03363037109375,160.05077077907615,157.7441298144775,158.60162124770972,127632400
2016-02-16,162.73471069335938,162.7604343876445,160.89110948676563,161.86864912244025,120250700
2016-02-17,165.39292907714844,165.77022734935395,163.789411420275,163.91804296813368,136009500
2016-02-18,164.71543884277344,165.7272850007525,164.39817136784455,165.66725435183406,102343000
2016-02-19,164.63829040527344,164.79263252207602,163.30917658983407,163.9265712255959,114793000
2016-02-22,167.0221710205078,167.1679429859288,166.17324983852419,166.2418507194776,103640300
2016-02-23,164.91268920898438,166.62767135258392,164.79262789802803,166.3532679291558,111455300
2016-02-24,165.6673126220703,165.95028631448625,162.34025535412593,163.46356683705437,150812200
2016-02-25,167.67381286621094,167.68239615160456,165.35001918865422,166.1217559860419,110728300
2016-02-26,167.28793334960938,168.65134104037836,167.1250079492768,168.55702958152858,129833700
2016-02-29,165.9760284423828,168.26552884339324,165.77880908974205,167.30514269041566,125918100
2016-03-01,169.87759399414062,169.96334835382777,166.73917284319748,167.21936585517776,141799700
2016-03-02,170.6407470703125,170.69219444830662,169.14013748552333,169.56031287960408,102415000
2016-03-03,171.3096160888672,171.32676957898812,169.87760714433225,170.46069496565121,95172200
2016-03-04,171.866943359375,172.65584672440212,170.66646099394492,171.50679864974597,129293600
2016-03-07,172.00411987304688,172.41572498167693,170.85508505107234,170.9322561023375,100219000
2016-03-08,170.12625122070312,171.4296415264919,169.96333888122237,170.91515464987773,123974900
2016-03-09,170.96658325195312,171.31814466619724,170.1519562226317,170.94942976600004,94801200
2016-03-10,171.10379028320312,172.41576387201454,169.25161921368775,171.46394810556077,156838700
2016-03-11,173.8649139404297,173.9077911180099,171.0866507794073,172.57867711868894,137964500
2016-03-14,173.6419677734375,174.1050072637513,173.0160028618519,173.35042390604445,73612000
2016-03-15,173.35897827148438,173.66767559825342,172.3985924034367,172.66441255732303,93169100
2016-03-16,174.36224365234375,174.7738488164103,172.82734028304242,172.87021745650057,129303200
2016-03-17,175.4684295654297,175.98291643815443,173.8734953998559,174.27651731317619,134278500
2016-03-18,176.15794372558594,176.50270397915318,175.658032151681,175.9769360438187,138372400
2016-03-21,176.40797424316406,176.6406947550513,175.65811311257568,175.89083362446289,72926700
2016-03-22,176.3131103515625,176.89059110296287,175.45982398314467,175.6235765813748,97471900
2016-03-23,175.1494903564453,176.11482950066033,174.97709709347023,175.92520743279533,81052500
2016-03-24,175.0719451904297,175.1064291110288,173.88251296500547,174.10660584185067,84360900
2016-03-28,175.17535400390625,175.7097363164361,174.7185407718869,175.49425788051147,62408200
2016-03-29,176.79574584960938,176.90779884672355,174.4513393754803,174.76162885446092,92922900
2016-03-30,177.5714874267578,178.30410627670994,177.20085764827294,177.81282224224336,86365300
2016-03-31,177.14053344726562,177.90763622739723,176.9767677158171,177.4766793138006,94584100
2016-04-01,178.3472137451172,178.53683584583308,175.813184900788,176.1321019711348,114423500
2016-04-04,177.76971435546875,178.47648995690275,177.45942487343243,178.26962591829175,63497000
2016-04-05,175.9942169189453,177.77837201090807,175.73564009571146,176.40793194506134,99662200
2016-04-06,177.9162139892578,177.9765542575797,175.81314257975106,175.99415023295816,91839800
2016-04-07,175.78733825683594,177.17502016965992,175.04609177262384,176.81301790784877,113859000
2016-04-08,176.26138305664062,177.4249720196752,175.71837312032292,176.9853875372231,95040600
2016-04-11,175.84764099121094,177.61456674911346,175.75282995585735,176.90779118524858,83757500
2016-04-12,177.48526000976562,177.76969309693177,175.5718106246543,176.0200094121669,115350600
2016-04-13,179.27806091308594,179.36425754922897,178.27823780157127,178.4161471586961,96336400
2016-04-14,179.28671264648438,179.79525186279847,178.93333792894376,179.3384385299965,65212900
2016-04-15,179.08843994140625,179.42458578162461,178.76090850415133,179.2866764236478,75761600
2016-04-18,180.3468780517578,180.38134882267988,178.41618608604705,179.08847790901285,82531000
2016-04-19,180.91574096679688,181.17431779375872,180.08831090263544,180.7778447239458,88316100
2016-04-20,181.08815002441406,181.7949127176536,180.47618525247697,180.95885502381418,81100300
2016-04-21,180.11412048339844,181.21736905020774,179.83830176581594,181.10531605221982,85695000
2016-04-22,180.11412048339844,180.3899260492206,179.200493996987,179.75211828039167,99251700
2016-04-25,179.80381774902344,179.84691606443906,178.8815637758148,179.5021426928735,66166500
2016-04-26,180.07102966308594,180.58818320420755,179.5883600389782,180.17445511060592,75864200
2016-04-27,180.44168090820312,180.83815393871578,179.32119020361253,179.68319246477026,77329400
2016-04-28,178.80401611328125,180.7950348973957,178.381686766203,179.67455747295378,97216200
2016-04-29,177.83872985839844,178.52826373783856,176.71823894827887,178.1748758162578,142424100
2016-05-02,179.2522735595703,179.4332681526842,177.90768968937763,178.34726113870516,62188000
2016-05-03,177.69215393066406,178.2437782420767,176.9336655705613,178.00244342781875,106422100
2016-05-04,176.70095825195312,177.42497590013224,176.19243222364312,176.68372944377316,92243800
2016-05-05,176.6664581298828,177.53698626175913,176.235501265274,177.17498407369888,67619200
2016-05-06,177.3129425048828,177.35604083362475,175.72702396058153,175.8821621619364,89315000
2016-05-09,177.45945739746094,177.89902876434172,177.0026440695958,177.1836517805248,74374900
2016-05-10,179.6659393310547,179.68318129054114,178.10587736745387,178.17483205363797,77472200
2016-05-11,177.98519897460938,179.74349733266854,177.98519897460938,179.20050058407892,81727000
2016-05-12,178.0369110107422,178.83849767729612,177.01123149260067,178.6661043972556,89586300
2016-05-13,176.4854278564453,178.29545171668587,176.15790962448645,177.73521312515138,96474600
2016-05-16,178.22653198242188,178.70920159928994,176.59751544961173,176.65785572760058,77486800
2016-05-17,176.5630645751953,178.24379402032864,176.02866902338107,177.95074645589762,114924900
2016-05-18,176.61471557617188,177.81277493133456,175.51146724127778,176.20961513972946,120062100
2016-05-19,176.00282287597656,176.29587045741906,174.77890666663185,175.88215545116125,115430500
2016-05-20,177.11468505859375,177.6404530429231,176.57167511445112,176.62338784212912,104990400
2016-05-23,176.8733673095703,177.4163641543903,176.68374518859727,177.13193097293072,58682600
2016-05-24,179.16604614257812,179.48496324294211,177.67493871184004,177.70079507784752,93537800
2016-05-25,180.3813018798828,180.80364433640415,179.16600038088524,179.85553398574797,76621400
2016-05-26,180.43309020996094,180.75200736251233,180.11418620917465,180.51928687859973,55280700
2016-05-27,181.20880126953125,181.21741567476192,180.54512381738428,180.59683655229585,64211200
2016-05-31,180.86398315429688,181.59661512279803,180.2951169071144,181.48456212363044,109879400
2016-06-01,181.234619140625,181.41561367437006,180.04517388325652,180.24341037556428,69936200
2016-06-02,181.78622436523438,181.8034531702275,180.34683004273566,180.8294996177341,63044700
2016-06-03,181.2432403564453,181.59662818557834,180.01932428770883,181.21738399350986,101757100
2016-06-06,182.16546630859375,182.52746848548134,181.4414488030592,181.60521451083773,64887000
2016-06-07,182.44992065429688,183.0187869616944,182.29478247142222,182.32063883523466,60974800
2016-06-08,183.04464721679688,183.17394219036962,182.45855208890606,182.58783391071663,66170900
2016-06-09,182.79469299316406,182.91536040748446,182.02759018389264,182.30339578015563,73786900
2016-06-10,181.06222534179688,181.74313140837077,180.5105879235214,181.39837117370854,113829200
2016-06-13,179.6659393310547,181.32081234418848,179.57975583714577,180.4502840906671,117751200
2016-06-14,179.31253051757812,179.91588066315964,178.3471913274638,179.2780597543998,125059300
2016-06-15,179.0626220703125,180.45030404780638,178.8729999502751,179.31257132758194,109124500
2016-06-16,179.59701538085938,179.7694087017036,177.20089552087975,179.06263291118105,149533100
2016-06-17,178.92811584472656,179.51725881271352,178.260987184967,179.49126798884083,117055700
2016-06-20,180.0804901123047,181.6053429584871,179.9938451875682,180.9208956456428,82789600
2016-06-21,180.5915985107422,181.00746492169645,180.0197739330833,180.47030359004074,72461700
2016-06-22,180.29705810546875,181.51000752160758,180.1497591147917,180.77356544885083,95560500
2016-06-23,182.64492797851562,182.69690962025533,181.31068403330164,181.77853202911217,102731400
2016-06-24,176.08633422851562,182.67960855805526,175.63580459042282,176.42422815204665,333444400
2016-06-27,172.9326934814453,174.66548594831286,172.10960648355731,174.6568135250778,230775800
2016-06-28,176.05169677734375,176.07768760448835,174.2495911810999,174.56149432699127,159382400
2016-06-29,179.04942321777344,179.2833406488992,177.368612649596,177.47257595231858,137328600
2016-06-30,181.49266052246094,181.54464217586997,178.9627853686926,179.52595079432098,165021900
2016-07-01,181.87387084960938,182.36772298076679,181.32803706678393,181.49265444383641,106055300
2016-07-05,180.56564331054688,181.1461272041542,179.95916858738678,181.03349146265396,109803700
2016-07-06,181.64862060546875,181.76991553807892,179.39598531967263,180.0631140591067,96021500
2016-07-07,181.5360107421875,182.50637034133544,180.75625938146618,181.83058230333484,85593800
2016-07-08,184.23919677734375,184.49045914700545,182.61903967291474,182.8529704122162,133971000
2016-07-11,184.888916015625,185.46941301615357,184.49904042822834,184.7069802442455,73633900
2016-07-12,186.2318572998047,186.53510125258165,184.9149313971158,185.86797248856632,101275600
2016-07-13,186.2058868408203,186.66507581143415,185.7120478358891,186.65641660789433,87324100
2016-07-14,187.24549865722656,187.72201909964812,186.84696390185854,187.48808847879505,91230900
2016-07-15,186.99429321289062,188.01663438201513,186.5437634877756,187.81736695789297,107155400
2016-07-18,187.49681091308594,187.66142831166513,186.85567294497673,187.11559445746195,58725900
2016-07-19,187.30613708496094,187.3407871050834,186.82095748233047,187.07220648363815,54345700
2016-07-20,188.0859375,188.32852736499285,187.3061862511167,187.3061862511167,58159500
2016-07-21,187.37547302246094,188.19854660654667,186.9249433854276,187.97328839810714,67777300
2016-07-22,188.2158966064453,188.26787825807196,187.22820556507202,187.49678624524682,62787500
2016-07-25,187.70474243164062,188.05996806727595,187.11559932682286,188.00798640745762,55873100
2016-07-26,187.7913360595703,188.1552207990804,186.93359924634038,187.60072787885255,70080500
2016-07-27,187.5921173095703,188.24191448861126,186.81235276262672,188.17260120309467,84083900
2016-07-28,187.80870056152344,188.103272085057,186.92497277076643,187.3928208834282,65035700
2016-07-29,188.11192321777344,188.4758080053795,187.25419951132906,187.5401118201958,79519400
2016-08-01,187.95594787597656,188.57108162457646,187.49675905964583,188.1725468731195,73311400
2016-08-02,186.75169372558594,187.86067974560922,185.90262919591478,187.70472156333548,92295500
2016-08-03,187.29750061035156,187.35815468239724,186.38779529090803,186.6910259906708,53993600
2016-08-04,187.49681091308594,187.81737328706188,185.62539188738123,187.4101660022051,46585500
2016-08-05,189.03030395507812,189.0736264062183,187.49679230193246,187.49679230193246,71892200
2016-08-08,188.91763305664062,189.32484019677486,188.64905243658455,189.22086369663995,39906500
2016-08-09,189.03030395507812,189.53281530396103,188.70108241075593,188.9869947240939,51251700
2016-08-10,188.56248474121094,189.2209411508808,188.20725909566255,189.1429686589774,57941100
2016-08-11,189.43751525878906,189.68877754869254,188.83104059029895,189.09962128490483,72504300
2016-08-12,189.27296447753906,189.48956357881696,188.86575710952383,189.1256654549293,61313500
2016-08-15,189.8187255859375,190.1739511732671,189.6367898013141,189.6454490033871,49813500
2016-08-16,188.83973693847656,189.4635300907026,188.83973693847656,189.39423002280031,53213600
2016-08-17,189.19491577148438,189.33354232299237,188.02528894604413,188.8743534387583,75134300
2016-08-18,189.6194610595703,189.6541110885448,189.0563088526816,189.16893136196575,52989300
2016-08-19,189.34222412109375,189.5241731441813,188.64911772114934,189.1429566921176,75443000
2016-08-22,189.3335418701172,189.56747252270793,188.72706723391488,189.09961121752647,61368800
2016-08-23,189.71478271484375,190.26061656781795,189.65412863333228,189.9573726005751,53399200
2016-08-24,188.74441528320312,189.66279312939577,188.31987639083852,189.56748901968766,71728900
2016-08-25,188.61441040039062,189.03894920829913,188.19854401355732,188.35448895106202,69224800
2016-08-26,188.2592315673828,189.84473825948157,187.3581853023356,188.8050654243787,122506300
2016-08-29,189.18621826171875,189.45479888828402,188.35447234124462,188.38913558218053,70502200
2016-08-30,188.8743438720703,189.38551438218965,188.3111917128073,189.09960209174452,58114500
2016-08-31,188.3372039794922,188.65776633247734,187.54878029063832,188.53647139728108,85269500
2016-09-01,188.34580993652344,188.64038137870224,187.16751094765547,188.32847831635036,97844200
2016-09-02,189.19491577148438,189.62811382983017,188.61443195971972,189.2122473954618,79293900
2016-09-06,189.76673889160156,189.84471136865434,188.75305702944888,189.4808265889192,56702100
2016-09-07,189.7493896484375,189.9313386314878,189.13425587082136,189.60210390985117,76554900
2016-09-08,189.31619262695312,189.6887497960472,189.0042895259121,189.4114967194977,74102900
2016-09-09,184.78497314453125,188.03395876558358,184.75898231717534,187.98197711087175,221589100
2016-09-12,187.4361114501953,187.84331863646082,183.94453655361139,184.01384982150276,168110900
2016-09-13,184.7416229248047,186.4051017263371,184.10915752061237,186.13652107059056,182828800
2016-09-14,184.6723175048828,186.01523406084937,184.10916534600406,184.79361242618694,134185500
2016-09-15,186.51773071289062,186.9076062707213,184.32574988003762,184.507698857774,134427900
2016-09-16,185.79676818847656,186.0754218323679,185.10016065262226,185.89255371769707,155236400
2016-09-19,185.8316192626953,187.1116562922336,185.50072135964956,186.45857671744622,80250500
2016-09-20,185.84031677246094,186.85911928490344,185.8054917090767,186.70238656926807,69665300
2016-09-21,187.93016052246094,188.1130153390762,185.85771735457953,186.55433813501276,110284400
2016-09-22,189.1143798828125,189.4191555962935,188.7051289999575,188.9576471983491,76678700
2016-09-23,188.07814025878906,188.85312718308836,187.98235476086745,188.71380040666918,73630900
2016-09-26,186.55430603027344,187.41636230554957,186.35401878777168,187.23350752040236,89827300
2016-09-27,187.7124786376953,187.80825087990982,186.01446123119652,186.3889004040387,78494800
2016-09-28,188.6441650390625,188.80091100754981,186.96358039227516,187.93884139820628,87411000
2016-09-29,186.93748474121094,188.84447916053662,186.38019072118794,188.43521491132347,128070600
2016-09-30,188.34814453125,189.06217126206366,187.52961603751092,187.78213428346106,117202900
2016-10-03,187.89529418945312,188.12169026242535,187.25091773831556,187.93013253110072,83512100
2016-10-04,186.93748474121094,188.23494090222047,186.336662713902,188.00854477397093,119948100
2016-10-05,187.7647247314453,188.20011108881587,187.50349025963556,187.5731536712473,72816000
2016-10-06,187.89529418945312,188.12169026242535,186.98969661063003,187.5382742657039,62927400
2016-10-07,187.25096130371094,188.34814344299517,186.5108124581768,188.17399155504225,89788300
2016-10-10,188.2261962890625,188.6964076165442,188.07816655102317,188.2261962890625,51855000
2016-10-11,185.84901428222656,187.86051041595914,185.10886544625055,187.79084700429013,130367400
2016-10-12,186.0928497314453,186.62402163894623,185.4832981785896,185.98834796661816,73866100
2016-10-13,185.48324584960938,185.98829549515213,183.91586597570958,184.743097195142,101357000
2016-10-14,185.57911682128906,186.9462366566253,185.5007504488907,186.476011848355,93346200
2016-10-17,184.9346923828125,185.8141679414137,184.7518242872553,185.55293349930437,58275700
2016-10-18,186.0928497314453,186.61530540783033,185.70970759660034,186.55435822470739,76869700
2016-10-19,186.58912658691406,186.90260521225903,185.9970076762256,186.36273052463912,66519200
2016-10-20,186.2408447265625,186.80684159202306,185.57034611578885,186.2321284970742,73639800
2016-10-21,186.3279571533203,186.41503974675422,185.26561329073039,186.24088784682468,89089100
2016-10-24,187.12033081054688,187.4947699524171,186.7633108417007,187.21611633177545,60146600
2016-10-25,186.4933624267578,187.19868609277592,186.3279135101491,186.93745166060086,66542300
2016-10-26,186.1189422607422,186.7110612572279,185.41360528631344,185.65743384085317,75705500
2016-10-27,185.62258911132812,186.8852066937654,185.5442227680655,186.8503816368493,77220200
2016-10-28,185.07403564453125,186.2844092434395,184.35130594982775,185.5965046127103,140623200
2016-10-31,185.08273315429688,185.64002713007898,184.91728422154435,185.41361773286545,61272500
2016-11-01,183.7417755126953,185.4659153337159,182.51399588413372,185.4136578013407,122781800
2016-11-02,182.63583374023438,183.82008490288098,182.191731249908,183.42822663802025,103330800
2016-11-03,181.79994201660156,183.07127613613804,181.521301633035,182.85358293865798,88939300
2016-11-04,181.59962463378906,182.76645670480656,181.45159488928104,181.913103294787,109122100
2016-11-07,185.6051483154297,185.63998665522206,181.59960288998752,181.59960288998752,109794900
2016-11-08,186.441162109375,187.01587533813284,184.93472890696884,185.20466634525073,106772100
2016-11-09,188.41781616210938,189.04477361925709,184.8998867317875,184.9260088519238,258429000
2016-11-10,188.8880157470703,190.09838928946655,187.40770478892873,189.2189136305967,172113300
2016-11-11,188.45262145996094,188.6964367469516,187.494779485908,188.15656193817748,100552700
2016-11-14,188.6006317138672,189.1927639831264,187.84306381385406,188.98377377863457,94580000
2016-11-15,190.07223510742188,190.07223510742188,188.78349542693832,188.99247233965002,91652600
2016-11-16,189.71519470214844,189.95030699052384,189.3233497461451,189.44525736105578,65617700
2016-11-17,190.6905517578125,190.75149894828084,189.7588184278796,189.87202315052843,69797200
2016-11-18,190.26382446289062,190.9343231252759,190.08095635971782,190.76017125226232,86265800
2016-11-21,191.70057678222656,191.72669889648233,190.69919363726152,190.84722338035596,72402600
2016-11-22,192.07501220703125,192.2578670033078,191.33485021884766,192.01405175031587,67429000
2016-11-23,192.17955017089844,192.23179441186505,191.35231868607096,191.55259270542246,56620200
2016-11-25,192.8935546875,192.92837974608165,192.44945214723577,192.52783178118202,37872300
2016-11-28,191.98797607421875,192.85874884179205,191.8834875939301,192.58010846537636,76572500
2016-11-29,192.36241149902344,192.8239199938267,191.71803488036522,192.02281065781088,69886700
2016-11-30,191.90084838867188,193.1547629184159,191.8398879357572,192.98931401700054,113291800
2016-12-01,191.195556640625,192.20564281392467,190.82982043607302,192.20564281392467,79040500
2016-12-02,191.2913360595703,191.78768286514614,190.92561312822127,191.28263311606318,74840300
2016-12-05,192.44078063964844,192.7890844301034,191.93573084263218,192.1360048577969,67837800
2016-12-06,193.05026245117188,193.08510079219027,192.1446648887043,192.63229536748946,59877400
2016-12-07,195.57554626464844,195.6364934421133,192.7716572147897,192.8935648566559,110738100
2016-12-08,196.05447387695312,196.5334015334765,195.27948668255615,195.54943738855104,99714400
2016-12-09,197.23870849609375,197.25612766946483,196.24602820492098,196.28086655166314,88005800
2016-12-12,197.01231384277344,197.63056827611214,196.58563045712074,197.1429244266792,102016100
2016-12-13,198.32716369628906,198.83221340153165,197.66538129990334,197.6828004723422,110477500
2016-12-14,196.69009399414062,198.73640137037094,196.24599152127786,198.02237483886148,142501800
2016-12-15,197.4999237060547,198.37069627266095,196.6988145392091,196.9339268525346,124972600
2016-12-16,197.11366271972656,198.02461143846702,196.78958213443917,197.96329167084502,156420200
2016-12-19,197.54287719726562,197.97207551006667,197.1487225731939,197.2976248371654,90341100
2016-12-20,198.3048553466797,198.45377093458944,197.84939444156495,198.08587913125038,89838800
2016-12-21,197.75306701660156,198.34867597545284,197.75306701660156,198.17349765609947,67909000
2016-12-22,197.4114990234375,197.7268253993323,197.00857678997414,197.60419921788719,56219100
2016-12-23,197.70053100585938,197.70928524470494,197.26257848907866,197.45526530043205,36697800
2016-12-27,198.19105529785156,198.59396416861887,197.9545571731177,197.97207901779282,42672500
2016-12-28,196.55307006835938,198.47130409252858,196.43921151054397,198.45379561609496,64095000
2016-12-29,196.50927734375,196.98226012753238,196.06255727352644,196.62313589683268,48696100
2016-12-30,195.79104614257812,196.92972533052694,195.09031946035964,196.84212948328093,108998300
2017-01-03,197.28887939453125,197.80566022169586,196.09764786439226,197.11368767357553,91366500
2017-01-04,198.46253967285156,198.61144190639368,197.61291082568593,197.62166506345363,78744400
2017-01-05,198.3048553466797,198.4625251717175,197.49902447772953,198.19099680302477,78379000
2017-01-06,199.014404296875,199.4873871716978,197.86695738534425,198.41878187701352,71559900
2017-01-09,198.35748291015625,198.89178557754013,198.3224392201875,198.75163754816856,46939700
2017-01-10,198.35748291015625,199.224620440733,197.9633149068922,198.37499138988892,63771900
2017-01-11,198.9180450439453,198.9180450439453,197.59541984578271,198.26987048619176,74650000
2017-01-12,198.4187774658203,198.61147765338103,197.0436134348652,198.39250138253936,72113200
2017-01-13,198.87425231933594,199.18081108008496,198.55892595397205,198.5939562766787,62717900
2017-01-17,198.1735382080078,198.63776686365063,197.77938356749527,198.22609037804258,61240800
2017-01-18,198.61146545410156,198.65526337862988,197.86694083287037,198.42751951718265,54793300
2017-01-19,197.87571716308594,198.83045047975588,197.43776462898956,198.69030246118487,66608800
2017-01-20,198.60267639160156,199.10193522098237,197.9282258948262,198.56763271202357,129168600
2017-01-23,198.0859375,198.66403808673806,197.31515008293403,198.6027316782818,75061600
2017-01-24,199.35598754882812,199.77641821542156,198.19103227043914,198.3048908344697,95555300
2017-01-25,201.08152770996094,201.08152770996094,200.15305713492432,200.3194812320087,84437700
2017-01-26,200.87130737304688,201.20415557000857,200.5910113408159,200.93261377681588,59970700
2017-01-27,200.55599975585938,201.09905666247764,200.3720537968668,200.95015439341302,59711100
2017-01-30,199.31219482421875,199.88152775497323,198.31366361172996,199.8552516729538,79737300
2017-01-31,199.294677734375,199.35599750404964,198.2348400936468,198.8129272771119,75880800
2017-02-01,199.3734893798828,200.22311828869093,198.77788040250155,199.29466113850873,79117700
2017-02-02,199.5048828125,199.79393306230253,198.67277574714396,199.37348904518097,69657600
2017-02-03,200.8800048828125,201.06395077267337,200.10921774235135,200.42454400693666,80563200
2017-02-06,200.5209503173828,200.87132038035958,200.17934785926252,200.4683981492491,57790100
2017-02-07,200.5297088623047,201.16036158191866,200.3370086776865,200.9151092315411,57931200
2017-02-08,200.79248046875,200.92386088145537,199.97788181422519,200.52970627808875,51566200
2017-02-09,201.9836883544922,202.29024707017774,200.79245707880932,200.79245707880932,65955200
2017-02-10,202.78079223632812,203.0085361243401,202.00123720369461,202.3340854306342,66015900
2017-02-13,203.8843994140625,204.14717357270553,203.25374677941883,203.28002285875823,55182100
2017-02-14,204.69898986816406,204.7077574716686,203.35010208814003,203.70045873184128,71109000
2017-02-15,205.767578125,205.96027827280125,204.42744469317648,204.47999684889533,86785800
2017-02-16,205.5924530029297,205.97785339823272,204.830419817377,205.79390744038298,84722400
2017-02-17,205.91650390625,205.91650390625,204.90045089531415,204.91797273764055,77204100
2017-02-21,207.14283752441406,207.31801590148214,206.28444075584966,206.2932083621178,88946100
2017-02-22,206.95884704589844,207.1865775506006,206.56469244092332,206.7311165411963,62115200
2017-02-23,207.09902954101562,207.5019384521989,206.3282286810089,207.48442997101898,74615900
2017-02-24,207.3617706298828,207.4055551910865,206.19681528549995,206.24061321195433,82381600
2017-02-27,207.68582153320312,207.86099984872288,207.0201385881285,207.27414514084487,56515400
2017-02-28,207.125244140625,207.54567477343153,206.7310895870408,207.3004224571903,96961900
2017-03-01,210.0244903564453,210.49748651964794,208.78946115449833,208.8069829959778,149158200
2017-03-02,208.70187377929688,209.8405528742551,208.6493216213409,209.83178527109663,70246000
2017-03-03,208.8332977294922,208.99972184122885,208.2289210564492,208.614321448839,81974300
2017-03-06,208.2113800048828,208.57049089138442,207.59823582277153,208.02743407719956,55391500
2017-03-07,207.58946228027344,208.26391279872777,207.3792402917914,207.90478858037238,65103700
2017-03-08,207.20411682128906,208.1500959719425,207.06396879187704,207.88732175810793,78168800
2017-03-09,207.46688842773438,207.7997366520918,206.48587896468285,207.32674040008374,90683900
2017-03-10,208.19383239746094,208.482882610763,207.2303316864541,208.439084693854,81991700
2017-03-13,208.29896545410156,208.3427633770553,207.7997065551278,208.1325413660271,57256800
2017-03-14,207.5019073486328,207.7997252323366,206.88002222864284,207.7471597009177,59880800
2017-03-15,209.2975311279297,209.7267294592466,207.84352538371505,208.08002351446126,96081800
2017-03-16,208.88584899902344,209.51650175380934,208.5530141422347,209.43767350077397,78344000
2017-03-17,208.5189971923828,209.3459320421903,208.5189971923828,209.15239352741,89002100
2017-03-20,208.29029846191406,208.80932752426634,207.8944290656013,208.51901972073114,52537000
2017-03-21,205.61595153808594,209.0292528281861,205.4839995494054,208.9060931642854,131809300
2017-03-22,206.0997772216797,206.3900849910902,205.01773075270975,205.65112708171537,97569200
2017-03-23,205.8798065185547,207.03223161495185,205.50153531676006,206.09973538194018,100410300
2017-03-24,205.73028564453125,206.76834358352616,204.9385469935485,206.1877415037229,112504900
2017-03-27,205.51918029785156,205.78309769607424,203.75095654953373,204.03245859714715,87454500
2017-03-28,207.0146942138672,207.4457462935026,205.09690710732042,205.21127443786645,93483900
2017-03-29,207.20819091796875,207.445717870637,206.49562348335778,206.72435811311007,61950400
2017-03-30,207.8679962158203,208.070340471583,206.97069595572265,207.1466363935813,56737900
2017-03-31,207.3841552734375,208.06152660392556,207.33136106308496,207.52489956419424,73733100
2017-04-03,207.0234832763672,207.63928153999854,205.77428867774492,207.43695070124724,85546500
2017-04-04,207.15542602539062,207.2434029548742,206.34608928304178,206.73316629533792,56466200
2017-04-05,206.5396270751953,208.8356853234739,206.32849049920145,207.84160240200393,108800600
2017-04-06,207.12030029296875,207.64812174490626,206.2317787002664,206.68044237132156,69135800
2017-04-07,206.9091033935547,207.61287854788748,206.41646481254014,206.8651149295224,74412300
2017-04-10,207.03228759765625,207.841624422957,206.49566048895292,207.04988567003562,67615300
2017-04-11,206.78598022460938,206.89154181819188,205.27286807407444,206.64522248423475,88045300
2017-04-12,205.8798065185547,206.69794887051285,205.6510853330551,206.5044103968622,81864400
2017-04-13,204.54263305664062,206.28447930064252,204.54263305664062,205.53671580386865,92880400
2017-04-17,206.35488891601562,206.35488891601562,204.86816744619804,205.07049826994177,68405400
2017-04-18,205.73907470703125,206.28450748475143,205.04410531759635,205.60712274175697,83225800
2017-04-19,205.36080932617188,206.68917503367197,205.1320746819677,206.31090377347985,68699900
2017-04-20,207.03228759765625,207.48095119125506,205.6599332667812,205.9854237771206,92572200
2017-04-21,206.37245178222656,207.00584800338802,205.9677901774469,206.95306722219004,110389800
2017-04-24,208.6421661376953,208.85330273323987,206.34610767680792,208.65095846206953,119209900
2017-04-25,209.856201171875,210.20808211312126,209.20520666483225,209.29318361184255,76698300
2017-04-26,209.72422790527344,210.71831099103034,209.68025285681094,209.8209971740055,84702500
2017-04-27,209.90017700195312,210.2080694511482,209.35474412545912,210.04972706414446,57410300
2017-04-28,209.4427032470703,210.19045349440574,209.31073784573195,210.1640630988172,63532800
2017-05-01,209.9705352783203,210.40160080055173,209.54827550399736,209.9705352783203,66882500
2017-05-02,210.04966735839844,210.23440009072664,209.63620001199726,210.1112404613769,57375700
2017-05-03,209.7945556640625,210.1464499298106,209.10837862509587,210.04968068465408,73137700
2017-05-04,210.0409393310547,210.18169708050632,209.17882160660974,210.10252588021396,61462700
2017-05-05,210.8677978515625,210.88539591971087,209.97048430349656,210.419147789226,62001300
2017-05-08,210.83262634277344,211.0613475472853,210.4015609022846,210.91179751855904,48385700
2017-05-09,210.63912963867188,211.29891641455808,210.2872353041614,211.0965855618373,51363200
2017-05-10,211.0173797607422,211.0173797607422,210.3839834456129,210.595120025121,54293800
2017-05-11,210.58633422851562,210.75348234788254,209.48668967835985,210.5599438331835,62358300
2017-05-12,210.23446655273438,210.6303359562635,209.9617568174898,210.33123582234344,53912700
2017-05-15,211.3957061767578,211.51886584992965,210.64794238888746,210.66554046316847,61918900
2017-05-16,211.20213317871094,211.72116218645732,210.80626382404665,211.69477179103941,51241800
2017-05-17,207.45458984375,211.20217438155063,207.39300329349646,211.20217438155063,172174100
2017-05-18,208.29029846191406,209.15241612419032,207.11146917451137,207.37538657985218,107047700
2017-05-19,209.64505004882812,210.32243490842973,208.73015161084652,208.78293240604208,115011400
2017-05-22,210.70947265625,210.87662075877998,210.09367445487175,210.1640398864058,61010600
2017-05-23,211.1757354736328,211.3428835877576,210.7006815257629,211.08775854302135,48341700
2017-05-24,211.6683349609375,211.77389651945165,211.0701214747748,211.41322338673078,46927700
2017-05-25,212.68008422851562,212.9615997241104,211.97632233632396,212.1874455346224,64071700
2017-05-26,212.63604736328125,212.8031820388813,212.40731273375553,212.48648391010195,46629900
2017-05-30,212.45130920410156,212.7064208119662,212.15220913325493,212.31055149191693,35201900
2017-05-31,212.39854431152344,212.78562133729875,211.69476912133152,212.75042519492175,91796000
2017-06-01,214.0876007080078,214.10519877952464,212.57448871905464,212.86479649380217,68962000
2017-06-02,214.80018615722656,214.9585419672992,213.84129924218632,214.1403993659499,88666100
2017-06-05,214.64181518554688,214.9145248752129,214.43947093165707,214.6242171149054,44698800
2017-06-06,213.95565795898438,214.63302937255114,213.8764733454409,214.07001187028743,50375400
2017-06-07,214.35153198242188,214.5802532333851,213.62136633619008,214.29875118784548,54144300
2017-06-08,214.4570770263672,214.9409233116498,213.92044995058018,214.4482847024149,65950700
2017-06-09,214.13157653808594,215.53911343826772,212.84718586106777,214.72977670039938,132256400
2017-06-12,214.0876007080078,214.14038149916274,213.2254831312214,213.8852698674488,86108100
2017-06-13,215.1344757080078,215.18725650191806,214.28115041073548,214.63303131906798,60067000
2017-06-14,214.8617401123047,215.41595180500858,214.02599956472935,215.4071594815479,78602300
2017-06-15,214.44825744628906,214.57141708294435,213.20785533350787,213.48935732155124,66464900
2017-06-16,214.49513244628906,214.66309567962682,213.60229158716137,214.6100574983319,84553100
2017-06-19,216.28082275390625,216.34269613439668,215.2376890862657,215.33493024605545,65123800
2017-06-20,214.82225036621094,215.92725764586095,214.80457996171458,215.91842244361277,56906400
2017-06-21,214.7691650390625,215.3349281025195,214.2918079341182,215.22001654307954,55977600
2017-06-22,214.67193603515625,215.2819021124064,214.49513759697587,214.77802588914946,44148100
2017-06-23,214.92828369140625,215.26419664361987,214.34483676392568,214.73380138224604,66986800
2017-06-26,215.06971740722656,216.0332937668707,214.8575646951879,215.60896136508327,56700500
2017-06-27,213.33706665039062,215.14928077365792,213.3193827620431,214.84870862716807,82247700
2017-06-28,215.24655151367188,215.4498690466252,214.1326957051962,214.3713810197062,70042600
2017-06-29,213.35475158691406,215.4498404897619,212.1259843733876,215.39680231331332,106949700
2017-06-30,213.7526092529297,214.55705778374283,213.55812689407688,214.1769282682184,86820700
2017-07-03,214.11502075195312,215.1493057743693,214.11502075195312,214.7073029363014,39153800
2017-07-05,214.61004638671875,214.82219910091393,213.66415390641464,214.4862861404865,54427600
2017-07-06,212.64756774902344,213.95589237071306,212.46192062223784,213.83213211580804,65400800
2017-07-07,214.02662658691406,214.1769059414785,212.65641501560006,213.23102683007724,57972300
2017-07-10,214.25645446777344,214.63658392814455,213.71721045807698,214.02661784468472,36663300
2017-07-11,214.0973358154297,214.41557839683782,212.91277145252116,214.2564503617057,50354600
2017-07-12,215.70623779296875,215.8742010433678,215.07860126541755,215.07860126541755,59610400
2017-07-13,216.0686798095703,216.18360487138412,215.48523278800997,215.71508291163758,39471600
2017-07-14,217.07644653320312,217.43889212255473,215.97143936239243,216.06868053297805,60262700
2017-07-17,217.04986572265625,217.38579212349717,216.8730673233701,216.99682755175573,33531900
2017-07-18,217.16482543945312,217.2178636188253,216.28965501324575,216.6344166680204,42742500
2017-07-19,218.34056091308594,218.34939611362068,217.47422566187356,217.48307435126407,51034300
2017-07-20,218.4377899169922,218.72066469577368,217.8808620706172,218.59690445089646,47135200
2017-07-21,218.2433319091797,218.26985100111693,217.62451712702625,217.85436724229118,82340800
2017-07-24,218.19029235839844,218.33172301822563,217.71292172880533,218.16375977777088,46622300
2017-07-25,218.72068786621094,219.0566143474023,218.49085124104954,218.95052449137233,54915600
2017-07-26,218.72952270507812,219.04776529492824,218.4643317875834,219.0124110022144,47575400
2017-07-27,218.5262451171875,219.23345250044457,217.1825524378849,219.19809820126824,70766600
2017-07-28,218.26983642578125,218.40243187661324,217.58031310374355,218.03998632586493,50088400
2017-07-31,218.14602661132812,218.7736629211378,217.93386044934667,218.6764217830029,65838700
2017-08-01,218.6322784423828,218.79139298080918,218.10186966991748,218.75603869077736,55050400
2017-08-02,218.7383575439453,218.87980168355693,217.79246503525516,218.76487663401554,47211200
2017-08-03,218.31405639648438,218.6499693943539,218.0311680942188,218.6234503021236,40856000
2017-08-04,218.7117919921875,219.04770489133648,218.3228274353124,218.80903313140627,60191800
2017-08-07,219.1184844970703,219.1184844970703,218.67648165523084,218.78257150969458,31995000
2017-08-08,218.57925415039062,220.0378717129297,218.19913815730467,218.80025558512165,61719400
2017-08-09,218.57040405273438,218.62344223523797,217.5184351368925,217.8808807024753,62632600
2017-08-10,215.48526000976562,217.8544026895458,215.43222181726122,217.72179371942605,120479500
2017-08-11,215.80345153808594,216.40458238475466,215.47637376920852,215.71505906780163,74869900
2017-08-14,217.9427490234375,218.16375043797322,217.06759205474387,217.10294634597298,73291900
2017-08-15,217.91624450683594,218.34941216428388,217.60685059910747,218.3317282730587,55242700
2017-08-16,218.2963409423828,218.85326877640776,217.86317335049068,218.4466202729116,56715500
2017-08-17,214.89291381835938,217.99578204588454,214.89291381835938,217.67753949662182,128490400
2017-08-18,214.55703735351562,215.86536206124387,214.10618579689702,214.724987112116,136748000
2017-08-21,214.72496032714844,214.99016471169105,213.7790813252014,214.4951237212677,65469700
2017-08-22,216.9703369140625,217.12945144762614,215.29956686736935,215.31725075627253,63140100
2017-08-23,216.19241333007812,216.62558094199207,215.83881647588476,215.9890958133597,50203800
2017-08-24,215.6885528564453,216.74050829542995,215.47638663515474,216.58139374610425,50741700
2017-08-25,216.19241333007812,217.12062193340492,216.04213399260317,216.49297200502804,64445900
2017-08-28,216.20127868652344,216.75819310036874,215.77694624215243,216.7316740087026,40565600
2017-08-29,216.4487762451172,216.71396713365286,214.751473625359,214.86639866962778,51135700
2017-08-30,217.47422790527344,217.7482809909467,216.24546057548028,216.43110769947108,62030800
2017-08-31,218.78257751464844,219.03009803376378,217.50960713699436,218.10188934265295,103803900
2017-09-01,219.09194946289062,219.52511707236104,218.9416701262634,219.16267153110144,62007000
2017-09-05,217.51840209960938,218.80905612954558,216.53715540575874,218.579206055132,91398800
2017-09-06,218.260986328125,218.59691278653932,217.66870417013777,218.20794814813445,57916900
2017-09-07,218.23451232910156,218.5881227501932,217.81902851485538,218.57043885692403,58034700
2017-09-08,217.9781036376953,218.44662552910393,217.73058314747396,217.94273585974653,63832800
2017-09-11,220.30308532714844,220.38264260964638,219.25111629570566,219.26878669924452,71364800
2017-09-12,221.04563903808594,221.08099333275726,220.48871110279782,220.6743582441796,56896000
2017-09-13,221.15167236328125,221.18704013992536,220.63894751277826,220.75387255358973,59228000
2017-09-14,221.08099365234375,221.2843246857837,220.6478394699221,220.82463792124872,95446300
2017-09-15,221.37860107421875,221.46743221956535,220.827801883356,220.93440468009118,95432400
2017-09-18,221.8494415283203,222.2047932106686,221.45854654425852,221.75171778230487,46235200
2017-09-19,222.07151794433594,222.16036263411056,221.74281699260342,222.09816864010904,47108100
2017-09-20,222.15145874023438,222.26695411991173,221.1386916849438,222.1603513422377,59574100
2017-09-21,221.5562286376953,222.08037701514837,221.37855282992425,221.99154588916042,48211400
2017-09-22,221.60067749023438,221.76947427233958,221.22755418253715,221.25420487910148,51214000
2017-09-25,221.1475830078125,221.69839568656258,220.3924573643756,221.34303048159535,57064400
2017-09-26,221.28085327148438,221.83165240247385,221.04098344910648,221.58290353326592,54082000
2017-09-27,222.14263916015625,222.53353419066207,221.09432852781796,221.99161399942435,81001400
2017-09-28,222.40916442871094,222.4891165350577,221.76952046633764,221.85835162145636,44778800
2017-09-29,223.19088745117188,223.27085309415037,222.2136636443103,222.40021851440184,85578000
2017-10-02,224.1592559814453,224.1592559814453,223.24419901518934,223.42188840253039,59023000
2017-10-03,224.63897705078125,224.66562774712608,224.0792853159462,224.15925096077743,66810200
2017-10-04,224.9054718017578,225.15422064300736,224.37243082434014,224.48792619913283,55953600
2017-10-05,226.2381134033203,226.25587149912212,224.94105395247794,225.2431042506884,63522800
2017-10-06,225.98046875,226.2736399962224,225.51851426122357,225.7850212525184,80646000
2017-10-09,225.60736083984375,226.27365547525721,225.34084027451854,226.21147502496748,35803100
2017-10-10,226.20252990722656,226.58454579185974,225.63395915923434,226.1847718145801,43057400
2017-10-11,226.5579071044922,226.5579071044922,225.93603493401005,226.10481815787213,47674300
2017-10-12,226.22030639648438,226.59342968698274,225.98043658266533,226.23807804530702,47065100
2017-10-13,226.4957733154297,226.78006555796006,226.22037367785353,226.66457013995708,54800400
2017-10-16,226.7978057861328,226.99325329852243,226.3802736159904,226.72674628689944,38221700
2017-10-17,226.9576416015625,227.0020639393932,226.52232438009253,226.74442251345172,31561000
2017-10-18,227.17979431152344,227.38412084767796,226.98434682275044,227.33969849917546,40888300
2017-10-19,227.24195861816406,227.27750191676114,225.9626845403977,226.3891092329865,61903800
2017-10-20,228.41461181640625,228.44128962193543,227.22418252364346,228.0503947031144,89176400
2017-10-23,227.52622985839844,228.77000126467178,227.44627777283955,228.74335056948547,63915300
2017-10-24,227.926025390625,228.16588165571292,227.56178113591088,227.96156868931726,66935900
2017-10-25,226.7978057861328,227.70397029304843,225.6517849687565,227.58847488414568,103715300
2017-10-26,227.09100341796875,227.6951041221771,226.96662894617285,227.41971803012987,69798000
2017-10-27,228.9476776123047,229.10760890485284,227.09983270533684,227.84607932805045,85562500
2017-10-30,228.09481811523438,228.84995730735994,227.7927678607027,227.84606925199697,54285700
2017-10-31,228.4501495361328,228.70779097897426,228.14809930834195,228.47680022942055,60304800
2017-11-01,228.7522735595703,229.58736503410685,228.37916373317682,229.2409059095986,54202700
2017-11-02,228.84104919433594,228.98319526535033,227.5973049624485,228.68114503129132,56449500
2017-11-03,229.60511779785156,229.64952659085193,228.58344444289074,229.0009901211561,59589700
2017-11-06,229.96044921875,230.09370269760765,229.40075749595502,229.47181698081482,49652600
2017-11-07,229.8005828857422,230.40468349710363,229.285299867183,230.0670898873436,57502200
2017-11-08,230.1914520263672,230.2891893352133,229.3386025050432,229.62289471601704,50469600
2017-11-09,229.35635375976562,229.55180123692696,227.74833804081462,228.9654588054429,95085500
2017-11-10,229.2852783203125,229.46296771241347,228.64563446498173,228.9654699484445,59984700
2017-11-13,229.4984588623047,229.72944962451493,228.55676483242087,228.5923081292821,50228600
2017-11-14,228.96546936035156,229.07207215070042,227.89049463061286,228.68117717835813,61315200
2017-11-15,227.81942749023438,228.51237271582607,227.09983156795045,227.97933167038775,80811500
2017-11-16,229.75608825683594,230.1292250753092,228.73444219634567,228.77885098139686,67777000
2017-11-17,229.08094787597656,229.7294843616974,229.00099577964318,229.40078337290598,75756800
2017-11-20,229.47181701660156,229.66726448948756,229.08092207082962,229.32969804685982,48075500
2017-11-21,230.9731903076172,231.1597722795438,229.43628841506032,230.25359444901846,69176800
2017-11-22,230.76890563964844,231.11536470844985,230.60010885098285,230.9821112204493,45033400
2017-11-24,231.30189514160156,231.40852503232526,231.12423288024573,231.2663789562855,27856500
2017-11-27,231.1864776611328,231.6484321760546,230.98213754851082,231.34638186495982,52274900
2017-11-28,233.5318603515625,233.55851105673085,231.55962683429698,231.65736416098255,98971700
2017-11-29,233.3897247314453,234.20705824608964,232.93666272317844,233.66512440112248,77512100
2017-11-30,235.43299865722656,236.35690770402712,234.24255548755798,234.3225075909389,127894400
2017-12-01,234.94435119628906,235.6994904950714,231.65731411864334,235.21088530199864,164390900
2017-12-04,234.6600799560547,237.02318087284473,234.60675144703325,236.58787709000381,94040600
2017-12-05,233.8160858154297,235.5573279827118,233.68283232765714,233.8160858154297,77994500
2017-12-06,233.86048889160156,234.29581975647798,233.38964183858366,233.91379028540783,75898600
2017-12-07,234.59786987304688,234.9176782356769,233.5939817710237,234.59786987304688,77218600
2017-12-08,235.87721252441406,235.88607801771303,234.56238124453597,235.56626958054287,76563900
2017-12-11,236.58782958984375,236.65002357821876,235.85047566576574,236.58782958984375,83077500
2017-12-12,237.00546264648438,237.48520241561206,236.62346019680882,237.38746509615996,85195800
2017-12-13,236.97877502441406,237.69837101019968,236.88993032373514,237.25417461840132,102905400
2017-12-14,236.01043701171875,237.39632762553205,235.95713561207953,237.2808322224481,100666700
2017-12-15,237.97579956054688,238.44905339210166,236.9757180485954,237.02929189743728,144610300
2017-12-18,239.48487854003906,239.84204664353032,239.28843199559194,239.39557970162136,83653600
2017-12-19,238.56512451171875,239.77950134453414,238.4936745508615,239.7348655566302,82382900
2017-12-20,238.44009399414062,239.6008969487289,238.13649979448178,239.54732310468174,76751500
2017-12-21,238.93121337890625,239.6545148245413,238.6811930057871,239.07408605642817,67032300
2017-12-22,238.8687286376953,238.98481439127636,238.324024851702,238.94908940936443,78720900
2017-12-26,238.5829315185547,238.80616491926068,238.31506233777588,238.45790773407725,45244400
2017-12-27,238.6990203857422,239.0651264377347,238.42221314524053,238.75259422260243,57751000
2017-12-28,239.19012451171875,239.23478754283704,238.8151076512857,239.20800062423467,45116100
2017-12-29,238.288330078125,239.79739056563167,238.09191077815123,239.77954169750143,96007400
2018-01-02,239.99378967285156,240.02951465223015,238.77047481834074,239.16336784098036,86655700
2018-01-03,241.51182556152344,241.66363630991248,240.1634866941226,240.1634866941226,90070400
2018-01-04,242.52972412109375,243.02085403646052,241.57430571335505,242.1636452616898,80636400
2018-01-05,244.1459197998047,244.2709163351994,242.83330630221866,243.3333469441399,83524000
2018-01-08,244.59246826171875,244.75318982524183,243.7531082075245,244.0477644073168,57319200
2018-01-09,245.14601135253906,245.77998661257226,244.735242254334,245.02098756173604,57254000
2018-01-10,244.7710418701172,245.0389383963129,243.6995375158765,244.37814876517476,69574300
2018-01-11,246.5568389892578,246.5568389892578,245.163864653174,245.33352422937918,62361500
2018-01-12,248.16412353515625,248.33375585271278,246.52110169503501,246.82472310583262,90816100
2018-01-16,247.31588745117188,250.10183667978774,246.61046208553572,249.44107435638426,106555100
2018-01-17,249.673095703125,250.06598858041156,247.31576568957044,248.26227291662494,113258800
2018-01-18,249.2534637451172,249.98564848582245,248.75339592805355,249.55705785714954,100728000
2018-01-19,250.38755798339844,250.38755798339844,249.25354192246567,249.84285422172633,140920100
2018-01-22,252.42344665527344,252.42344665527344,250.1196622956449,250.17326339137705,91322400
2018-01-23,252.95925903320312,253.25391523812885,252.1377478328059,252.46812902475256,97084700
2018-01-24,252.86093139648438,254.21820791443662,251.66440363735404,253.61099235369278,134816100
2018-01-25,252.96820068359375,253.83434778573016,252.1645655038201,253.73613812217502,84587300
2018-01-26,255.89686584472656,255.94152886902526,253.55738447676404,253.81634281716086,107743100
2018-01-29,254.20033264160156,255.76296645348816,254.03961113242002,255.316499650092,90118300
2018-01-30,251.59300231933594,254.25392724480514,251.11081050223598,252.34306334028403,131796400
2018-01-31,251.71807861328125,252.96818071091653,250.6286980888744,252.45922906235992,108364800
2018-02-01,251.43228149414062,252.75383329708941,250.628646543097,250.97690379698253,90102500
2018-02-02,245.95855712890625,250.2267784058403,245.92283215687604,250.0928165732694,173174800
2018-02-05,235.67201232910156,246.31579526193022,235.11839773069823,244.17275958255274,294681800
2018-02-06,240.31529235839844,240.82427119494886,231.0019988062071,232.1092280645172,355026800
2018-02-07,239.01156616210938,243.1993999818776,238.93117815208657,239.75268911417396,167376100
2018-02-08,230.04652404785156,239.45805330779487,230.01079906816344,239.31518063921757,246449500
2018-02-09,233.5021514892578,235.38622842692763,225.8407790711582,232.87708702879684,283565300
2018-02-12,236.9311065673828,238.42231835179706,233.6451159558415,235.58276749436385,143736000
2018-02-13,237.52037048339844,238.07398503201603,235.11837658684183,235.70771611445318,81223600
2018-02-14,240.72598266601562,241.09208873745249,236.00235596403715,236.01129402071234,120735700
2018-02-15,243.79769897460938,243.80663703210328,239.99379250604483,242.49402333873772,111200300
2018-02-16,243.86907958984375,245.84248244309805,243.11901864455635,243.1636816741413,160420100
2018-02-20,242.3422393798828,244.36921664226634,241.53860437174998,242.9047920606293,86369700
2018-02-21,241.13671875,245.30673084178218,241.03850912961417,242.7886514351858,98883700
2018-02-22,241.44923400878906,243.81550254013771,240.7706230197158,242.07429841337333,110511300
2018-02-23,245.2977752685547,245.2977752685547,242.2082327226744,242.69042448422528,92766400
2018-02-26,248.1462860107422,248.24452289425813,245.7889550586441,246.38720541667712,86491400
2018-02-27,245.04782104492188,249.05711241641015,244.98530913764193,248.33381095392883,99099200
2018-02-28,242.56544494628906,246.61937175469006,242.2440018800721,246.16396682737422,121907800
2018-03-01,239.0383758544922,243.92272455862206,237.52037757891765,242.35115243804375,176855100
2018-03-02,240.27061462402344,240.8421053354189,236.4667351707334,237.3417928535643,139083200
2018-03-05,243.04759216308594,243.67265656617818,238.95794112606103,239.06511604529382,97307400
2018-03-06,243.66378784179688,244.11919281506292,242.14578943102867,244.03880479022237,79213200
2018-03-07,243.57447814941406,243.93164621538344,241.27072096126133,241.467167485071,87063500
2018-03-08,244.7531280517578,244.8781245973343,243.25300600379907,244.26199817582028,66901200
2018-03-09,249.01243591308594,249.01243591308597,245.8603807971042,246.18185112418047,113625300
2018-03-12,248.69998168945312,249.94117309851035,248.30708852760657,249.30719755333348,71924800
2018-03-13,247.09259033203125,250.38751754205026,246.47646395941493,249.87853884290263,91968900
2018-03-14,245.82464599609375,248.25342684184926,245.26212063399018,248.06591838781475,105895100
2018-03-15,245.5568084716797,246.99441888846457,245.04782963771373,246.34259461881763,83433000
2018-03-16,245.8231201171875,246.88996949745916,245.7693316912344,246.09206224695285,100343700
2018-03-19,242.49696350097656,246.00232062904496,240.82049430044643,245.0609961412612,109208400
2018-03-20,242.9094696044922,243.55495809593373,242.21913918377192,242.90049574677198,59757300
2018-03-21,242.4431610107422,244.9892457944763,242.22800739387492,242.86452174998084,78709600
2018-03-22,236.38282775878906,241.04466381692598,236.10488445997623,240.18402179007737,148785900
2018-03-23,231.34437561035156,237.16274363819042,231.1471423321314,236.83103934284554,183534800
2018-03-26,237.67379760742188,237.96068742754088,232.56370606323287,235.00221481560612,141956100
2018-03-27,233.6305694580078,239.1620222096758,232.05270271140733,238.6241379636263,129941400
2018-03-28,232.94017028808594,235.45938843997436,231.8195328408792,233.76497148732767,146452300
2018-03-29,235.91659545898438,237.8082457411725,232.94914961778036,234.09668129631865,111601600
2018-04-02,230.8244171142578,235.89866669664337,228.31418652709854,235.3786756062455,186286300
2018-04-03,233.7829132080078,234.26703629006397,230.25963531815023,232.07954960440594,119956900
2018-04-04,236.2841796875,237.0013767628248,230.04447758236722,230.1789486140763,123715300
2018-04-05,238.14894104003906,239.04545108335924,236.96554121662078,238.0682310599428,82652600
2018-04-06,232.84161376953125,237.673789178906,231.2996152402237,236.15871221864154,179521200
2018-04-09,233.9891357421875,237.43173123780508,233.03883722638602,234.32084010118953,105442900
2018-04-10,237.7096710205078,238.50757822078518,235.76425923258694,236.92073767709815,103529000
2018-04-11,236.46348571777344,238.14892889072183,236.13178139615752,236.20349015786616,91140200
2018-04-12,238.40887451171875,239.36814668451686,237.62891526518035,237.8082281914401,68890500
2018-04-13,237.7096710205078,239.8523435036008,236.6876636324142,239.73579280159896,85079200
2018-04-16,239.6640167236328,240.44400343950426,238.53443267865808,239.3681804488172,63405300
2018-04-17,242.2280731201172,242.83769343952926,240.93709634999874,241.45706018495193,64682000
2018-04-18,242.40731811523438,243.2231180248927,241.94111547050375,242.67626013387886,57303900
2018-04-19,241.06260681152344,241.95014302936482,240.01367798736126,241.74393586309262,77655900
2018-04-20,239.01858520507812,241.2150462666831,238.1220749528837,240.9909187036345,99953100
2018-04-23,238.98272705078125,240.1661270635408,237.88898352856157,239.60132126839105,65558000
2018-04-24,235.76425170898438,240.2468025086579,234.24017349336782,240.02267496867424,112885500
2018-04-25,236.34695434570312,236.7952093811092,233.85465744321792,235.7014660003457,103840900
2018-04-26,238.74957275390625,239.59229433150676,236.9386324272081,237.38688742128014,67731900
2018-04-27,238.97377014160156,239.67304704249307,238.02347146498803,239.36823684049642,57053600
2018-04-30,237.13589477539062,240.16610328410127,237.0641586463336,239.60129754487428,82182300
2018-05-01,237.55723571777344,237.66481254303127,234.98422897022203,236.56209536550924,74203400
2018-05-02,235.96141052246094,238.1847375070133,235.5669439879158,237.35996374155363,86368900
2018-05-03,235.44149780273438,236.10490657731341,232.24094991145242,235.11876727217788,136311500
2018-05-04,238.4895782470703,239.17990845094226,234.12357896307049,234.45528328265448,91222100
2018-05-07,239.29641723632812,240.28255616754598,238.57021909929244,239.269523035646,55304900
2018-05-08,239.29641723632812,239.66396219254776,237.70957731815494,238.91987106746922,67499200
2018-05-09,241.60952758789062,241.94123202378486,239.44893446623078,239.97787226391662,59666100
2018-05-10,243.8685760498047,244.20030764416074,242.25486941901642,242.3624462131614,72063900
2018-05-11,244.61279296875,244.88173506240264,243.47420760054567,243.99419879403115,59871500
2018-05-14,244.72933959960938,245.71547883284308,244.17348034975896,245.05207010663483,54790600
2018-05-15,243.04388427734375,243.50108580650502,242.0846119408318,243.4831654545452,87036100
2018-05-16,244.06582641601562,244.53202903576204,243.05276593456202,243.07968749429386,53942600
2018-05-17,243.859619140625,244.95336209989372,243.07068620485015,243.79685689361892,56536400
2018-05-18,243.25009155273438,243.8776596133071,242.89149295782954,243.51008716175096,64368000
2018-05-21,245.07894897460938,245.6258343341483,244.36175187545717,244.75621848778556,58025900
2018-05-22,244.39756774902344,245.86785722001989,244.06586344038257,245.60786167028266,52966400
2018-05-23,245.06997680664062,245.09689837337692,242.9452523424729,243.10664494631177,64694200
2018-05-24,244.56790161132812,244.94444782564662,242.75696137504562,244.6665319319427,76043800
2018-05-25,243.98519897460938,244.6217134347324,243.47418169173045,243.98519897460938,56374800
2018-05-29,241.17904663085938,243.10656450905805,240.0494629336302,242.33555188591723,115908600
2018-05-30,244.39756774902344,244.84582273028147,242.43423610168114,242.5059448605848,69678400
2018-05-31,242.90042114257812,244.2900006963001,242.29080090993324,243.98519057997765,93519900
2018-06-01,245.28514099121094,245.58995110749595,244.14655578348112,244.21829190455637,71258400
2018-06-04,246.45057678222656,246.71057232516822,245.87682464805533,246.11887248225557,45385200
2018-06-05,246.62986755371094,247.0153602266449,245.80506644576627,246.5850256451986,51135000
2018-06-06,248.69192504882812,248.7995018957871,246.62098866690755,247.24855675326174,62732200
2018-06-07,248.6649932861328,249.4808207314669,247.74158901008497,249.18498444700407,72969400
2018-06-08,249.40008544921875,249.45387385321854,248.0284264286031,248.1987654943726,72139700
2018-06-11,249.7318115234375,250.45798240012496,249.5076840341065,249.62423470604864,58892500
2018-06-12,250.0546112060547,250.42215627390706,249.40014897826723,250.1532141854011,72329000
2018-06-13,249.25668334960938,250.55663384102365,249.05047619269166,250.29663827087782,79070600
2018-06-14,249.88424682617188,250.4221309487877,249.28357307683154,250.13526853649742,77097600
2018-06-15,249.56549072265625,249.90769872390177,247.96253809748382,249.08820784780636,120041600
2018-06-18,249.0521240234375,249.17821219922425,247.60227489488335,248.0885443330636,52917600
2018-06-19,248.0975799560547,248.32271387615998,246.32352356633808,246.7467764354228,97531500
2018-06-20,248.52081298828125,249.1962146946868,248.1786050598892,248.79096267797715,53785500
2018-06-21,246.962890625,248.52984136140637,246.45859285393072,248.51181305961774,71061400
2018-06-22,247.4131317138672,248.35871054404655,247.18799782318132,248.24163652374358,54898500
2018-06-25,244.04518127441406,246.40458047482772,242.33416889475427,246.24249064018161,137854200
2018-06-26,244.58547973632812,245.44998623598397,243.85604808315506,244.62150885611223,68547400
2018-06-27,242.55929565429688,246.6297071140243,242.40619249354486,245.1798578322736,105110700
2018-06-28,243.9461212158203,244.7205687017801,241.78481361873648,242.50525864515367,76650500
2018-06-29,244.29727172851562,246.4405506366104,244.18019771522535,245.05371825804977,97592500
2018-07-02,244.81959533691406,244.9817126315667,242.4601964590503,242.70335865994647,63554800
2018-07-03,243.9551239013672,245.8282536108632,243.5228843393062,245.72918038977787,42187100
2018-07-05,245.9452362060547,246.00828028651543,244.00909038541855,245.09875812311174,56925900
2018-07-06,248.02554321289062,248.40375279953335,245.58507179063758,245.9723230103282,66493700
2018-07-09,250.25888061523438,250.31291056191696,248.99813605569022,249.04315185053565,50550400
2018-07-10,251.15939331054688,251.25846652514917,250.42094746412124,250.7181396257605,51966800
2018-07-11,249.32232666015625,250.38497978320584,249.0161477881492,249.58348973534544,77054700
2018-07-12,251.5825958251953,251.63662575610417,249.98865789905955,250.6010154374681,60124700
2018-07-13,251.78077697753906,252.08695582243652,250.94328535924583,251.4025673676765,48216000
2018-07-16,251.55567932128906,251.9699181144485,251.10541139936748,251.82585656374582,48201000
2018-07-17,252.57325744628906,252.96949536630407,250.71815603993224,250.7721859851916,52315500
2018-07-18,253.10458374023438,253.21264363652136,252.20404796161483,252.6543158509246,44593500
2018-07-19,252.14996337890625,252.81635091640055,251.66366646881215,252.42912721121684,61412100
2018-07-20,251.86172485351562,252.58216963642977,251.69963508316934,251.94276973868875,82337700
2018-07-23,252.33010864257812,252.53721426048395,251.30348477547486,251.65470688227376,47047600
2018-07-24,253.599853515625,254.4553734512566,252.7173460895729,253.76197083333432,68026900
2018-07-25,255.76112365722656,256.0853032806551,253.30265158423146,253.34766737120805,78882900
2018-07-26,255.15774536132812,255.8511478573429,254.9326114686028,255.03168467212757,57919500
2018-07-27,253.42877197265625,255.59005218339752,252.4922071378731,255.49097896442416,76768700
2018-07-30,252.1050262451172,253.67194985496135,251.57368590078005,253.50985999508237,63742500
2018-07-31,253.3477020263672,253.9690738717675,252.4922095816318,252.8794333455279,68570500
2018-08-01,252.92442321777344,254.06812105359947,252.2670497981041,253.55480915006336,53853300
2018-08-02,254.3022918701172,254.4733683711068,251.393551638592,251.6006847450914,63426400
2018-08-03,255.3919677734375,255.44599772485176,254.24826967676591,254.42838783626192,53935400
2018-08-06,256.3284912109375,256.64365671574126,255.03171762272072,255.4279555236852,39400900
2018-08-07,257.17498779296875,257.56223905252057,256.86880893535283,257.0039112837991,43196600
2018-08-08,257.06683349609375,257.47208542826974,256.5985649709109,257.0038169030869,42114600
2018-08-09,256.7156982421875,257.52617481149883,256.58062339433,257.1299369363393,35717000
2018-08-10,254.99566650390625,255.80614305608674,254.2752215269502,255.2568295256882,77076000
2018-08-13,254.0411376953125,255.8962391207364,253.74394551116188,255.27486726169764,65732900
2018-08-14,255.6620635986328,255.90522581087464,254.38331837534935,254.7795562569161,43842000
2018-08-15,253.75289916992188,254.43731496330773,252.29403601636847,254.29322598142844,102925400
2018-08-16,255.80616760253906,256.68870247818364,255.17578162248313,255.21181074532964,69967900
2018-08-17,256.7066955566406,257.15696339105307,255.1847880777532,255.5990267904057,65618500
2018-08-20,257.25604248046875,257.52619219441874,256.7067014192128,257.165983415096,39807500
2018-08-21,257.8594665527344,258.73298754360167,257.2921244940443,257.77842161323247,67272000
2018-08-22,257.7063293457031,258.2376421437982,257.1749890654378,257.445166281497,44993300
2018-08-23,257.36407470703125,258.3996851420997,257.03986760296567,257.5261645179814,49204900
2018-08-24,258.9129638671875,259.0570528414118,257.89535438071476,257.9493843107786,57487400
2018-08-27,260.95721435546875,261.0652742341678,259.9666196637831,260.12870948183166,57072400
2018-08-28,261.08331298828125,261.5335808223322,260.615016852281,261.4254934571392,46943500
2018-08-29,262.4881591796875,262.7222797768901,261.05631069572775,261.2994454443428,61485500
2018-08-30,261.4254150390625,262.37998036234245,260.822071712429,262.0017708852025,61229500
2018-08-31,261.4344482421875,261.88471597399274,260.5159119628829,261.0111954750041,66140800
2018-09-04,260.9842834472656,261.3444922783504,259.9666735748764,261.01129842254267,57594400
2018-09-05,260.28179931640625,260.83114031457967,259.2552030391153,260.62400723622494,72452400
2018-09-06,259.4984436035156,260.69614432925965,258.4538185998155,260.3899654029956,65909900
2018-09-07,258.99407958984375,259.98467438218427,258.19258960444165,258.4357518383889,73524800
2018-09-10,259.44439697265625,260.2909029129437,259.2462779763725,260.02072565500697,50210900
2018-09-11,260.2997741699219,260.750041917998,258.43568657933025,258.7868811321052,50530500
2018-09-12,260.36285400390625,260.9752116296609,259.56139159299687,260.3088240652906,59810800
2018-09-13,261.9027099609375,262.09184219052054,261.15527763778005,261.4434555743403,51034200
2018-09-14,261.9478454589844,262.2990401135739,261.1553695954784,262.10993529956414,55079900
2018-09-17,260.5610046386719,261.9298090537365,260.2818407611401,261.8938074117236,68244000
2018-09-18,261.9748840332031,262.578227654883,260.75014100231283,260.77715597817655,61930400
2018-09-19,262.25396728515625,262.6772200982927,261.90274522477813,262.0288333948106,49080600
2018-09-20,264.3791809082031,264.70338795551805,262.27193128821773,263.53270288291304,100360600
2018-09-21,264.1377258300781,265.25040885189657,263.9749022483219,265.1328048406586,105479700
2018-09-24,263.26031494140625,263.694538871743,262.6723223486004,263.5497975616307,53409600
2018-09-25,263.0159912109375,263.8301366512389,262.7717558608189,263.72158760674176,44370000
2018-09-26,262.22900390625,264.36387556883244,261.8038350437425,263.1607534211186,79739700
2018-09-27,262.9617614746094,264.0653896259144,262.42804351055054,262.708471125453,59249500
2018-09-28,262.9888610839844,263.49544170976174,262.2923196251839,262.3284842366154,70091400
2018-10-01,263.9025573730469,264.98807557385464,263.2240981450758,264.24628685902786,62078900
2018-10-02,263.7486877441406,264.4723663433093,263.36876614187616,263.7486877441406,47258200
2018-10-03,263.8934631347656,265.2413264329312,263.53162378835697,264.8161576090936,64694600
2018-10-04,261.83099365234375,263.4592847953087,260.2207848175176,263.405010264315,111545900
2018-10-05,260.36553955078125,262.5818232983716,258.9181542341757,262.0571602694737,105951700
2018-10-08,260.36553955078125,260.72737897828796,258.26683222203206,259.66897035608764,87742200
2018-10-09,259.98553466796875,261.3062607191873,259.41562457826836,259.9765073186502,74339000
2018-10-10,251.75344848632812,259.54217030327146,251.37352699665917,259.4697859008654,214731000
2018-10-11,246.2083282470703,252.2963510217994,244.57095467640374,250.6499501011032,274840500
2018-10-12,249.62774658203125,250.65899013027288,246.38921945997996,250.36950760191357,183186500
2018-10-15,248.2255859375,250.61377543301143,248.1351191948081,249.26588446202211,102263700
2018-10-16,253.65330505371094,254.03325439904188,249.73634560720387,250.21578906287212,118255800
2018-10-17,253.69847106933594,254.33168296686188,251.08412888440736,253.6894161143554,110626000
2018-10-18,250.0347900390625,253.3547287406088,248.74120130410662,252.74862645976123,134557500
2018-10-19,249.8990936279297,252.65814950137454,249.1934972913607,250.69515669617581,139901600
2018-10-22,248.77734375,250.9031597690064,248.2345710531312,250.57751271482482,82415800
2018-10-23,247.51097106933594,248.65079146092717,242.98790933327925,245.1047265195424,146352700
2018-10-24,240.01173400878906,247.6466637731507,239.4508788186589,247.25765951620426,177806700
2018-10-25,244.31768798828125,245.88267727067267,240.83495257383802,241.87525124074617,138061500
2018-10-26,240.020751953125,245.14991546792606,237.27075063789374,240.554497465088,201574600
2018-10-29,238.69094848632812,244.47143337207112,235.0634725397517,243.15973471282996,160749100
2018-10-30,242.22799682617188,242.54461661483384,238.02155565272946,238.5191089225049,157116000
2018-10-31,244.8152313232422,247.16722882606766,244.35387021584145,244.83331363088624,128296300
2018-11-01,247.4204864501953,247.6195022342708,244.58904590671915,245.69267387176095,99495000
2018-11-02,245.95498657226562,248.97638754390306,243.87436226755185,248.54216381615956,122634100
2018-11-05,247.31187438964844,247.87272938188818,245.4664582808549,246.45248199407732,65622500
2018-11-06,248.8769073486328,249.03973092121524,247.18528692924295,247.24861640966074,60085900
2018-11-07,254.205078125,254.28648990859992,250.6499312683659,251.0841550541384,102752100
2018-11-08,253.74371337890625,254.39503524478346,252.58581090696595,253.39090138187703,65584900
2018-11-09,251.26502990722656,252.60383795614752,249.83572753332288,252.41387717206996,98812600
2018-11-12,246.5701446533203,250.99368378858637,246.04545413748502,250.74944844219078,99673600
2018-11-13,246.10879516601562,249.0668671486031,245.37606148586485,247.0405446362428,98176600
2018-11-14,244.4261932373047,248.41550818659718,242.84312210910082,248.00844931757223,125335900
2018-11-15,246.9772186279297,247.44763465103594,241.54051795243495,243.14167164516616,135101400
2018-11-16,247.61953735351562,248.5422319705984,245.3398966659583,245.8645872650151,126668000
2018-11-19,243.43109130859375,247.30282951005222,242.49934206591888,247.00429209455976,103061700
2018-11-20,238.92611694335938,241.53140391954227,238.04864219938898,240.04782698888414,136021300
2018-11-21,239.7403106689453,241.66713903473132,239.7312833195899,240.50018158946025,75563700
2018-11-23,238.13914489746094,239.55939257712743,237.97632133849282,238.07581542233837,42807900
2018-11-26,241.9837646484375,242.2099176995108,240.0297989743753,240.42783055279023,79981400
2018-11-27,242.79791259765625,242.79791259765625,240.31928396661093,240.93441364625264,75502400
2018-11-28,248.3884735107422,248.3884735107422,242.73464571789407,243.88352119361264,127629600
2018-11-29,247.84564208984375,249.2658621573852,246.44347672002166,247.60137914577518,82346400
2018-11-30,249.3563995361328,249.92630975832316,247.36626884404416,247.69191605296476,98204200
2018-12-03,252.65817260742188,253.65325153373132,251.03893667057199,253.54470248841994,103176300
2018-12-04,244.47140502929688,252.25107413341155,244.15478529240403,251.81685041368118,177986000
2018-12-06,244.10055541992188,244.2181594242671,237.40643058761205,240.55449101660207,204185400
2018-12-07,238.42864990234375,245.34892787712963,237.57831220540808,243.7568015328119,161018900
2018-12-10,238.88095092773438,239.86697491562094,233.95080338172798,238.2477113433868,151445900
2018-12-11,238.9352264404297,242.3184672575109,237.44262182151584,242.1285064240497,121504400
2018-12-12,240.1383514404297,243.3406864190565,240.05693965367314,241.9566308310475,97976700
2018-12-13,240.0569610595703,241.97473471392945,238.92619568727585,241.09725968076592,96662700
2018-12-14,235.6243438720703,238.84476113700927,235.06348871790073,237.8768194449688,116961100
2018-12-17,231.00177001953125,235.7871624442154,229.3463280509292,234.6563972036364,165492300
2018-12-18,230.7484588623047,233.344705006344,229.12015430232725,232.66624592329384,134515100
2018-12-19,227.2928466796875,234.65638912055857,225.56504794209718,230.82988354316905,214992800
2018-12-20,223.593017578125,227.6185394992395,221.3133907473469,226.02642684147514,252053400
2018-12-21,219.0116729736328,227.2098339096407,218.3565476147274,224.50744527512904,255345600
2018-12-24,213.22476196289062,219.13907865836583,213.1610765411796,217.50126510437852,147311600
2018-12-26,223.9978790283203,223.9978790283203,212.69698809424943,214.7078615659883,218485400
2018-12-27,225.71763610839844,225.9178002146355,217.42849295524357,220.71321412289953,186267300
2018-12-28,225.42642211914062,228.74753237077,224.2435561788713,227.09153116150648,153100200
2018-12-31,227.40093994140625,227.64661546075507,225.17170013280466,227.0733772102394,144299400
2019-01-02,227.63743591308594,228.57464017181428,223.78858544730082,223.8158811759745,126925200
2019-01-03,222.2054443359375,226.1725867391694,221.71409330456817,225.86321191486866,144140700
2019-01-04,229.64837646484375,230.3035019127103,224.89872390975864,225.2808781070317,142628800
2019-01-07,231.4590606689453,232.88758839025525,229.0114412557297,229.92133612256708,103139100
2019-01-08,233.6336669921875,234.12501793643858,231.11326850917874,233.6791783907536,102512600
2019-01-09,234.72555541992188,235.58085872693854,233.1059438366363,234.35249523130526,95006600
2019-01-10,235.55355834960938,235.80832777000856,232.47810963835823,233.1696385370635,96823900
2019-01-11,235.64454650878906,235.6718422399009,233.87024068316785,234.4616667024471,73858100
2019-01-14,234.20692443847656,235.02582423454174,233.30613743958355,233.7155734537228,70908200
2019-01-15,236.89111328125,237.20958201016597,234.5799727479512,234.58908058150985,85208300
2019-01-16,237.46432495117188,238.36511180387234,237.1185605279343,237.32781853415966,77636700
2019-01-17,239.26596069335938,240.1394798104817,236.53627592987817,236.5817873366098,96118400
2019-01-18,242.4505157470703,242.92367872685435,239.30228809689578,241.10388946376008,127900300
2019-01-22,239.1750030517578,241.17678329848061,237.53720304465276,240.95841736894494,115531200
2019-01-23,239.67538452148438,240.93104374600603,237.17317390582548,240.22132693663963,86030300
2019-01-24,239.80276489257812,240.39421873040686,238.46521841772497,239.4934039908293,59204100
2019-01-25,241.8318634033203,242.66897892219666,239.90289067418308,241.67716905377776,96883400
2019-01-28,239.9938507080078,240.0575222376717,238.20135692065872,239.65719408975892,85613700
2019-01-29,239.67538452148438,240.71265011927312,238.82918905027532,240.13943973953405,66136300
2019-01-30,243.46961975097656,244.32492301900464,240.43968251646515,241.21309859088845,92473700
2019-01-31,245.6078643798828,246.0992152822053,243.18754119824192,243.40593480359746,104012100
2019-02-01,245.72621154785156,246.76350505004388,244.92549960253572,245.80809875574226,85782500
2019-02-04,247.45492553710938,247.51862482283488,245.08919404366742,245.77161498786532,60744800
2019-02-05,248.49229431152344,248.80165523489134,247.38222146047977,247.8917603657666,79552800
2019-02-06,248.16473388671875,248.710676397318,247.41864114894904,248.21024529381262,58347800
2019-02-07,245.7989959716797,247.0819232111849,244.11568502873254,246.5269007086259,95482000
2019-02-08,246.0992889404297,246.19936405667636,243.6971529370264,244.53426851124613,75788900
2019-02-11,246.23565673828125,247.0272605477004,245.69882229014385,246.7634111230792,68021400
2019-02-12,249.40216064453125,249.78430089587874,247.80073697241144,247.87354410357213,72270200
2019-02-13,250.21197509765625,251.06727847528254,249.82072697770448,250.24837866651762,65277200
2019-02-14,249.6569366455078,250.8034129653246,248.2829866284439,249.11099421855764,83234400
2019-02-15,252.37750244140625,252.41390600639687,251.24924183675407,251.45849985793586,97088700
2019-02-19,252.81434631347656,253.47855193152458,251.55868669607972,251.56779453231383,59120800
2019-02-20,253.32386779785156,253.78792312899407,252.26838627606742,252.77792524964715,76610800
2019-02-21,252.42311096191406,253.04183296589355,251.44951654024956,252.67788047930532,64214700
2019-02-22,253.98800659179688,254.1881567582489,252.40477101457753,253.05078844278327,78114600
2019-02-25,254.33377075195312,255.96249013089505,254.25188355651372,255.43476339324624,69030700
2019-02-26,254.15184020996094,255.04351940576424,253.7696721490541,253.9789579642873,56844100
2019-02-27,254.0426483154297,254.39749286081977,252.47762809297646,253.4238987258744,56921600
2019-02-28,253.5694122314453,254.27004882207763,253.24186351461358,253.8241816004629,69268300
2019-03-01,255.1527557373047,255.5712996420144,253.69691825438647,255.17094364001713,78880500
2019-03-04,254.224609375,256.472050710742,251.89528083687708,256.22638910359933,106494600
2019-03-05,253.87887573242188,254.55221686897863,253.32385314850103,254.35203887180606,59114600
2019-03-06,252.3411407470703,254.00626396632762,252.01359191115728,253.9971561316227,75039800
2019-03-07,250.23011779785156,252.0316912982307,249.37481466963519,251.88610483302588,94885100
2019-03-08,249.729736328125,249.90261857352087,247.8735708003814,248.34670613274568,85795800
2019-03-11,253.35116577148438,253.51494020705277,250.43041059934748,250.4577063386089,65098900
2019-03-12,254.3064727783203,254.8342272791009,253.7241545821786,253.91522470318623,79667500
2019-03-13,255.98983764648438,256.9361361537388,255.04353913922998,255.20734133102826,80639200
2019-03-14,255.8260040283203,256.44472577660537,255.3801644990831,256.01707414545297,67518400
2019-03-15,257.0898742675781,257.91238082510125,256.19423990178046,256.38617948093594,81309000
2019-03-18,258.02215576171875,258.32375929308114,257.0808370279466,257.30931271954273,62199800
2019-03-19,258.0860900878906,259.8773313845608,257.181335433722,259.10053648234424,90268100
2019-03-20,257.30926513671875,259.0913863576502,256.18518279159963,257.8667602239703,84609200
2019-03-21,260.2154541015625,260.6266934691754,256.4318845789876,256.4775964354486,79550400
2019-03-22,255.207275390625,259.3655206465038,255.1432955214352,258.83546946343824,122659300
2019-03-25,255.01541137695312,256.0663938798645,253.73595320427424,254.8600356498688,85575200
2019-03-26,256.9162292480469,257.88496352698894,255.49054378507228,256.7974174777845,68125900
2019-03-27,255.57289123535156,257.50124048619534,254.00097743418,256.9071814034084,72224700
2019-03-28,256.5415954589844,256.9985467668612,255.04280967199747,256.2126039045584,56238500
2019-03-29,258.1593017578125,258.48829341523253,256.9346752161327,258.0770538434575,82186800
2019-04-01,261.2207946777344,261.52239818512015,259.91392051932104,260.1881080614987,77617900
2019-04-02,261.3487854003906,261.58640905373977,260.5445464722243,261.41276529015386,40070400
2019-04-03,261.7600402832031,262.9846666324163,261.1477131635471,262.5825471875882,68243200
2019-04-04,262.45458984375,262.7104815028186,261.38533922518087,262.08903431509475,48997500
2019-04-05,263.7248840332031,263.77971595883923,262.8383973819602,263.1308529120824,58621700
2019-04-08,263.92596435546875,264.0356282153136,262.6282102704128,263.29536927126435,53566300
2019-04-09,262.5733337402344,263.27702864810806,262.0158665840147,262.9480371244555,66142300
2019-04-10,263.468994140625,263.5603899806479,262.5733595325515,262.99374692854354,52601500
2019-04-11,263.3958740234375,263.97163715333335,262.82011089354165,263.9624892020349,55093100
2019-04-12,265.1779479980469,265.46125553676615,263.44153885716037,265.0317202538546,69727800
2019-04-15,265.00439453125,265.3516820556998,264.19100765660704,265.251138245417,49596700
2019-04-16,265.1779479980469,265.9547706871538,264.57476901203756,265.899938769343,52153200
2019-04-17,264.529052734375,266.3385615812994,264.1086375623876,266.3111456257426,58268300
2019-04-18,265.0499267578125,265.32411417333134,263.8070330557293,265.12305455798446,68708500
2019-04-22,265.2785339355469,265.43390967043416,264.1818673996459,264.27326325016213,40160100
2019-04-23,267.6638488769531,267.9014725229942,265.41565586243144,265.6532516183732,52246600
2019-04-24,267.0697326660156,267.91965528164275,266.9235049219146,267.58151582532383,50392900
2019-04-25,266.9052734375,267.5724324515809,265.6989430651895,266.96925332037705,57770900
2019-04-26,268.1482238769531,268.2213238293042,266.16504252944117,266.9510134402409,50916400
2019-04-29,268.5684814453125,269.0985604313265,268.1480941699158,268.23948998372026,57197700
2019-04-30,268.7055969238281,268.9980524108263,266.78642402936697,268.2212297254019,81111700
2019-05-01,266.6858825683594,269.5555497655156,266.6767346186581,269.3453421530193,71671900
2019-05-02,266.1101379394531,267.49928766576,264.5930563589347,266.56708921466617,65030200
2019-05-03,268.71478271484375,268.99809029211644,266.2198185545679,267.6089683683893,56543700
2019-05-06,267.6089782714844,268.0567816411459,264.0264676439063,264.3463391465625,107198100
2019-05-07,263.1399230957031,265.77196658771925,261.20245438354937,265.1687876299581,144729900
2019-05-08,262.7744445800781,264.5108541476845,262.1712654458385,262.7744445800781,91568300
2019-05-09,261.9792785644531,262.5915775849336,258.90855184249244,260.67240476005867,103471100
2019-05-10,263.2953796386719,264.06305457790995,257.9947271199837,261.0288908489468,112429300
2019-05-13,256.6787109375,259.0822796133106,255.8287880803794,258.10442487505816,127290500
2019-05-14,259.0000305175781,260.5536763290956,257.5834924289167,257.711424309458,77003200
2019-05-15,260.51715087890625,261.1660141098382,257.13569909104245,257.3459067923764,73956400
2019-05-16,262.92987060546875,264.30984499358317,261.15689678117093,261.22999674016864,76749600
2019-05-17,261.22991943359375,263.75229956914995,260.57190843693104,260.5902043388431,100353000
2019-05-20,259.5026550292969,261.33958029430323,258.74410025108085,259.6031709282854,62877600
2019-05-21,261.8422546386719,262.22607812949855,260.9648880223061,261.22077964622235,46847100
2019-05-22,261.03802490234375,262.00675950433396,260.5536576013486,260.8735291148578,49482500
2019-05-23,257.8484802246094,258.82633476187397,256.413646519806,258.78065079016636,98733800
2019-05-24,258.433349609375,259.7311034399283,257.8027546488367,259.3106882061753,55268100
2019-05-28,256.02984619140625,259.6854571393902,256.0115781771017,258.7167224693823,70029400
2019-05-29,254.3117218017578,255.3078725057166,252.88603566672504,254.8966329802841,104972900
2019-05-30,255.0062713623047,255.92932202172594,253.8913089435325,255.07937130726307,62523800
2019-05-31,251.56996154785156,253.26068695526823,251.5425455851408,252.41991217207456,86862800
2019-06-03,250.93028259277344,252.73979217247395,249.577696494026,251.60656169709802,96428000
2019-06-04,256.37713623046875,256.5142160643548,252.8037731466479,253.26072451966698,77231900
2019-06-05,258.597900390625,258.62531635604313,256.18521176353624,258.0221372267467,71169700
2019-06-06,260.2794494628906,260.9648764132565,258.241464513463,258.89947550141795,69430400
2019-06-07,262.88409423828125,263.98078858493164,261.1385368130789,261.3121805494668,74272200
2019-06-10,264.0904846191406,265.78121032202307,263.9990887641012,264.45604014919917,60799100
2019-06-11,264.0264587402344,266.31121526773745,263.3684477447097,265.9365118504156,58641300
2019-06-12,263.56036376953125,264.35545450747924,263.0394326342923,263.78883940181936,47096300
2019-06-13,264.64794921875,265.0135326351739,263.77061037755027,264.4834534154186,48945200
2019-06-14,264.3554382324219,264.9677372708064,263.57861555244904,264.3554382324219,52324700
2019-06-17,264.4560852050781,265.2329082701134,264.282441417949,264.59316506594223,39205700
2019-06-18,267.22515869140625,268.2944371812276,265.9365524662774,266.30213587858805,85434800
2019-06-19,267.8282775878906,268.3674767425921,266.3751758882526,267.36217836514345,78674400
2019-06-20,270.3872375488281,270.79850491699835,267.8923010448922,270.55176123015434,116570000
2019-06-21,269.99420166015625,271.3900799604234,269.7738071984681,270.1135913354858,83309500
2019-06-24,269.6636657714844,270.52688693364524,269.5075343116487,270.20548761908856,47582700
2019-06-25,267.0187683105469,269.74626191763616,266.9085710780577,269.7187126095139,82028700
2019-06-26,266.7524108886719,268.44216699806685,266.6422136680635,267.9278946180659,51584900
2019-06-27,267.6983642578125,268.21263674640227,267.13818559285704,267.52387594642505,40355200
2019-06-28,269.075927734375,269.58100785599834,268.1667723051517,268.6902092950285,59350900
2019-07-01,271.51861572265625,272.67574250044834,270.2971978959334,272.4553200506485,78705600
2019-07-02,272.225830078125,272.2809287037513,270.61872143727373,271.4727781602317,61504500
2019-07-03,274.4022216796875,274.42060656615473,272.76756425137256,272.9145032144026,40898900
2019-07-05,274.09002685546875,274.2553507290704,271.84009196877327,273.15332235853896,51677300
2019-07-08,272.58392333984375,273.90634603848855,272.03290921111795,272.7584116143693,45841800
2019-07-09,272.9236755371094,273.2267178583207,271.35330927571744,271.40840787957404,41101300
2019-07-10,274.22772216796875,275.1920038184866,273.46550610585535,274.0073277453317,58448500
2019-07-11,274.8705749511719,275.11851867514974,273.8512227268559,274.87976739397334,50826100
2019-07-12,276.1011657714844,276.17464926470245,275.05426421192664,275.36649899375055,40326000
2019-07-15,276.1929626464844,276.541939119981,275.6786903778799,276.541939119981,33900000
2019-07-16,275.3022155761719,276.31240344286846,274.98998078569144,276.10117342618673,36650100
2019-07-17,273.4288024902344,275.43998595448124,273.4288024902344,275.2746901144527,36036300
2019-07-18,274.4298095703125,274.81552790571874,272.473752662685,272.92373403253765,51392600
2019-07-19,272.9053649902344,275.56856738963114,272.73087670649767,275.5410180830277,58678600
2019-07-22,273.57574462890625,274.12675879444606,272.7859791447035,273.3094159775089,43638100
2019-07-23,275.5318298339844,275.5318298339844,273.8696229168646,274.7145150418083,44564500
2019-07-24,276.82666015625,276.82666015625,274.66853802344025,274.76037837444625,47213200
2019-07-25,275.5042724609375,276.4226200358073,274.68692966694636,276.3675214233746,55394100
2019-07-26,277.3501281738281,277.55216573810543,276.07361173913506,276.20219383719365,45084100
2019-07-29,276.8450622558594,277.3501702560628,276.2848836669416,277.23078058281936,38126500
2019-07-30,276.16546630859375,276.57873390135404,275.03588877392656,275.4216070622189,45849000
2019-07-31,273.1441345214844,276.6063230947628,271.09623720064997,276.4134499099316,104245200
2019-08-01,270.7655944824219,276.30322921476494,269.95744413578745,273.300242746731,142646600
2019-08-02,268.72686767578125,270.1043890626989,267.1473086977525,269.8564453023217,116749700
2019-08-05,260.64544677734375,264.67697854256636,258.71691103299537,264.56678130444595,178745400
2019-08-06,264.3004150390625,264.5208375097015,261.0678417357041,262.56475273402197,120711700
2019-08-07,264.45654296875,265.2371439851239,259.01074876720327,261.1780355154253,140572300
2019-08-08,269.64520263671875,269.64520263671875,265.4116338915852,265.9718124436687,87713900
2019-08-09,267.8084716796875,269.2961900245431,265.99932613083166,268.69007736076134,93730000
2019-08-12,264.5484313964844,267.79936210950996,263.5841494860801,266.2840939940152,65527600
2019-08-13,268.6626281738281,270.13199020698903,263.89640101840763,264.2453776541802,94299800
2019-08-14,260.7188720703125,265.1636709895382,260.59031798264067,264.5483938060311,135622100
2019-08-15,261.4075927734375,262.31677579508874,259.3321466198546,261.61882277356654,99556600
2019-08-16,265.2647399902344,265.7055289518165,261.4627670421017,263.0882604151792,83018300
2019-08-19,268.4604797363281,269.1492402776709,267.6431651339852,268.331925675328,53571800
2019-08-20,266.40338134765625,268.488019758144,266.27482729109886,267.94619818076796,51596400
2019-08-21,268.5707702636719,268.9472681218297,267.9003664178335,268.59831957099425,49524700
2019-08-22,268.48809814453125,269.9299106417018,266.6881446470625,269.2870841197642,51666400
2019-08-23,261.5913391113281,268.8554725359725,260.3240148440297,267.1657161881568,149161500
2019-08-26,264.4841613769531,264.4841613769531,262.2617474118306,263.8137574064151,72423800
2019-08-27,263.4462890625,266.2748144795167,262.67488068305977,265.89828871828945,66668900
2019-08-28,265.3014221191406,265.46671794258367,261.9586237744482,262.77596649993035,59696700
2019-08-29,268.6901550292969,269.2228123843524,266.88100895748283,267.90038946760774,57899400
2019-08-30,268.5707702636719,270.2145923101501,267.62487334460945,270.19623544718354,62901200
2019-09-03,267.0003356933594,267.77174420863514,265.6503637851916,266.8442323171528,69101400
2019-09-04,270.0309753417969,270.049332207193,268.44222367394747,269.20446798699174,46887300
2019-09-05,273.5022277832031,274.42973959423773,269.99413400968916,272.55633108780415,83258100
2019-09-06,273.71343994140625,274.3654867943815,273.13490460288784,273.82366517448247,49584300
2019-09-09,273.85125732421875,274.8063186210638,272.8961680016299,274.7145062844107,51260300
2019-09-10,273.7869873046875,273.8512783658796,271.803353032624,273.0798416830666,57947100
2019-09-11,275.73382568359375,275.81647359215026,273.43795702677784,274.0991683209704,68821100
2019-09-12,276.6889343261719,277.7633852386146,275.88078401809116,276.6521925778748,72908700
2019-09-13,276.5052795410156,277.49711065785283,276.128753656452,277.138941636288,62104800
2019-09-16,275.6512756347656,276.5512665570123,274.9992565519621,275.35739761618504,58191200
2019-09-17,276.34918212890625,276.4409944716347,275.2747030666757,275.44919135905286,41475500
2019-09-18,276.51446533203125,276.6246625588627,273.88797664765485,275.95425872797864,73375800
2019-09-19,276.4961242675781,277.9195800750837,276.15634008907807,276.90939195944236,76560500
2019-09-20,275.1897277832031,277.39472806211234,274.3870802022345,277.10869969200354,89565000
2019-09-23,275.1251525878906,275.8540055025996,274.25791700714103,274.51624070214064,43476800
2019-09-24,272.96624755859375,276.62892493008303,271.9883060276318,276.2322186431235,94869400
2019-09-25,274.5807800292969,275.032839376682,271.5454560343079,273.04927976764947,71854000
2019-09-26,274.0088806152344,274.8022934890631,272.5788792006935,274.5901160789434,56179700
2019-09-27,272.5325622558594,274.88517917641434,270.9549442385368,274.7744449365534,84746600
2019-09-30,273.7965393066406,274.5161571060841,273.0123617194854,273.0584798757313,51662400
2019-10-01,270.53985595703125,275.3557692886877,270.3184437158597,274.6915044100052,88242400
2019-10-02,265.7608337402344,268.9437752396632,264.45077387319833,268.93454034526417,122539500
2019-10-03,267.93817138671875,267.9658479162174,262.7716700240163,265.5302006996646,85278800
2019-10-04,271.56396484375,271.8222885301118,268.54708204908667,268.6024632688222,65091200
2019-10-07,270.3922424316406,272.40350688780325,270.1062422308189,270.75206548406254,59610500
2019-10-08,266.19451904296875,269.2575203136462,266.1576076111657,268.5102257118784,95708100
2019-10-09,268.7222900390625,269.6725548831934,267.6059660544414,268.2425542481483,62359400
2019-10-10,270.53985595703125,271.43476797199014,268.4732666256491,268.6393258065277,55296300
2019-10-11,273.3445129394531,275.6140727102578,273.2153651933121,273.33527804502666,98720400
2019-10-14,273.0400695800781,273.7043344061968,272.6894814558536,273.02159979133,40394800
2019-10-15,275.7432556152344,276.4997849431065,273.98110820014193,274.1010492100688,46754500
2019-10-16,275.3004150390625,276.00159133996715,274.8575905586325,275.27273850903566,48928200
2019-10-17,276.1123046875,276.99798182671105,275.41112836824163,276.4813344825739,45736600
2019-10-18,274.9036865234375,276.222981273457,274.03645111240627,275.56795134560684,64304000
2019-10-21,276.7673034667969,276.9702740544683,275.79859684459933,276.2414494418366,39048600
2019-10-22,275.86322021484375,277.6068979897199,275.7709557258436,277.311662886987,48594700
2019-10-23,276.6658630371094,276.72121609852786,275.39268631414666,275.6048918196966,34352200
2019-10-24,277.11785888671875,277.7636819954197,276.2783001074724,277.61606448042625,35453100
2019-10-25,278.252685546875,278.80624425466374,276.4813033129841,276.53665636824644,45205400
2019-10-28,279.8211364746094,280.32857714369413,279.4613415286939,279.4890180629951,42147000
2019-10-29,279.7380065917969,280.6790647310332,279.4150950372582,279.5442709211385,44284900
2019-10-30,280.5960693359375,280.9743058301447,278.61248161151525,279.94101125389005,49643900
2019-10-31,279.84881591796875,280.5869037656267,278.3726965329979,280.5869037656267,69053800
2019-11-01,282.44134521484375,282.4874633921968,281.14969838685386,281.3157857667107,71141500
2019-11-04,283.5760498046875,284.1572851199873,283.19778510496593,284.01890246281334,60606900
2019-11-05,283.2622985839844,284.08341572593196,282.96706355619455,283.7789458050356,42933200
2019-11-06,283.3270263671875,283.6037917453674,282.36752613087083,283.26243839388695,46487100
2019-11-07,284.3232421875,285.67944805103116,283.84350642988187,284.683065122083,54272300
2019-11-08,285.0245056152344,285.07985867518505,283.2623581263566,283.97274116583566,49032100
2019-11-11,284.480224609375,284.6555187106809,283.4838130698287,283.6222238957233,35797300
2019-11-12,285.0798034667969,285.99315693427155,284.2955977291405,284.8491563766134,46484600
2019-11-13,285.1720886230469,285.5780297836337,283.8435590347926,284.07420614170945,53917700
2019-11-14,285.5872802734375,285.6703380211964,284.2403088461374,284.8861321065084,51219900
2019-11-15,287.65386962890625,287.6999877907703,286.2423103828413,286.94345848107116,62023600
2019-11-18,287.86602783203125,288.1059098301834,286.95267430855057,287.4139685172037,49228000
2019-11-19,287.78302001953125,288.4841962793699,287.12799007714665,288.4749613848458,67804700
2019-11-20,286.712890625,287.70930222425477,285.13527177388266,287.1834198888244,79406200
2019-11-21,286.2515563964844,286.93429110984056,285.43970207425974,286.8235849820449,54664700
2019-11-22,286.88812255859375,287.1464462218255,285.8640628006576,287.0080635728027,44850200
2019-11-25,289.11151123046875,289.11151123046875,287.82912804471147,287.82912804471147,48647200
2019-11-26,289.76654052734375,289.9510694619225,288.82551053338204,289.1484220913136,37569000
2019-11-27,291.0582580566406,291.0582580566406,290.0341700826444,290.255582334246,44444600
2019-11-29,289.9787902832031,290.7353196133145,289.7481431573277,290.48620269806236,36592700
2019-12-02,287.5155334472656,290.3017409670229,287.0819156660453,290.2371530058438,75767800
2019-12-03,285.5872802734375,285.6703380211964,283.3546317033398,284.7569561923667,73941700
2019-12-04,287.34942626953125,287.9583381004117,286.297689947224,286.6482781063826,49080000
2019-12-05,287.86602783203125,288.0782333038708,286.53749825869716,288.0597916713837,40709000
2019-12-06,290.4954833984375,290.90142465640093,289.7943070155605,289.80354191170505,48927000
2019-12-09,289.5821533203125,290.7815073999665,289.5083304554631,290.0988007535641,34838500
2019-12-10,289.2591552734375,290.2001853555082,288.5948904639861,289.52671380707955,52649800
2019-12-11,290.0802917480469,290.33861540468075,289.1761448722447,289.7204687146102,53429100
2019-12-12,292.58050537109375,293.3739179933553,289.8496512024984,290.08950507506927,96389600
2019-12-13,292.75579833984375,294.0012984831567,291.55641636084454,292.3406222403503,81503900
2019-12-16,294.7669372558594,295.3666139697927,292.69111375405754,294.50861367961926,82749700
2019-12-17,294.83160400390625,295.4589574060298,294.74857442025746,295.15451559931756,61097700
2019-12-18,294.85003662109375,295.45894837106374,294.79468356702057,295.2283012607038,48133000
2019-12-19,296.0586853027344,296.1325081599219,294.78550849037015,295.0438321801853,85310500
2019-12-20,297.3566589355469,298.5062842920034,296.1143154679192,297.10631720602515,147142100
2019-12-23,297.8109436035156,298.209600362218,297.6626002830134,298.15397515372905,52990000
2019-12-24,297.8202209472656,298.0890666877623,297.51425401001757,298.0427217790132,20270000
2019-12-26,299.4055480957031,299.41482839340733,298.20029772495616,298.2095497290698,30911200
2019-12-27,299.33135986328125,300.2028590326644,298.79364017903583,300.1472338340731,42528800
2019-12-30,297.6811828613281,299.553992842059,297.1898079076275,299.4149297973513,49729100
2019-12-31,298.4042663574219,298.65460807056405,296.8188914464254,297.17120326966756,57077300
2020-01-02,301.1949462890625,301.2135068878565,299.02547824984475,299.96188309387816,59151200
2020-01-03,298.9142150878906,300.0545884148705,297.6996842496835,297.7553094565026,77709700
2020-01-06,300.05462646484375,300.1380642856531,297.0136305406016,297.1341612685256,55653900
2020-01-07,299.21087646484375,299.96184498710954,298.75656625604176,299.4797221772456,40496400
2020-01-08,300.80548095703125,302.03854378792886,299.1552008868685,299.4055142542752,68296000
2020-01-09,302.8451843261719,302.9193701237404,301.7975292108521,302.39090241703354,48473300
2020-01-10,301.9737243652344,303.5961923014446,301.5009100920409,303.4385969749119,53029300
2020-01-13,304.05047607421875,304.0597280791176,302.1684145639248,302.6041641891452,47086800
2020-01-14,303.58685302734375,304.67157257704264,303.02129251091276,303.6053853270217,62832800
2020-01-15,304.2729797363281,305.0424805913382,303.4107607763114,303.49419858273944,72056600
2020-01-16,306.8040466308594,306.8040466308594,305.44117250791817,305.6729536288701,54050300
2020-01-17,307.75897216796875,307.97219268334277,306.7391296153337,307.527191055715,95846000
2020-01-21,307.1562805175781,307.97215445842147,306.7112789451831,306.7854364427192,77742400
2020-01-22,307.1933288574219,308.68601353123415,307.03573358791954,308.0277349782285,48914900
2020-01-23,307.5457763671875,307.9629937585924,305.40412078431734,306.53521393881306,51963000
2020-01-24,304.810791015625,308.2967890969127,303.5035417351421,308.21335126542675,87578400
2020-01-27,299.9247741699219,301.4267113250342,299.145992989256,299.4890245254738,84062500
2020-01-28,303.0677490234375,303.9577806436605,300.0175014193628,301.37109530126787,63834000
2020-01-29,302.8172912597656,304.6808198916054,302.613322811039,304.4490388495789,53888900
2020-01-30,303.8001403808594,304.01338919524386,299.9618597770934,300.7220803414687,75491800
2020-01-31,298.2838134765625,303.327373660985,297.3566888587436,303.1697500267727,113845600
2020-02-03,300.4996032714844,302.3909452672098,299.6651968389453,299.78572755688015,69083000
2020-02-04,305.07952880859375,305.96030823676443,303.8371856055245,304.1616847787236,62573200
2020-02-05,308.60260009765625,308.81584888560207,306.57222378456345,308.05560012188914,65951100
2020-02-06,309.6410827636719,309.83577100662836,308.5470542372371,309.5761772514873,50359700
2020-02-07,307.9907531738281,309.65028556560486,307.43447284589274,308.565565805044,64139400
2020-02-10,310.2900085449219,310.35491404780646,307.0543532223912,307.0914461231243,42070000
2020-02-11,310.8277893066406,312.45950929399737,310.2900412169647,311.6621957526384,54864500
2020-02-12,312.830322265625,313.0435427661608,311.91244988533276,312.28329398041274,43992700
2020-02-13,312.4965515136719,313.47930112523284,311.10586489803745,311.3839909037277,54501900
2020-02-14,312.9972229003906,313.11775360699056,311.6992543169933,312.9137850943429,64582200
2020-02-18,312.1906433105469,313.062142604704,310.78139596156376,311.9866747886464,57226200
2020-02-19,313.6833190917969,314.3693822097454,312.8860055540293,313.17341190309395,48814700
2020-02-20,312.39453125,313.961373515523,309.36281680680383,313.1269390452495,74163400
2020-02-21,309.177490234375,311.3376778826908,308.34305554467204,311.0224589460985,113788200
2020-02-24,298.9234924316406,309.2516446037945,297.82946402329435,299.5910232004645,161088400
2020-02-25,289.8653869628906,300.9537849122823,288.9753556178095,300.33262751806444,218913200
2020-02-26,288.79925537109375,294.92753417541184,288.05756715627723,291.28394201367996,194773800
2020-02-27,275.8288269042969,288.8549151828299,275.8288269042969,283.1994499130487,284353500
2020-02-28,274.6698913574219,276.18110869798824,264.731116384143,267.6608329640057,384975800
2020-03-02,286.5649108886719,286.62981639471866,273.00107480463083,276.47779171091906,238703600
2020-03-03,278.35980224609375,290.96869890428064,275.8843961075198,286.94498267173964,300139100
2020-03-04,290.0601806640625,290.28270980148613,281.22468460487516,283.81137008875044,176613400
2020-03-05,280.4180603027344,285.9900874418258,278.1466223190575,282.75443208360537,186366800
2020-03-06,275.78240966796875,277.00622063787995,269.079318520246,271.7865058606779,228667200
2020-03-09,254.24534606933594,263.47949759504263,253.52219013588166,255.23734771974637,309417300
2020-03-10,267.4012451171875,267.49393492689694,253.56853593613423,263.8967158436713,276444100
2020-03-11,254.36578369140625,261.39340102044827,251.1394095609728,260.2437760584396,255316300
2020-03-12,230.02882385253906,247.22698343482088,229.63015302430506,237.34383443386733,392220700
2020-03-13,249.69309997558594,251.69569167201877,230.40891350501764,243.91710593966738,329566100
2020-03-16,222.3708038330078,238.17826430573805,220.0622588716851,223.6038668959046,297240000
2020-03-17,234.37704467773438,237.5014634392839,219.79338222952163,227.1825504784397,262070500
2020-03-18,222.50985717773438,230.26988391983323,211.4029107680486,219.03314065933228,327597100
2020-03-19,222.9827117919922,229.35206682364282,215.29685579474065,221.81453999708035,289322000
2020-03-20,213.3734130859375,227.98687876671326,213.0936374118293,226.17767886812643,347158800
2020-03-23,207.91786193847656,214.19409581010046,203.54407726275934,212.8045663726438,326025200
2020-03-24,226.75592041015625,227.64187927428833,218.03634059093932,218.614533340175,235494500
2020-03-25,230.15049743652344,239.065938764281,223.58516658506264,228.3599526588523,299430300
2020-03-26,243.5889129638672,245.08101210449942,232.2581036824026,232.6964156314542,257632800
2020-03-27,236.3334503173828,243.22518761601003,234.1232493572089,236.19356958445394,224341200
2020-03-30,244.00856018066406,244.73596848763387,236.43604589273016,238.45973456519582,171369500
2020-03-31,240.3715057373047,245.57526819848582,238.94466534795134,242.99204247552908,194881100
2020-04-01,229.5536346435547,240.28759621981686,227.4553381139793,231.2602508618741,189554600
2020-04-02,234.85064697265625,235.64332813992556,228.0987907133061,228.65834207959932,177660400
2020-04-03,231.4561004638672,236.2402211530827,228.68634787853023,233.85281401330948,135561200
2020-04-06,247.0021209716797,248.99784771905112,231.43743600190354,240.4554462322951,188061200
2020-04-07,247.25392150878906,256.48641978789095,247.03011233789096,255.72170050736804,201427200
2020-04-08,255.5538787841797,257.39105520793953,247.36586012284766,249.89313389178628,153774500
2020-04-09,259.44268798828125,262.2404163485001,256.8967449348948,258.86446688746577,189999200
2020-04-13,257.07391357421875,258.79918493331627,253.11046542005838,258.45413635348916,114839100
2020-04-14,264.6557312011719,265.6908768229173,256.93400363748725,262.0351951140974,134143400
2020-04-15,259.0323791503906,264.7956933412649,256.88743677523325,258.85518739235687,121775000
2020-04-16,260.28204345703125,261.1493325604311,257.16724212075775,260.3286608866883,131798300
2020-04-17,267.3136291503906,267.9291043366545,263.35948710128525,266.1385741475947,146684800
2020-04-20,262.6041259765625,267.4535335494662,262.38031679810956,263.55534344495436,100109300
2020-04-21,254.630615234375,259.29349626399676,253.67936928995314,258.07182371103323,126385700
2020-04-22,260.28204345703125,262.05393268353816,258.23969914259334,259.58261125235987,92951600
2020-04-23,260.26336669921875,264.79570206245927,259.9556290598479,261.5783026237401,104709700
2020-04-24,263.8910827636719,264.57187362058414,259.7224661011365,261.8021212278933,85063200
2020-04-27,267.6959533691406,268.83369732934307,265.4298003167585,265.8960883584814,77896600
2020-04-28,266.4650573730469,271.75274947176473,266.15729123229136,271.39836589633586,105270000
2020-04-29,273.4406433105469,274.99805799396466,270.82944149040577,271.8739222184622,118745600
2020-04-30,270.8948059082031,273.5433194982453,269.1322228319575,272.0418566784835,122901700
2020-05-01,263.7232360839844,271.0626063501023,262.5388460753186,266.0733179026497,125180000
2020-05-04,264.4505920410156,264.7583296089787,260.30995218501363,261.81138593470945,80873200
2020-05-05,266.89398193359375,269.7476627964931,264.5811827381862,267.31365260282996,79569900
2020-05-06,265.08477783203125,269.01091556129825,264.64646589123663,268.6192495052489,73632600
2020-05-07,268.2834777832031,270.24189322800635,267.7705723271666,268.34876493868796,75250400
2020-05-08,272.72259521484375,273.1982181997466,270.31653260177217,271.4636116112568,76452400
2020-05-11,272.77850341796875,274.17736753806093,270.33515864180197,270.76413566984047,79514200
2020-05-12,267.3417053222656,274.4012874687864,267.20179608580287,273.9816451393227,95870800
2020-05-13,262.6134033203125,267.82649966627605,260.151389056766,266.77268424861984,144721100
2020-05-14,265.7562561035156,265.8868019798245,254.58398234077737,260.14215730292403,121977900
2020-05-15,266.9778747558594,267.02449217512526,262.3709467178578,263.3314989264311,111146300
2020-05-18,275.1099853515625,276.74199373924125,272.9650714260289,273.2914503355905,119703800
2020-05-19,272.2842712402344,276.23838517730223,272.26562996202875,274.50380712527533,95189300
2020-05-20,276.9097595214844,277.78638315809906,275.64146993827234,275.87461391694734,85861700
2020-05-21,274.99810791015625,277.6000037939128,273.88833982016575,276.7793320843429,78293900
2020-05-22,275.5203857421875,275.69757754260587,273.4500649067496,274.70904879288975,63958200
2020-05-26,278.9148254394531,281.8151516805929,275.53890477764696,281.57267280655327,88951400
2020-05-27,283.0648498535156,283.10216086991176,276.8538890120153,281.74991401022817,104817400
2020-05-28,282.5425720214844,286.15163684544433,281.8617812473152,284.10929298289966,90405200
2020-05-29,283.80157470703125,284.3984086310391,279.2785747846173,282.06696830607984,119090800
2020-06-01,284.9486389160156,285.5641426067737,282.6265333472205,283.14877372847593,55758300
2020-06-02,287.30804443359375,287.35469031653145,284.52898575324014,285.88120407905984,74267200
2020-06-03,291.1315612792969,292.1014482628659,289.04260020080375,289.3223616095447,92567600
2020-06-04,290.3669738769531,291.89641283181106,288.2407008260341,290.13382977724723,75794400
2020-06-05,297.8088073730469,299.6086721679502,295.77579858522984,295.8410857336361,150524700
2020-06-08,301.40863037109375,301.60446339855105,298.0793266044891,298.6295431311322,73641200
2020-06-09,299.1611328125,301.48323848713284,297.8275271917575,298.70415111309836,77479200
2020-06-10,297.4917907714844,300.65323756930644,296.76438251552014,299.74863756868734,95000800
2020-06-11,280.3417053222656,291.1036421592387,279.78218239518543,290.4601623331307,209243600
2020-06-12,283.6990051269531,288.2406467841215,278.4672661712322,287.45728617117777,194678900
2020-06-15,286.3475341796875,287.4946132448281,276.7326750503248,277.9263715452806,135782700
2020-06-16,291.8590087890625,294.3583343709327,286.9257017027537,294.2091187794805,137627500
2020-06-17,290.646728515625,293.1926720202918,289.90065041134204,292.89424077857865,83398900
2020-06-18,290.7585754394531,291.243504766066,288.64163793716756,289.10792598735975,80828700
2020-06-19,289.0969543457031,294.47348887128004,287.12054450757995,294.276794057839,135549600
2020-06-22,290.9515075683594,291.3542730671313,287.32656090900764,288.4880348441461,74649400
2020-06-23,292.2909851074219,294.58586256145816,291.87884361702186,293.63980660596644,68471200
2020-06-24,284.8350524902344,290.8485514007504,282.97106821028643,290.22096314675923,132813500
2020-06-25,287.88861083984375,288.1602560504221,282.2029562387228,284.25428777629224,89468000
2020-06-26,281.05084228515625,286.9894190568023,280.4607578553267,286.77397235101216,127961000
2020-06-29,285.1816101074219,285.32210640285064,280.00177039109366,282.3247472879432,79773300
2020-06-30,288.83465576171875,290.5581722639838,284.5821487796647,284.74136838555614,113394800
2020-07-01,290.85784912109375,292.14112467006703,289.49968033846915,289.9680203156232,72396500
2020-07-02,292.4595947265625,295.7098753370063,291.78518401074354,294.34230201160415,69344200
2020-07-06,296.9744873046875,297.56460048644504,295.57884275972873,296.33755154049834,61713800
2020-07-07,293.91143798828125,297.41461190670697,293.5273957727805,295.41013164786364,82910000
2020-07-08,296.1595153808594,296.27191242234693,292.89988683688415,294.6889207225762,54638600
2020-07-09,294.4734802246094,297.02125111727224,291.00775258749655,296.77770515573906,83354200
2020-07-10,297.4801940917969,297.75183929229576,292.9560423252227,294.4078848731904,57550400
2020-07-13,294.9043884277344,302.27605697035693,294.23935349480286,299.85943465077975,102997500
2020-07-14,298.7260437011719,299.5128515908511,292.24420453589636,293.46187728737885,93657000
2020-07-15,301.4704895019531,302.58514108410617,299.053838887541,301.9950280600007,87196500
2020-07-16,300.4775695800781,300.93653360894797,298.8852022287936,299.5408896287822,54622500
2020-07-17,301.34869384765625,302.1448775728989,299.49405713787746,301.49856607942473,62774900
2020-07-20,303.7840881347656,304.54279670707643,300.3183604305946,301.07706900290543,56308800
2020-07-21,304.4303894042969,306.2287990760789,303.42813489954403,305.7792109507365,57292200
2020-07-22,306.1632385253906,306.481734908923,303.9526872481221,304.0650842845653,57792900
2020-07-23,302.5101623535156,306.5098042157516,301.12389425924033,305.7979182742342,75738000
2020-07-24,300.5619201660156,301.6016213737728,299.0351270034531,300.6274946345792,73766600
2020-07-27,302.7538146972656,302.9317862451905,300.4589364752119,301.2644964161164,48293000
2020-07-28,300.83355712890625,303.1471580949692,300.5338126396104,302.01375460454585,57495000
2020-07-29,304.5333557128906,305.10474529968167,301.6858408953316,301.72331609410503,48454200
2020-07-30,303.4469299316406,303.8684474839842,299.4004929211224,301.5173708770972,61861700
2020-07-31,305.8447570800781,305.9478067490246,300.983385374377,305.26402002756305,84986800
2020-08-03,307.9710388183594,308.7484706752371,306.9781602612835,307.5307980554894,53077900
2020-08-04,309.1606140136719,309.1606140136719,307.0999064762715,307.0999064762715,41917900
2020-08-05,311.080810546875,311.34310841351856,310.20970492480694,310.4813501543965,42697700
2020-08-06,313.16021728515625,313.28199026091323,310.16285838399455,310.4907021067543,43679400
2020-08-07,313.3851318359375,313.67550043934483,311.25884928072463,312.1768062566274,57308300
2020-08-10,314.3216857910156,314.50900462280714,311.87693634969577,313.8439698873227,44282100
2020-08-11,311.7270812988281,316.1669637762921,310.98712470692084,315.52065231283603,69601100
2020-08-12,316.0732116699219,316.8600192161142,314.1717529536578,314.19985220226476,53774400
2020-08-13,315.5018615722656,316.83195953791005,314.56518172145144,315.2957908616785,41816100
2020-08-14,315.51116943359375,316.05445963754124,314.36841911878753,315.10840404510486,47260400
2020-08-17,316.5135803222656,316.9163459102888,315.5207016895902,316.5416795822391,35481000
2020-08-18,317.197265625,317.6281303351646,315.29577816264003,316.916244529954,38733900
2020-08-19,315.8765869140625,318.10586116291836,315.3051972855298,317.58132268257543,68054200
2020-08-20,316.8601379394531,317.34720129286933,313.99389916681145,314.12501951437406,42207800
2020-08-21,317.9841613769531,318.2089554471391,316.17634711185,316.5229427503298,55106600
2020-08-24,321.20635986328125,321.2812816955143,317.9560786980553,320.456998614907,48588700
2020-08-25,322.3302917480469,322.4145895112113,320.59742816690334,321.77765402161134,38463400
2020-08-26,325.5618896484375,325.8335062797612,322.3771832169068,322.92982101246366,50790200
2020-08-27,326.2737121582031,327.74430653002054,324.58769969390005,326.4423362727961,58034100
2020-08-28,328.3812561035156,328.51240502213,326.1051306036052,327.3134557864188,48588900
2020-08-31,327.19171142578125,329.0556956090468,326.95754140938277,328.16586669785687,66099200
2020-09-01,330.2734375,330.37645859899715,327.1261772278892,328.03475814676403,54908700
2020-09-02,335.05047607421875,336.0339787242066,331.0508338377978,332.2123365750226,69540000
2020-09-03,323.5198974609375,333.81400083083577,320.8971764837867,333.3362849152584,148011100
2020-09-04,320.8785095214844,325.80542742188834,313.6660612993287,324.21308839902326,139156300
2020-09-08,312.1111145019531,320.94402805237246,311.8020226995412,315.3894942887853,114465300
2020-09-09,318.2745666503906,320.7754867255069,315.2959019505696,316.176383607373,91462300
2020-09-10,312.74810791015625,320.84100847846224,311.7739526782989,320.17597366320473,90569500
2020-09-11,312.9072570800781,315.63299877515766,310.04101912962324,314.55582270368075,84680200
2020-09-14,317.0286865234375,318.8271245972705,313.0571726996108,316.1201058323975,65605700
2020-09-15,318.63043212890625,320.3632671734638,317.03806477502764,319.52026093296485,52920900
2020-09-16,317.36590576171875,321.3374195804574,317.08488462715303,319.88557710007984,82096000
2020-09-17,314.57464599609375,316.316885872113,311.90510195465646,312.43901647998564,91523300
2020-09-18,310.9530944824219,315.5047710780121,308.4327496129001,315.39192409872584,105877900
2020-09-21,307.4922790527344,307.64275123836336,302.56443694683287,306.29794374757495,99450800
2020-09-22,310.6239013671875,311.1881648961192,306.4483914325825,308.99697644332406,63612100
2020-09-23,303.4202575683594,311.4703336472461,302.9124174854489,311.188187512457,93112200
2020-09-24,304.22894287109375,307.33234873737626,300.7493422455752,302.08476476174945,76681300
2020-09-25,309.1474609375,309.9468032107017,302.479817909294,303.36379541025934,71069400
2020-09-28,314.28216552734375,315.00628597643316,312.3636811367021,313.3699476812692,64584600
2020-09-29,312.5705871582031,314.82761249869975,311.8652649455708,314.075280285079,51304000
2020-09-30,314.9405212402344,318.13797653341925,313.0502483279517,313.2477305323337,104081100
2020-10-01,316.96240234375,318.5611154536733,315.0533313921479,317.5736758475334,88698700
2020-10-02,313.9529724121094,316.93414647495655,311.46084004390406,311.94046825991654,89431100
2020-10-05,319.52032470703125,319.70839338054463,315.9937142078206,316.04072420129154,45713100
2020-10-06,314.97802734375,321.7867560460061,314.460802628494,319.6613763149551,90128900
2020-10-07,320.4607238769531,321.27889284347907,317.9497648110655,317.9779765444069,56999600
2020-10-08,323.3009338378906,323.3667708073937,321.4952961150098,322.4263410703937,45242500
2020-10-09,326.18798828125,326.6582030463377,324.3447544380032,324.9748261514269,59528600
2020-10-12,331.4355773925781,332.9308569239819,328.26633442039235,328.7647609308603,80388500
2020-10-13,329.2725830078125,331.47318457768927,328.29452829910156,331.29450067803157,73255500
2020-10-14,327.20367431640625,330.96539283684797,326.460755572356,329.85569276123,57727900
2020-10-15,326.7993469238281,327.2883600751247,322.68967339762037,323.235110039465,60357700
2020-10-16,326.601806640625,329.85568504882997,326.42312271911106,328.1723080143938,89501900
2020-10-19,321.6363525390625,328.52027573877194,320.7241346340977,327.8807904671524,68425600
2020-10-20,322.9246826171875,326.2161858296296,322.22877397901004,322.99990434849167,60051900
2020-10-21,322.3134460449219,325.0783113554999,322.00308820618125,322.87768084329804,63575000
2020-10-22,324.0814514160156,324.6739266938656,320.35735799763285,322.5297482166591,55399300
2020-10-23,325.18170166015625,325.3791838133677,322.6895692994357,325.3227603410216,49143900
2020-10-26,319.17236328125,322.5485015466097,315.6269259039837,321.74913077801597,91473000
2020-10-27,318.0721130371094,319.85892360783623,317.855803888688,319.520382714274,65994100
2020-10-28,307.2007141113281,318.1002889341783,306.7022876077683,312.3166530571196,127094300
2020-10-29,310.32293701171875,313.53918983272234,305.724222976897,307.43581155629676,90597700
2020-10-30,307.0878601074219,310.0502073228007,303.38256554354604,308.7241982702799,120287300
2020-11-02,310.5298156738281,312.56111802887216,307.7461238398523,310.5298156738281,86068300
2020-11-03,316.0126037597656,318.1003589264257,310.6145462467165,313.81200161647064,93294200
2020-11-04,323.07513427734375,327.2130180276153,319.36042655061067,320.5547615943241,126959700
2020-11-05,329.3760986328125,331.2099480816105,328.0783010166955,328.4356689051495,82039700
2020-11-06,329.30084228515625,330.5704280240426,326.94035473283753,329.0845331386502,74973000
2020-11-09,333.438720703125,342.67374637446204,332.9685058974516,342.2881667898538,172304200
2020-11-10,332.9496765136719,334.02175124658214,329.62996144392315,332.43242305600245,85552000
2020-11-11,335.423095703125,336.2600632671504,333.9089888631124,335.1691612997201,58649000
2020-11-12,332.1690979003906,335.47001465154517,330.33527758279547,334.39791123848846,67546200
2020-11-13,336.76788330078125,337.52021558537405,333.5798128231088,334.1064511622512,62892200
2020-11-16,340.9715576171875,341.16903979187896,338.16906715410846,339.4762780381147,74541100
2020-11-17,339.1377258300781,340.3603015589505,336.99354743904127,338.5264523154592,66111000
2020-11-18,335.05621337890625,339.9652564035906,335.01858816387806,339.41040645535224,70591300
2020-11-19,336.4668273925781,336.8429934102026,333.05306410087184,334.4166982018414,59940900
2020-11-20,334.162841796875,336.4104823480211,334.08762005566564,336.2035866851526,70417300
2020-11-23,336.1658630371094,337.44486186025813,333.7301544962855,335.9965926442241,63230600
2020-11-24,341.58282470703125,342.1376747014869,337.88694343738825,338.7521225576934,62415900
2020-11-25,341.0561828613281,341.52639763469347,339.9464828840976,341.4981858962768,45330900
2020-11-27,342.0060119628906,342.4856114964469,340.9809185430137,342.16586890753234,28514100
2020-11-30,340.491943359375,341.488796453104,337.77411670183375,341.21606382945834,83872700
2020-12-01,344.2160339355469,345.77715052491556,343.19096910932245,343.79285783277567,74231400
2020-12-02,344.9401550292969,345.10001197745703,342.5044459927791,343.0875077089051,45927000
2020-12-03,344.8460998535156,346.25674412070674,343.7269864389068,344.83668637451905,62882000
2020-12-04,347.81787109375,347.81787109375,345.3445368117168,345.4385855056391,50749900
2020-12-07,347.10308837890625,347.60151481949333,345.8147046758582,347.0372514321275,48944300
2020-12-08,348.1188049316406,348.6924531578852,345.76773115267554,345.81474114840245,42458900
2020-12-09,344.9966125488281,348.94639974119787,344.1502316290085,348.78654277726326,74098300
2020-12-10,344.8837585449219,345.94641988832626,342.7207532388382,343.60475936138505,57735400
2020-12-11,344.4793701171875,344.89316146012175,341.62048463826864,343.1627743440492,57698600
2020-12-14,342.93707275390625,347.7708661344157,342.7583888280093,346.6799930179132,69216200
2020-12-15,347.5733337402344,347.5733337402344,344.121973564115,345.5137908494605,63865300
2020-12-16,348.1188049316406,349.04982096422884,346.89622934680017,347.7896488626593,58420500
2020-12-17,350.0655212402344,350.27241690974705,348.94640766872976,349.7834038270967,64119500
2020-12-18,348.667724609375,350.5282692128944,346.6277344231327,350.3582772361999,136542300
2020-12-21,347.4210510253906,357.43210253413093,341.9149885476664,344.6916393900634,96386700
2020-12-22,346.8355407714844,347.8649751450393,345.6927784040661,347.7516471511759,47949000
2020-12-23,347.147216796875,349.08330391665174,346.81665760467683,347.8177599659822,46201400
2020-12-24,348.49774169921875,348.5260736960716,347.0338738252053,347.6288457591147,26457900
2020-12-28,351.49163818359375,351.8882861556867,350.45275022006433,351.08550778286985,39000400
2020-12-29,350.821044921875,353.21992628820846,350.22604417784225,353.04048070439,53680500
2020-12-30,351.3216247558594,352.36996634807684,350.9249767754317,351.6521839541972,49455300
2020-12-31,353.106689453125,353.8433503687611,350.6039330616676,351.12336273503485,78520700
2021-01-04,348.2994079589844,354.58937048174835,344.5499867633749,354.4571352854946,110210800
2021-01-05,350.6982727050781,351.80327823381515,347.6005161328377,347.6477553425615,66426200
2021-01-06,352.79486083984375,356.03430561222405,348.61100673558406,349.1682217877165,107997700
2021-01-07,358.0365295410156,358.79206857677997,355.02376935911104,355.20321492394925,68766800
2021-01-08,360.0765686035156,360.2937709743707,356.1477016736972,359.443782237788,71677200
2021-01-11,357.6493225097656,359.43429581140606,356.73321625615046,356.855997839929,51034700
2021-01-12,357.7248840332031,358.75431832018006,355.4487842746329,357.8382408395049,52547700
2021-01-13,358.6882629394531,359.69879010847956,356.85605016357647,357.64937494973356,45303600
2021-01-14,357.43206787109375,359.9537305098563,357.0920839586131,359.44372581916923,49989100
2021-01-15,354.82550048828125,356.60102038015134,352.9366237836792,355.78881723171867,107160000
2021-01-19,357.61151123046875,358.15930151538083,355.81708445217015,357.31873770031314,51233300
2021-01-20,362.5604248046875,363.4104134914988,359.5382107827262,359.9348587196526,61836100
2021-01-21,362.8909912109375,363.5615632075733,361.9560064447179,363.1271008041826,47840100
2021-01-22,361.6064758300781,362.7870234925917,360.6242521047168,361.01147519665693,52860500
2021-01-25,363.0326232910156,363.3914856062101,357.4320827097761,362.35262661585836,70402000
2021-01-26,362.4659729003906,364.41151343720406,362.2298633321175,363.9959582912858,42665300
2021-01-27,353.60711669921875,359.1887500268536,351.34047074016087,359.0943004406497,123351100
2021-01-28,356.6482238769531,360.7092968563918,355.00491053153803,355.4487688435801,94198100
2021-01-29,349.5083312988281,355.7416306047642,347.8083248579511,354.7594065826113,126765100
2021-02-01,355.3260192871094,356.37433192810187,349.8010496651537,352.9554700157922,75817600
2021-02-02,360.3504638671875,361.9276886938203,355.4110694281212,358.5560366522809,64450700
2021-02-03,360.6337890625,362.381005771248,359.33991313684527,361.1910042293601,52427100
2021-02-04,364.73260498046875,364.7798153635223,360.74707446824027,361.68205909965525,47142600
2021-02-05,366.1682434082031,366.8860258924965,364.6854968652995,366.6310378729597,48669800
2021-02-08,368.8125915527344,368.8598019366164,366.77260146678475,367.64146851959754,38365200
2021-02-09,368.5670166015625,369.1714708989511,367.5470360021783,367.9625623041739,35551100
2021-02-10,368.40643310546875,370.4842086332597,365.96979527921025,370.3330950656053,59154400
2021-02-11,369.0014953613281,369.9270553094596,366.5365251310788,369.50204652812033,42913300
2021-02-12,370.8242492675781,371.0697836142709,368.1136872726587,368.18925847315506,50593300
2021-02-16,370.503173828125,372.2692978515248,369.77596663399993,372.07094503514935,50972400
2021-02-17,370.5881652832031,370.8431532530497,367.69815751509094,368.7276206446242,52290600
2021-02-18,369.010986328125,369.7665255470326,366.19654941704295,367.94376628548713,59712800
2021-02-19,368.3592529296875,370.5786886022781,367.90591218955143,370.2859150478053,83241000
2021-02-22,365.5259704589844,367.97206230684793,365.2520752695719,365.5543024563739,67414200
2021-02-23,365.9698791503906,367.33932635600047,359.0754903751852,363.2876775592541,107284100
2021-02-24,370.0025939941406,370.43705637755505,363.86374485202833,364.8648471755998,72433900
2021-02-25,361.0871276855469,370.1065318709624,359.62325966638235,368.7182062435724,146670500
2021-02-26,359.22650146484375,364.1564700429585,357.2148723006305,362.9948294980133,152701600
2021-03-01,367.93426513671875,369.1998378389215,359.42489553923235,364.16596549251943,105348800
2021-03-02,365.0632019042969,368.3970680723539,364.553197133492,368.16095848871817,79595300
2021-03-03,360.2276611328125,365.33704685993314,360.12375793467703,364.35485180138636,119940200
2021-03-04,355.7699279785156,362.66431621103095,351.21772834213556,360.03877882467367,183433000
2021-03-05,362.3148498535156,363.382069685747,351.9354827263914,359.32096792435306,152039600
2021-03-08,360.510986328125,366.1398304838052,360.2276663690353,363.28763721508136,123149200
2021-03-09,365.65814208984375,368.2458934747606,363.90147209118817,364.41147677750314,113633600
2021-03-10,367.93426513671875,369.65314978290337,366.602632479302,368.03816833852795,109899400
2021-03-11,371.664794921875,373.66699946259354,369.97424233167743,370.4370366875005,86245000
2021-03-12,372.16534423828125,372.30700421509846,369.46426460706994,370.2859212945787,64653600
2021-03-15,374.3847961425781,374.6492377180652,370.24815170876866,372.42034830584294,73427200
2021-03-16,373.91259765625,375.7259031821311,373.1286976706678,375.0081496215402,73722500
2021-03-17,375.1875,375.9997029556404,371.44750426083027,372.6091735343251,97959300
2021-03-18,369.728759765625,374.67760781959913,369.03930934921584,372.5620750005518,115349100
2021-03-19,369.044677734375,371.0250156290711,366.8369125557221,369.4236846524707,113624500
2021-03-22,371.9914245605469,373.39378172783347,369.5088964139422,369.5657459962026,73778600
2021-03-23,369.0635986328125,372.8158160833037,368.26767547157937,371.34715350895203,90686600
2021-03-24,367.1873779296875,372.142977834356,367.14001292362576,370.4847977930826,97588600
2021-03-25,369.2530517578125,370.05843043165333,363.7573514900823,365.7282332813951,116128600
2021-03-26,375.2035217285156,375.6109533205011,369.8120653533776,370.4184704573895,114409100
2021-03-29,375.0140686035156,375.93317544430647,372.19989849646487,373.706470323177,108107600
2021-03-30,374.0191650390625,374.7013889589555,372.3988651565854,373.72543255153346,76262200
2021-03-31,375.53515625,377.1175466185609,374.5686845052416,374.59710929431196,112734200
2021-04-01,379.5906066894531,379.64748518645933,377.2881119245229,377.4965700256505,99682900
2021-04-05,385.0389099121094,385.5884944087488,382.2152843766025,382.2910741780174,91684800
2021-04-06,384.8115234375,385.8727541881877,384.1292995382909,384.47042594608007,62021000
2021-04-07,385.2568054199219,385.6073874267408,384.1766346128681,384.6409157660753,55836300
2021-04-08,387.0855712890625,387.14242086770923,385.5789996221879,386.52653115479086,57863100
2021-04-09,389.8997802734375,390.07035794288447,386.83927162209505,386.9624553603294,61104600
2021-04-12,390.0419006347656,390.31666396413743,388.6774528911601,389.29334261461736,56704900
2021-04-13,391.1978759765625,391.8327348611848,389.54918027327744,389.9376716927673,56551000
2021-04-14,389.86187744140625,392.240162027506,389.31229293566855,391.16944672294653,61659900
2021-04-15,394.0499572753906,394.3247495327733,391.9843453513801,392.0317103642805,60229800
2021-04-16,395.3669738769531,395.9828635234013,393.91725194518733,395.3574893094131,82037300
2021-04-19,393.424560546875,394.8742826387559,392.0790819603542,394.41948600843574,78498500
2021-04-20,390.5440979003906,393.31087387724483,389.04698183440485,392.19279357038414,81851800
2021-04-21,394.2394714355469,394.44792953980425,389.77657687390433,389.9187297440014,66793000
2021-04-22,390.6387939453125,394.9121701853349,389.5586230915933,394.06888220228007,97582800
2021-04-23,394.8743591308594,396.3051412790933,391.1316261924528,391.2074160067317,73209200
2021-04-26,395.6985778808594,396.276587076929,394.9405643201125,395.53751373447346,52182400
2021-04-27,395.6133728027344,396.2008666690119,394.45738312452517,396.00186421846695,51303100
2021-04-28,395.4996643066406,397.0252051429718,395.02589853029906,395.88815571320487,51238900
2021-04-29,398.02008056640625,398.6454548279253,394.59002115449573,398.26644801025617,78544300
2021-04-30,395.4048767089844,396.5798354122802,394.4952545809215,395.7175782918712,85527000
2021-05-03,396.2577209472656,397.81165771224664,395.755530363194,397.4231662919091,68128300
2021-05-04,393.8130187988281,394.74161003485153,390.0702869004626,394.2394195202307,101591200
2021-05-05,393.9362487792969,395.7176127509672,393.36772405611316,395.480729859338,60162200
2021-05-06,397.0820617675781,397.21470115079546,391.97485272815106,394.01203981928836,74321400
2021-05-07,399.9720153808594,400.6352990359247,397.16733007456617,397.8590385196276,67733800
2021-05-10,396.0113220214844,400.5594617077472,395.8881382984354,400.33206339834413,81852400
2021-05-11,392.47705078125,393.4814319507402,388.5448004762039,391.4253045989301,116888000
2021-05-12,384.1387634277344,390.94203291536536,382.80274049219105,389.65340390643627,134811000
2021-05-13,388.75323486328125,390.7146320697622,385.6642728231055,385.71166674941276,106394000
2021-05-14,394.7226867675781,395.5849439620049,391.5010852286841,391.52951001898964,82201600
2021-05-17,393.71832275390625,394.54269954137663,391.6716510137411,393.5951679348022,65129200
2021-05-18,390.3262023925781,394.23002828575903,390.1651092838487,393.98366079583354,59810200
2021-05-19,389.3028259277344,389.48285924811074,384.0629772471308,385.56957796320035,106467100
2021-05-20,393.49090576171875,394.7700791532081,390.0703307040507,390.19348551731457,78022200
2021-05-21,393.168701171875,396.2576629442204,392.7044200157979,394.99742992577546,76578700
2021-05-24,397.1767883300781,398.2664437628936,395.196422064871,395.4427895060935,51376700
2021-05-25,396.2956237792969,398.636028086273,395.7081587892364,398.27596143652727,57451400
2021-05-26,397.0820617675781,397.59370799531916,395.8407977248511,396.8925438871319,43088600
2021-05-27,397.29052734375,398.64549057368816,397.0062505177326,398.12435976721014,56707700
2021-05-28,398.0011901855469,399.1476953503851,397.7643072802944,398.88238765315714,58520200
2021-06-01,397.65057373046875,400.540533358127,397.2052327504447,400.39840941053797,54216600
2021-06-02,398.27593994140625,399.1287415043024,397.29052790897794,398.3138493015363,49097100
2021-06-03,396.7978210449219,397.95381082152295,394.4384764754836,395.9261081148517,58138800
2021-06-04,400.4268493652344,400.73006640915304,396.86412139011236,398.6739101682677,55938800
2021-06-07,400.0383605957031,400.5974007586686,399.0908290144663,400.4173674449241,51555000
2021-06-08,400.1236267089844,401.004824121417,398.2664729446775,400.9100651819755,47134300
2021-06-09,399.52667236328125,401.0522131956327,399.29927404446835,400.97639447844966,48436300
2021-06-10,401.3838806152344,402.3503814341815,399.4319676700283,400.7679908072295,51020100
2021-06-11,402.0471496582031,402.1608488288937,400.63533676151,401.9429350571937,45570800
2021-06-14,402.947265625,403.05148021290665,400.90059406078063,402.16079826598616,42358500
2021-06-15,402.2082214355469,403.1367838912009,401.3175394238673,403.09890344722646,51508500
2021-06-16,399.9625549316406,402.5777514344579,397.88748730405695,402.35035310077643,80386100
2021-06-17,399.82989501953125,400.8247915946907,397.3189421594497,399.5456471170196,90949700
2021-06-18,394.43603515625,397.20234729448094,394.22689506559306,396.49888926725794,118676300
2021-06-21,400.0827941894531,400.2729321104869,395.3961874468034,396.22323228245057,72822000
2021-06-22,402.2216491699219,403.0677250652531,399.34123710642734,400.07324187226874,57700300
2021-06-23,401.73687744140625,403.11527570892883,401.65132408777833,402.29774654472567,49445400
2021-06-24,404.1134338378906,404.54120058237004,403.6571202994765,403.9138093571336,45110300
2021-06-25,405.5488586425781,406.0051721709191,404.5411916520895,404.8739184533192,58129500
2021-06-28,406.366455078125,406.5375617882763,404.8644700485109,406.0812772278728,53159600
2021-06-29,406.5850830078125,407.40261213002657,406.04321611836207,406.75618970628017,35970500
2021-06-30,406.9273681640625,407.6118240896026,406.09080769829416,406.11932548640107,64827900
2021-07-01,409.18035888671875,409.3419790260205,407.6308247132516,407.6973758889038,53441000
2021-07-02,412.3078918457031,412.66913645439655,409.26585946709906,410.3591088916095,57697700
2021-07-06,411.5569152832031,412.58361361658035,408.7810873675716,412.3649579133121,68710400
2021-07-07,413.0113525390625,413.2965593950735,410.20700702626635,412.25085894497533,63549500
2021-07-08,409.6461181640625,410.4161273194993,406.41394801767103,407.6117529310036,97595200
2021-07-09,414.0190734863281,414.32328256794096,409.4465377063046,411.176694220631,76238600
2021-07-12,415.5020446777344,415.75873377534595,413.4962259380348,413.9335083485568,52889600
2021-07-13,414.0855712890625,416.22449216243734,413.8193956297036,414.7034759613988,52911300
2021-07-14,414.7034606933594,416.3005436016845,413.4391336106957,415.8061966732389,64130400
2021-07-15,413.2869873046875,414.02847861140845,411.3572067877748,413.3440228658994,55126400
2021-07-16,410.0453796386719,414.5323613905846,409.64613066269266,414.4848414209105,75874700
2021-07-19,403.9898681640625,410.11193732143056,401.13797367501417,405.14963975004764,147987000
2021-07-20,409.7792053222656,411.0720792266839,403.8567607308268,404.66480329471693,99608200
2021-07-21,413.0968322753906,413.2394501834659,409.73161825974347,410.99594516206867,64724400
2021-07-22,413.96197509765625,414.2091485653338,412.2793678263144,413.27751927337016,47878500
2021-07-23,418.2208251953125,418.5630386106719,415.2263417670333,415.92028419628025,63766600
2021-07-26,419.2474365234375,419.25695212065085,417.57434503901675,417.6218650031492,43719200
2021-07-27,417.33673095703125,418.22081126155945,414.4658053504121,418.19229347789627,67397100
2021-07-28,417.1656188964844,418.56304839715096,415.7206694240083,417.9736614940485,52472400
2021-07-29,418.895751953125,419.9889723427354,418.0972249986886,418.1067405969104,47435300
2021-07-30,416.8614196777344,418.3348868676976,416.1579326549067,416.29103498740426,68951200
2021-08-02,415.98687744140625,419.1619834970575,415.62563279245046,418.60111433561656,58783300
2021-08-03,419.37109375,419.49468049068287,414.5704161268277,416.79489042620276,58053900
2021-08-04,417.3082580566406,419.34259453567813,417.0706001635631,418.0687517100994,46732200
2021-08-05,419.9510192871094,420.03657264864916,418.16382726123834,418.48703851960187,38969700
2021-08-06,420.6449279785156,421.07272376281315,419.9889899151109,420.27419677496636,46930000
2021-08-09,420.3027038574219,420.9396107073688,419.52317907569306,420.6163994832065,41222600
2021-08-10,420.8255310058594,421.5480202045592,420.06503743636375,420.7589798405117,43339300
2021-08-11,421.8711853027344,421.9662542412708,420.768449439839,421.90921868034235,44034300
2021-08-12,423.135498046875,423.2781159553755,420.80646869123456,421.71906664642177,38909400
2021-08-13,423.9056091308594,423.924611316815,423.0975665576948,423.5918844912801,39470300
2021-08-16,424.9037780761719,425.0368514052777,421.00618298307535,422.5842348114402,73740000
2021-08-17,422.118408203125,422.9929729138181,419.08589147756453,422.30851709150727,92673900
2021-08-18,417.498291015625,422.6792437466152,417.2511465792453,421.0916765448302,89351900
2021-08-19,418.1447448730469,419.36158100635424,414.58939245532133,414.73198137376505,92812200
2021-08-20,421.4719543457031,421.8046811621854,418.00215528460535,418.49650221571164,72008700
2021-08-23,425.179443359375,426.1015570517943,421.5480241573963,423.183111457017,54973000
2021-08-24,425.8544006347656,426.3962675605668,425.33156490627283,425.8544006347656,38744700
2021-08-25,426.7480163574219,427.27085211014634,425.66428245559223,426.0445582877258,40529700
2021-08-26,424.22882080078125,426.70043948225884,424.1337518489619,426.46278160819594,57829600
2021-08-27,428.02178955078125,428.4020363100986,424.98927305185384,425.04630861520303,77235100
2021-08-30,429.904052734375,430.70257963698725,428.4590744250086,428.7062478749725,48357400
2021-08-31,429.2672424316406,430.1513229382679,428.65885323742646,429.80910945608065,59300200
2021-09-01,429.49530029296875,430.7406252376633,429.25764241785953,430.2177895168115,48721400
2021-09-02,430.8166809082031,431.6342100522573,429.59987377942156,430.9402676418323,42501000
2021-09-03,430.71209716796875,431.234961887306,429.25763216747094,429.66642575123507,47170500
2021-09-07,429.1721496582031,430.4555081671822,428.4876937208126,430.3604392015217,51671500
2021-09-08,428.6492919921875,429.37178128117307,426.7004798339959,428.63028980441504,56181900
2021-09-09,426.8145751953125,430.22733906990777,426.5674017021807,428.44966266554775,57970400
2021-09-10,423.4493103027344,429.20061944477663,423.3257235622952,428.7728526636087,89948200
2021-09-13,424.532958984375,426.75746199598564,422.1848982596465,426.49128636371137,83738600
2021-09-14,422.2420654296875,426.20618309535996,421.33895377344425,425.99704297554445,78197100
2021-09-15,425.76885986328125,426.27269342032787,421.5480534940343,422.669791751463,78792200
2021-09-16,425.0938720703125,426.22509678924547,422.09935983764854,425.2364609835419,77786700
2021-09-17,420.9529724121094,424.7390708204537,420.5905705381561,424.3099336833319,118425000
2021-09-20,413.9339904785156,416.33724614125543,408.9939212936801,414.7350756994289,166445500
2021-09-21,413.54290771484375,417.6246435732393,413.00885099347676,416.3085648299033,92526100
2021-09-22,417.5770263671875,419.6465184072117,413.65742759375723,415.8508732051382,102350100
2021-09-23,422.6505432128906,424.2813517502649,419.23639254167597,419.4748117788921,76396000
2021-09-24,423.3467712402344,424.07157509176756,420.77183163372365,420.99118782666477,62094800
2021-09-27,422.1356201171875,423.480279135844,421.4298793149841,422.297728916242,61371100
2021-09-28,413.6288146972656,419.65606068785206,412.8849477562949,419.3222678968198,130436300
2021-09-29,414.3249816894531,416.79500161147104,413.7527696722643,415.03069335176906,82329200
2021-09-30,409.260986328125,416.5375178278321,408.9176474534713,415.82226003487716,140506000
2021-10-01,414.12469482421875,415.8317848183909,407.4394387858362,411.0157275674213,129240100
2021-10-04,408.78411865234375,413.85765811630904,406.6097071770432,412.9421363557012,128570000
2021-10-05,413.0375671386719,415.31684032499976,409.4994331670356,410.31003543717037,90682500
2021-10-06,414.7541198730469,414.96392997639083,407.73507115010665,409.3849137272136,113032200
2021-10-07,418.33990478515625,421.219998493004,417.90122156828477,418.08242250427907,72437500
2021-10-08,417.5770263671875,419.5130187519374,416.93807903082546,419.12200766220326,74557400
2021-10-11,414.55389404296875,419.8658823866942,414.48712966213776,416.90947760500705,65233300
2021-10-12,413.5333557128906,415.89848480502104,412.7322706423081,415.48841073982544,71181200
2021-10-13,415.02117919921875,415.8508735912165,411.5498098079766,414.57294981339174,72974000
2021-10-14,422.0021057128906,422.1546975373696,418.26367877294325,418.74051731047194,70236800
2021-10-15,425.2159423828125,425.5878903678633,423.5183985546389,424.14782884201713,66260200
2021-10-18,426.4748840332031,426.8181938349051,422.736456825809,423.404042467674,62213200
2021-10-19,429.7649841308594,429.83171939674315,427.504745367754,428.12465865311145,46996800
2021-10-20,431.4530029296875,431.7581865460445,430.1178609880152,430.23229756817113,49571600
2021-10-21,432.5783386230469,432.8072117853958,430.40395626899664,430.8426395314694,41305400
2021-10-22,432.1300964355469,433.6083131755525,430.15597815721844,432.1396425183317,58845100
2021-10-25,434.4475402832031,434.7813330498173,431.4339466122787,433.2363809857361,45214500
2021-10-26,434.83856201171875,437.2513636866421,434.45709702790367,436.021141296632,56075100
2021-10-27,432.912109375,435.98295026398864,432.835798922156,435.30584779052737,72438000
2021-10-28,437.0892639160156,437.16554527278834,434.35221549315105,434.3617324728018,51437900
2021-10-29,437.9761962890625,438.27183385372615,434.45712555725095,434.7527631219146,70162400
2021-11-01,438.72955322265625,439.3589835035539,436.9747911231437,438.9774894395595,48433600
2021-11-02,440.5033874511719,440.81811715005455,438.76768837756686,438.9012171234956,48908400
2021-11-03,443.1927490234375,443.60282312297886,439.4829317544285,439.93116108069086,52509800
2021-11-04,445.28131103515625,445.36713846873016,443.4502384738466,443.8030942909541,52847100
2021-11-05,446.8262939453125,448.84808457528936,445.29088790979887,447.5415517117994,66390600
2021-11-08,447.207763671875,448.44756127593683,446.51159806495565,447.942113613087,50405200
2021-11-09,445.72955322265625,447.8181081449176,444.29903774734913,447.5796888990331,51149100
2021-11-10,442.1437072753906,445.72954195610777,440.63691048520843,444.0129059667829,69429700
2021-11-11,442.2867126464844,443.73632011906966,442.26764958644293,443.66000967108704,34848500
2021-11-12,445.6246337890625,446.1872997170934,442.61101102747233,443.57423409446204,53466700
2021-11-15,445.7772216796875,447.09330056252304,444.6328267714174,446.93119177487614,46980500
2021-11-16,447.54150390625,448.6954448304914,445.43388606189615,445.51016740978474,48857500
2021-11-17,446.4543762207031,447.455725454866,445.8249458920616,447.2745244918974,47858300
2021-11-18,447.9707336425781,448.2377620538931,444.7377544553832,447.5034120948414,50625600
2021-11-19,447.16961669921875,449.1246428822933,446.7976687041657,447.8562361905561,57315600
2021-11-22,445.9107360839844,451.60418860883823,445.70092599196306,449.0769505257932,72762000
2021-11-23,446.5020751953125,447.36992483210184,442.9353322231201,445.57700726193616,73206500
2021-11-24,447.6941223144531,447.8181049780622,443.6409951630789,444.4706894762638,61858800
2021-11-26,437.70916748046875,442.4107884667244,436.5647433509853,440.92305456074456,112669600
2021-11-29,443.078369140625,444.94756803437633,440.3413206273676,442.5729214615626,86268800
2021-11-30,434.4570617675781,442.53470656351124,434.20909645146236,440.5987435514567,148559600
2021-12-01,429.6314697265625,443.1450850317848,429.4312057144088,440.2554450122088,131939200
2021-12-02,436.2118225097656,437.8044757905889,429.450256560032,429.8508136768562,127637800
2021-12-03,432.41619873046875,438.97747144511453,428.1246526216483,437.8998409806282,137331600
2021-12-06,437.5375061035156,439.4448602217589,432.54976460690034,435.00072163378235,98977500
2021-12-07,446.587890625,447.1601026793898,437.40397591898113,442.897165074861,95484700
2021-12-08,447.7704162597656,448.22819169890914,445.20502279172905,446.98842323577503,72238800
2021-12-09,444.7472229003906,447.87528193141196,444.5469589028427,446.4638296586197,61272600
2021-12-10,448.93389892578125,449.0864907373191,444.8998638669149,447.49386645523373,77159800
2021-12-13,444.9570617675781,448.7622234867178,444.67094122008945,448.4093676716682,87724700
2021-12-14,441.8957824707031,444.1655384988948,438.92986082479655,441.63830014545545,97264100
2021-12-15,448.8003845214844,449.0483207411566,439.3971145340954,441.95299091341195,116899300
2021-12-16,444.8426208496094,450.9652105137212,443.2690306135529,450.6791190729349,116568600
2021-12-17,440.10821533203125,444.7689344101588,438.3759979581514,441.71601446256716,135511600
2021-12-20,435.4283752441406,435.83031043202544,431.75339320981686,434.9498615020751,107134800
2021-12-21,443.1611328125,443.3046810901129,436.70119746447665,438.90234893763534,69806300
2021-12-22,447.5921630859375,447.7070017050684,442.70173770944325,442.9027344990818,58890200
2021-12-23,450.37713623046875,451.8988064131899,448.50137055446896,448.6066295579147,56439700
2021-12-27,456.7509460449219,456.7987857366245,451.7265517573857,451.77439144908834,56808600
2021-12-28,456.377685546875,458.2343211776127,455.60249563164706,457.1911647386783,47274600
2021-12-29,456.9614562988281,457.99503304652535,455.46849588206624,456.4829425958619,54503000
2021-12-30,455.69818115234375,458.41613552839937,455.2292470611353,457.39210917650905,55329000
2021-12-31,454.5497741699219,456.36812058248046,454.2722572227796,455.20057506796144,65237400
2022-01-03,457.18157958984375,457.315577453157,453.48746761440486,455.8321673669444,72668200
2022-01-04,457.0284423828125,459.35404125916847,455.1430971573813,458.62669105864893,71178700
2022-01-05,448.2525939941406,457.44006483704544,448.1568853924736,456.65529519200646,104538900
2022-01-06,447.8314514160156,450.58769529349144,445.4293030411308,447.7836117234023,86858900
2022-01-07,446.0609436035156,449.0373143132725,444.6828216681558,447.84102993925603,85111600
2022-01-10,445.50592041015625,445.72601806274685,436.97880112362486,442.81667523297546,119362000
2022-01-11,449.56365966796875,449.6593682574006,442.1945363741295,445.2379059635614,74303100
2022-01-12,450.77911376953125,452.8654560607733,448.78850928231657,451.3246264918077,67605400
2022-01-13,444.5680236816406,452.5592098718209,443.52486711687703,451.89885850050456,91173100
2022-01-14,444.74981689453125,445.10391239330204,440.1369373773045,441.37151101872155,95890900
2022-01-18,436.8734436035156,440.1943299647229,435.74415824190055,439.98378276118797,109709100
2022-01-19,432.337158203125,439.85938007454223,432.05961205997914,438.4429981153712,109357600
2022-01-20,427.5520324707031,439.0267827650756,425.39872061158934,434.2512249212793,122379700
2022-01-21,419.1589050292969,428.80572914993644,419.13019537322384,426.4131604566452,202271200
2022-01-24,420.93896484375,421.45576786257226,402.6788933090271,413.46458253400397,251783900
2022-01-25,415.7997741699219,420.8241689687775,408.79432526946675,414.4503617763467,167997300
2022-01-26,414.7566223144531,424.95853994549776,410.43083890854,421.7812013319534,186391100
2022-01-27,412.70855712890625,422.6137982521513,410.9954988187157,419.4269093164766,149878300
2022-01-28,422.95831298828125,423.00615268055435,409.43550981444423,414.08664941998336,164457400
2022-01-31,430.5762634277344,430.9303589440562,420.9102794459354,422.2788218167544,152251400
2022-02-01,433.4855651855469,434.1363367970693,427.7338212627941,431.3130943323253,123155400
2022-02-02,437.696533203125,438.4334338643057,433.5812974272008,435.9260264859344,117361000
2022-02-03,427.4084777832031,433.5047381488881,426.5567093082935,431.5715531563376,118024400
2022-02-04,429.4182434082031,433.3229026890747,424.75749503169305,427.16922298137814,118454400
2022-02-07,428.0401306152344,431.609824511795,426.6907183303902,430.19344249838025,84472900
2022-02-08,431.56195068359375,432.4998480771746,426.08775262763413,427.5328733897672,81012000
2022-02-09,437.87835693359375,438.2037427687526,435.45707860200986,435.6580461930455,92589900
2022-02-10,430.0116271972656,438.0410731811093,427.98273345754336,431.9448123404388,140103700
2022-02-11,421.5323181152344,432.2031687380772,420.0776468513901,430.09772579352585,153214600
2022-02-14,420.1541748046875,422.62332194716885,416.6323208466163,421.01552286276586,123006300
2022-02-15,426.9299621582031,427.1022200941114,424.13542908232864,424.6618117169292,88482700
2022-02-16,427.4084777832031,428.8057297242315,422.94872622819605,424.85320156463507,84863600
2022-02-17,418.27838134765625,427.3797210117438,417.6658990160785,424.17367347064976,102259100
2022-02-18,415.570068359375,419.80969324141455,413.26362854344836,418.5368302909933,132642900
2022-02-22,411.1103210449219,416.785487260366,407.5597278976884,413.33063191305536,124391800
2022-02-23,403.8177490234375,414.6417272754656,403.2435267053608,414.0675049573889,132578000
2022-02-24,409.89483642578125,410.3350900718433,392.99375772002986,393.35740361011335,213942900
2022-02-25,418.9387512207031,419.02488018337664,409.4737360605184,411.1485340379855,121804500
2022-02-28,417.866943359375,419.36948362066374,412.1917770037388,413.4646107930951,145615000
2022-03-01,411.50262451171875,418.3836533951252,408.7559315237986,416.345180496142,137785900
2022-03-02,419.07281494140625,420.8241625366695,413.0243937141329,413.7900040845528,117726500
2022-03-03,416.9864501953125,422.15439293275494,415.1585241377455,421.5419105106347,105501700
2022-03-04,413.5986022949219,414.7470178122338,409.4929459955876,413.19663787985706,113978200
2022-03-07,401.4060363769531,413.7229756001678,401.339037442631,413.0052049768461,137896600
2022-03-08,398.3627014160156,408.85171475785677,397.2812556557022,401.58787945479423,164772700
2022-03-09,409.04315185546875,411.0529155674497,404.65039887128705,406.8707098141644,116990800
2022-03-10,407.1960754394531,408.10523405019,402.372648611678,404.3632529816223,93972700
2022-03-11,402.0185241699219,410.3446453833314,401.50172117403196,409.72258338788305,95636300
2022-03-14,399.0804443359375,406.3059898590763,397.9224493058769,402.8032951138074,95729200
2022-03-15,407.8564147949219,408.4976068523178,400.43945181050805,401.7314155460901,106219100
2022-03-16,416.90032958984375,416.95774890537723,406.5452846649251,411.4165805132601,144954800
2022-03-17,422.11614990234375,422.11614990234375,414.5747681100891,414.9575732901392,102676900
2022-03-18,426.73944091796875,427.0658375946796,419.73144850711753,420.48024777648766,106345500
2022-03-21,426.61468505859375,428.6018640552735,423.0530617024134,426.5666674499668,88349800
2022-03-22,431.6066589355469,432.55705013846034,428.025846211253,428.025846211253,74650400
2022-03-23,426.0482482910156,430.5506533825044,425.96185175391435,429.0338653474603,79426100
2022-03-24,432.4706726074219,432.48028198868747,426.96988777076336,428.1026814781251,64736900
2022-03-25,434.5826721191406,434.8610804950929,430.4930602054369,433.1138723792305,77101300
2022-03-28,437.6739196777344,437.6739196777344,432.0579097615274,433.97791114847706,68529800
2022-03-29,443.0882568359375,443.5874758885129,438.89305898073854,441.61945711757664,86581500
2022-03-30,440.3522644042969,442.7522657814799,438.2114526289686,441.92665007334523,79666900
2022-03-31,433.5746765136719,440.40987596365085,433.1138656878591,439.57468014559055,121699900
2022-04-01,434.80352783203125,435.32190711375915,431.1747263754551,435.1779128688347,89048800
2022-04-04,438.52825927734375,438.63387457698553,434.16987767775674,435.0050735063804,59601000
2022-04-05,432.9890441894531,439.5170361699117,431.82745173434006,437.01144881257386,74214500
2022-04-06,428.6594543457031,430.9730592910336,425.73146425508475,429.0146791745913,106898000
2022-04-07,430.81951904296875,432.66273334370794,425.7891245695662,427.76672373873885,78097200
2022-04-08,429.6675109863281,432.60511072069284,428.10270519185434,430.0515053985982,79272700
2022-04-11,422.3235168457031,427.20030746500646,421.8147176513847,426.3458927875663,89770500
2022-04-12,420.7586364746094,427.92023215681894,419.1842215579522,425.35701787558975,84363600
2022-04-13,425.577880859375,426.34586965168734,420.3266761930572,420.5090786581879,74070400
2022-04-14,420.2786560058594,426.9410622778662,420.173040709212,425.8082393443114,97869500
2022-04-18,420.45147705078125,422.160277000134,418.1858603298236,419.3378728044657,66002500
2022-04-19,427.2386474609375,427.9682279476347,420.1730282697468,420.3458213352626,77821000
2022-04-20,426.9218444824219,429.66746134186644,425.7410625335433,429.04346683191295,65224400
2022-04-21,420.5378723144531,432.00989152571304,419.61627991567536,430.59868943216543,85417300
2022-04-22,408.9986877441406,420.55707455027704,408.42268149107883,419.4338901888569,132471800
2022-04-25,411.3698425292969,411.5426355959817,402.0866243771724,406.72344341145725,119647700
2022-04-26,399.45623779296875,408.99864567726297,399.4274389481225,408.797024466447,103996300
2022-04-27,400.5794677734375,406.00349497952044,398.40988618789964,400.5506689253032,122030000
2022-04-28,410.6978454589844,412.4546629252452,400.89624774811995,405.3986528084858,105449100
2022-04-29,395.520263671875,408.83546786089835,394.76185496316015,406.64666757361914,145491100
2022-05-02,397.901123046875,399.28352647632454,388.8194948206776,395.58751771421146,158312500
2022-05-03,399.7250671386719,402.1730570272212,396.82584648510385,398.40987096264143,100028200
2022-05-04,411.8978271484375,412.473833328739,397.1618130787737,400.3970101937898,144247900
2022-05-05,397.2578430175781,408.0002519962424,393.0626451139667,407.56824001066565,172929100
2022-05-06,394.88665771484375,398.20825170906204,389.50106821459974,394.6562669374327,151770800
2022-05-09,382.2434387207031,390.15383401917825,380.64022488289663,388.89623561993693,155586100
2022-05-10,383.12664794921875,389.8370429785807,379.0274558055925,388.31064549235606,132497200
2022-05-11,377.040283203125,387.8786995472193,376.2818744303427,382.1474940705117,142361000
2022-05-12,376.6466064453125,379.9682000938036,369.74420025382926,373.7954036840399,125090800
2022-05-13,385.6514587402344,387.05305147320314,379.7858395883378,380.841846152997,104174400
2022-05-16,384.086669921875,387.81147726112545,381.6962775951161,383.98108390920663,78622400
2022-05-17,391.98748779296875,392.2274879648693,386.4770639242431,390.26907835903,83029700
2022-05-18,376.1858215332031,387.64823105557144,374.9282230893509,387.3602425939615,117674500
2022-05-19,373.8818664550781,378.37469202118785,371.62585893841236,373.0754693783139,98510700
2022-05-20,374.04498291015625,381.14898043565034,365.3185822678795,377.5201798784968,131432200
2022-05-23,381.04345703125,381.82105518571956,374.76504480544605,377.1170287342747,76414900
2022-05-24,378.1346740722656,379.34425498211243,371.48184723208016,376.8578567880613,91448800
2022-05-25,381.47540283203125,383.4722203245338,376.2146187202073,376.617802533286,91472900
2022-05-26,389.09783935546875,390.75865093400427,382.5122493271417,382.72345063021044,82168300
2022-05-27,398.64984130859375,398.76503668811415,391.39223942988707,391.5938313440478,84768700
2022-05-31,396.4130554199219,399.80185649165315,393.6290594361109,397.0082511264801,95937000
2022-06-01,393.2066345214844,399.59063252681636,390.653029459973,398.5634541706142,86585800
2022-06-02,400.6946716308594,400.7426599429565,390.7586593845705,393.04346554075426,79609600
2022-06-03,394.1186828613281,397.4786852028873,393.12988334411654,395.9042700431898,71874300
2022-06-06,395.3186950683594,399.94587616047437,394.1282742826488,398.189087776276,57508900
2022-06-07,399.110595703125,399.57140648678205,391.305787005219,391.7762071688137,59272400
2022-06-08,394.771484375,399.1874934023535,393.9650873121279,397.37307803821915,64350000
2022-06-09,385.3826599121094,395.2706548019458,385.3826599121094,392.9666591214581,86289800
2022-06-10,374.208251953125,379.9490665450507,374.1602636380618,379.085071795644,132893900
2022-06-13,360.000244140625,366.53784623046715,358.36823131509624,364.6562531575561,170004900
2022-06-14,358.91546630859375,362.82267628994964,355.766665102993,361.77627901550125,104011800
2022-06-15,364.03228759765625,368.544273438903,357.23546604049034,362.26586047773384,125666800
2022-06-16,351.9842224121094,356.1026332861375,349.5170137808065,355.68984004967973,134473300
2022-06-17,352.7430114746094,356.1368297100456,349.1853340548797,352.40558336804133,111113900
2022-06-21,361.62286376953125,363.0305110907099,358.47973303569233,358.55688132431777,76811900
2022-06-22,360.9671936035156,365.14193929698536,356.9081114778722,357.3323387281696,90059400
2022-06-23,364.5056457519531,365.24802882464746,359.5210190488833,363.13657261285954,79292100
2022-06-24,376.09466552734375,376.10431641840285,367.69694855696343,367.7258718066924,98050300
2022-06-27,374.6580810546875,377.3287590911403,373.5493172920023,377.0298757139846,66009600
2022-06-28,367.0027770996094,379.0642729597043,366.8870840956626,376.2393275606886,86548900
2022-06-29,366.703857421875,368.564655039321,364.85271069495315,367.56196282200773,65676000
2022-06-30,363.72467041015625,367.0124171513045,359.2028159576094,362.75087194994956,112508300
2022-07-01,367.57159423828125,368.0151232861389,360.3983342745425,363.05939086789806,74839700
2022-07-05,368.2657775878906,368.28507936924905,359.5306034322165,362.4037736271364,81438000
2022-07-06,369.5095520019531,372.0356138988853,365.99041929614805,368.41040966139263,70426200
2022-07-07,375.0437316894531,375.85361206960937,369.5288067378158,371.312485521665,64525900
2022-07-08,374.7351989746094,376.6345706110005,371.83310576065287,373.38536901796783,72397800
2022-07-11,370.45440673828125,372.99974085334804,369.750568466621,372.0163209898933,58366900
2022-07-12,367.1763000488281,372.31522298885375,365.40227208025624,369.8952032127752,62219200
2022-07-13,365.2479553222656,368.2271967520767,361.22747704533595,361.6517042653472,84224600
2022-07-14,364.3609924316406,365.46010530309456,357.7373036839433,360.21514044592305,89704800
2022-07-15,371.3221130371094,371.43780602364194,366.89667976156716,368.8345961328782,79060400
2022-07-18,368.25616455078125,375.14016268391526,367.0124059860265,374.4556261693067,63203600
2022-07-19,378.20611572265625,378.7846100866812,371.57280587529993,372.23804055696615,78506000
2022-07-20,380.61651611328125,382.0531159646576,377.0106137070165,378.39898852702765,71843800
2022-07-21,384.4924011230469,384.5405967300921,377.5891012882815,380.0283933584103,64903900
2022-07-22,380.9250793457031,385.83258719670454,378.66897744754897,384.6177812044371,72197300
2022-07-25,381.3878479003906,382.255574798154,379.1124444150991,381.56138739525375,53631500
2022-07-26,376.8756103515625,379.93194128686065,375.9693093958945,379.71982767120545,52946400
2022-07-27,386.6617126464844,388.43574047441456,379.9223017702702,380.2211851344438,82342100
2022-07-28,391.51141357421875,392.21522247427794,383.8753518196176,387.4812837648079,73966600
2022-07-29,397.2191467285156,398.2218684368009,392.1862952516389,392.96725242706384,87003700
2022-08-01,396.0428771972656,398.5882408440128,393.75785221915515,394.4809628792381,69997500
2022-08-02,393.4300537109375,398.1929450442776,392.2345201437415,394.4520477777563,63435400
2022-08-03,399.5909423828125,400.7768249745465,395.3004742466109,395.589706726681,67820600
2022-08-04,399.3209533691406,400.20795252614505,397.6529677255586,399.5137652007551,45656600
2022-08-05,398.6460876464844,399.30170091716457,394.9148413453669,394.9726878443417,56814900
2022-08-08,398.1832580566406,402.6472655935066,397.06484344985023,400.36224077533967,53886100
2022-08-09,396.60205078125,397.95185129708426,395.51255947879093,397.4408543366811,44931800
2022-08-10,404.9323425292969,405.07698820856416,401.7795904586766,403.76573216776944,68665700
2022-08-11,404.9323425292969,409.7145358269601,404.18030857559614,407.82478533944567,59489700
2022-08-12,411.7873840332031,411.8934261300298,405.935001918049,406.8991493733253,61694500
2022-08-15,413.4842529296875,414.0145516705404,409.4830469777171,409.54089346967277,54048300
2022-08-16,414.2941589355469,416.25137702495147,411.5752561443215,412.3947873375773,59289000
2022-08-17,411.3534851074219,414.101311100695,409.319148202916,410.6400254420985,63563400
2022-08-18,412.5491027832031,413.24326076173986,410.24477605180766,411.55600257586286,49023200
2022-08-19,407.0052490234375,410.0133845840532,406.11822035696105,409.7434244548556,68016900
2022-08-22,398.5303649902344,402.27126190393597,397.6144131188837,402.0976929964802,77695600
2022-08-23,397.5662536621094,400.5261937434453,397.0070315981929,398.09652305261255,49105200
2022-08-24,398.8388977050781,400.2272429952455,396.6406426457649,397.33480057912567,49177800
2022-08-25,404.4695739746094,404.5177695858114,399.24388097320247,400.35264484189844,50942300
2022-08-26,390.77862548828125,404.9033806454798,390.7207789914735,404.35383892580626,103087000
2022-08-29,388.19476318359375,391.28966882304826,386.8160391406831,387.7801867662347,65370800
2022-08-30,383.93316650390625,389.61200938393006,381.80240877431163,389.37097250970385,85652400
2022-08-31,381.0118408203125,386.8545729119159,380.87687545674936,385.59154191206613,76029700
2022-09-01,382.2073669433594,382.5544459219639,376.05610115266273,378.80392742706897,78740100
2022-09-02,378.1772155761719,387.16307756570666,376.33569027365184,385.928969911344,99632100
2022-09-06,376.75030517578125,379.98982681297895,374.4942034448511,379.0353301562061,76637400
2022-09-07,383.51861572265625,384.29957289336346,376.2103901549736,376.4321252630457,70964200
2022-09-08,386.0253601074219,386.48813205166016,379.9897876647904,381.21427375529265,80821700
2022-09-09,392.0223693847656,392.8997471181986,388.0307847133308,388.30074482950664,76706900
2022-09-12,396.2357177734375,396.96847932319235,393.815698019814,394.12423229586324,69256300
2022-09-13,379.0063781738281,388.6478529204356,377.86869121535545,387.42336679661105,122947100
2022-09-14,380.45263671875,381.9952787142722,377.0973925852478,380.3272928269931,85023700
2022-09-15,376.1331787109375,381.76379599209275,374.8412247266758,378.8713537941638,87633800
2022-09-16,373.2637634277344,373.93176039236886,369.92377860456196,371.88906644567146,103084800
2022-09-19,376.1584167480469,376.1584167480469,369.99157244679117,370.06903764502573,73278500
2022-09-20,371.8406677246094,373.8059261504233,369.04285044434124,372.77973384202687,77274900
2022-09-21,365.3543395996094,376.89417190872797,365.3446490641752,373.7962140899454,106746600
2022-09-22,362.285400390625,366.2352682867824,361.53027728352225,364.5701212372336,89472600
2022-09-23,356.21533203125,358.80016371301645,351.7039454387932,358.7614311226084,122346900
2022-09-26,352.6914978027344,358.40333030341503,351.4523204820975,354.7245309421137,92581200
2022-09-27,351.7911376953125,358.587246145266,349.3611768300736,356.283144064264,108294100
2022-09-28,358.71307373046875,360.42661433893534,351.0359840028865,352.7592151460102,110802200
2022-09-29,351.21990966796875,355.40211377519176,348.2284594926425,355.11169319285386,112952300
2022-09-30,345.788818359375,354.2404120799867,345.6532985984939,350.26147272176104,153711200
2022-10-03,354.9180908203125,356.79622286854453,347.7540969009881,349.56445429264244,89756500
2022-10-04,365.9157409667969,365.9447830217723,354.8793169115098,360.5233729199955,103602800
2022-10-05,365.06390380859375,367.3583154288705,359.1197350480789,361.4819213304329,88065700
2022-10-06,361.2979736328125,366.64191998833587,360.79453848612263,363.64077881251984,82333500
2022-10-07,351.21990966796875,361.38504367015565,349.4289039587211,357.2028100186211,107789500
2022-10-10,348.5382385253906,352.5946134904189,346.26320831513965,352.35258648555714,76042800
2022-10-11,346.3309631347656,351.45226297366156,344.36570498195,346.8150171580632,92482800
2022-10-12,345.1886291503906,348.3446710780274,344.93691158482983,346.7472985877486,76991800
2022-10-13,354.298583984375,355.7894789893473,337.0081549566719,338.07307996022354,147254500
2022-10-14,346.2244873046875,358.45169672644823,345.57584191046055,356.7962106859057,123737000
2022-10-17,355.1214294433594,356.2444384134882,345.8856696600057,352.4010479761125,93168200
2022-10-18,359.2939453125,363.476179179006,355.79905988906506,363.16637751238045,97162900
2022-10-19,356.7478332519531,359.99100128128833,353.89190255202044,357.22219676464755,79746900
2022-10-20,353.7563781738281,360.7848523109757,352.98187398079705,356.29281662433755,88283100
2022-10-21,362.3531494140625,362.8468644009626,351.94598847662684,353.47558610793436,131038400
2022-10-24,366.7870788574219,367.93912975863293,361.210767237732,363.90213588154194,85436900
2022-10-25,372.6441955566406,372.9636582410341,366.59351972534546,366.70968797421585,78846300
2022-10-26,369.83660888671875,375.2192870230064,369.1879930691434,369.4493715941543,104087300
2022-10-27,367.8617248535156,372.7216168581545,367.23243095583604,370.8531753240205,81971800
2022-10-28,376.61334228515625,377.0973962578583,367.571217620399,367.7551604935706,100302000
2022-10-31,373.89300537109375,376.01316438485316,372.9733204411961,374.115680860722,96631300
2022-11-01,372.2569274902344,377.9397470302325,371.06617339876476,377.69771999774645,85407600
2022-11-02,362.9146728515625,376.2358495463391,362.8081951435553,371.65668767143114,126990400
2022-11-03,359.17779541015625,362.2660626107666,357.02859424773015,359.6231168634692,87100100
2022-11-04,364.3475036621094,366.7871255340292,358.2000110766603,364.9767680429755,103505200
2022-11-07,367.83270263671875,368.432924961366,363.553651623218,365.6641202951441,68286900
2022-11-08,369.8172912597656,372.83778378066086,365.6737898064811,368.955660876345,84641100
2022-11-09,362.1982421875,368.98468856092535,361.6948071310658,367.81325663676944,78495500
2022-11-10,382.10260009765625,382.4414438519346,373.34123334107426,375.67434793479293,141455800
2022-11-11,385.80078125,386.61398853579925,381.0570277663643,382.9738925042368,93839900
2022-11-14,382.51885986328125,387.41748438480215,382.2381002476581,384.0097545789701,71903500
2022-11-15,385.78143310546875,389.4796135770628,381.9090002458271,388.3566045024486,93194500
2022-11-16,382.8383483886719,385.0940271939793,382.19939351667114,384.12591912324734,68508500
2022-11-17,381.6669006347656,382.35427860858607,377.69768134366154,378.00745345986144,74496300
2022-11-18,383.3998107910156,385.12304185253674,380.50517731966283,385.05526720177244,92922500
2022-11-21,382.0057678222656,383.196551409338,380.13732629854326,382.05419095337123,51243200
2022-11-22,387.14642333984375,387.31101471636714,382.54790986414645,383.98072048831693,60429000
2022-11-23,389.5860290527344,390.07974403587735,386.57519785070457,386.80753431336007,68261600
2022-11-25,389.4989318847656,390.0604511463394,388.7341477321244,389.0148778185958,30545400
2022-11-28,383.2836608886719,388.0273844157478,382.5091567235635,386.36223739115604,67881600
2022-11-29,382.6253662109375,384.6293274782321,380.75689516717284,383.4191923810261,52310000
2022-11-30,394.67828369140625,394.67828369140625,380.93116707462434,382.8770441697149,144566700
2022-12-01,394.38787841796875,396.9243168865928,391.8417494142645,395.73353329997985,76398200
2022-12-02,393.9328308105469,394.8525156862601,389.3149662749497,389.4214439739465,85342700
2022-12-05,386.8463134765625,392.0160072031906,385.47161651460664,391.0672801702586,77289800
2022-12-06,381.2699890136719,387.23353828278186,379.1498595166637,386.68173913539505,77972200
2022-12-07,380.62139892578125,383.02231774299327,379.469347878487,380.4084139537357,65927900
2022-12-08,383.6031494140625,384.68742577402145,380.72786713538227,382.5382541247339,60737900
2022-12-09,380.737548828125,384.9391343975422,380.61169004921084,382.34461180442423,81447700
2022-12-12,386.22674560546875,386.22674560546875,380.8634183577902,381.541076313997,75405800
2022-12-13,389.15045166015625,397.39872283149066,386.3429438083229,397.1373442552421,123782500
2022-12-14,386.6623840332031,392.5678495781369,383.6709334350033,388.801894743699,108111300
2022-12-15,377.2038879394531,382.6446496411641,375.51938963809584,381.7249353132342,117705900
2022-12-16,372.7506103515625,375.9697604170376,370.58183480266615,374.6081913029361,119858000
2022-12-19,369.58984375,373.2855655915993,367.8976098216788,372.94516586303337,79878100
2022-12-20,370.0955810546875,371.73919912766667,367.4794093139092,368.8215381242692,74427200
2022-12-21,375.6293640136719,376.7769700663776,372.1865161755762,372.73114378296117,78167400
2022-12-22,370.2706298828125,375.6099399679533,364.4839237453781,372.53666684689404,100120900
2022-12-23,372.40057373046875,372.54645086236036,367.6545065063528,369.2300388907549,59857300
2022-12-27,370.9319763183594,372.6339452982889,369.23000733842986,372.283840211667,51638200
2022-12-28,366.32208251953125,372.8673796467055,366.0886791276504,370.86389170645435,70911500
2022-12-29,372.91595458984375,373.8009819270414,368.6756054621705,369.210527749917,66970900
2022-12-30,371.93365478515625,372.0795318847126,368.0434405037625,370.19280526381783,84022200
2023-01-03,370.36785888671875,375.8238701862383,367.4599035203272,373.82041219975,74850700
2023-01-04,373.2272033691406,375.2890123867799,369.57039209711166,372.66310562357063,85934100
2023-01-05,368.9674377441406,371.35991160246385,368.3644591821228,371.24320990400673,76970500
2023-01-06,377.4286193847656,378.56652025049135,368.9965955930403,372.10874956360306,104189600
2023-01-09,377.21466064453125,382.89440032286853,377.02990274867904,379.65577990847515,73978100
2023-01-10,379.8600158691406,379.92810175219387,375.66831174376694,376.6214250665604,65358100
2023-01-11,384.6644287109375,384.7422496277226,380.63807182682484,381.4647484077608,68881100
2023-01-12,386.0648498535156,387.5528556015008,381.64947809516786,385.78283069290217,90157700
2023-01-13,387.5626525878906,388.1461907486119,382.5442718936614,382.81658574466684,63903900
2023-01-17,386.8526306152344,389.2451338150186,386.1621258770756,387.5431650333733,62677300
2023-01-18,380.7450256347656,389.1381685306222,380.54079767507005,388.05864820653454,99632300
2023-01-19,377.9732971191406,380.34630092257476,376.6311682185203,378.67350731426296,86958900
2023-01-20,385.0145263671875,385.1701385057755,377.7203743207645,379.3931677106101,91806400
2023-01-23,389.6341552734375,391.59870286950155,384.858913514311,385.8314671186957,84178800
2023-01-24,389.2159729003906,390.13988103687205,386.7262379928483,387.9321949911944,59524900
2023-01-25,389.36187744140625,389.70227717040126,382.7582295468427,385.08264712256636,84800300
2023-01-26,393.64111328125,393.8064604707895,389.0506585926609,392.06558102321446,72287400
2023-01-27,394.54559326171875,396.9575372164664,392.3670823864529,392.5810453959869,68346200
2023-01-30,389.5952453613281,394.0106470417771,389.29375611794757,391.7445805196164,74202000
2023-01-31,395.3236389160156,395.37225472905357,389.7703359158423,390.12047068165975,86811800
2023-02-01,399.5250244140625,402.3162782988523,391.30696394401565,394.08845311480576,101459200
2023-02-02,405.3409423828125,406.82894840244194,401.5479887719908,403.47362616210864,101654500
2023-02-03,401.03253173828125,405.5257251687164,399.80710455544113,400.2933814146654,94736800
2023-02-06,398.5816650390625,400.0016147936477,396.89916615339877,398.5427842611162,60295300
2023-02-07,403.7945556640625,405.05886354754676,396.3837015384474,397.64800942193165,90990700
2023-02-08,399.379150390625,403.15266330098865,398.67891057550617,401.79109412714143,76227500
2023-02-09,395.9168701171875,403.1915822564933,394.67200260628846,403.0359701076331,78694900
2023-02-10,396.8408203125,397.2298358567524,393.89398378681244,394.72063068835496,70769700
2023-02-13,401.49932861328125,401.6355003768938,397.03531071743515,397.5021471755567,64913500
2023-02-14,401.3145751953125,403.6584035066644,397.2979236436869,399.9529762639262,88389300
2023-02-15,402.6177673339844,402.69555856613965,398.2315409116889,399.08739286530573,61555700
2023-02-16,397.07421875,401.57714707651166,396.93807666720244,397.57023062872514,76431500
2023-02-17,396.08221435546875,396.32535277125834,392.9602957271431,394.91513808768576,89257800
2023-02-21,388.1364440917969,393.0672983662687,387.87386528332746,391.9974833836442,82655900
2023-02-22,387.6015625,390.1204730382441,386.1232618709262,388.5546461371831,83742300
2023-02-23,389.6633605957031,391.1611015717813,385.3743953096495,390.53865297081995,96242400
2023-02-24,385.5008239746094,386.34694090885995,382.8360364474327,384.5671807726759,108194400
2023-02-27,386.8137512207031,390.27603963731326,385.8606380147899,388.89500047609044,80444700
2023-02-28,385.3841247558594,388.3212261391017,385.2771284191281,386.3275029980239,96438600
2023-03-01,383.9058532714844,385.80234493371916,382.5831944334013,384.55747733552965,99706800
2023-03-02,386.89154052734375,387.7473924337121,381.5619361794918,381.90233587134014,85127800
2023-03-03,393.096435546875,393.3493089763443,388.0780554911287,388.73938480514687,90120000
2023-03-06,393.3687744140625,396.2669949641514,392.92140804726415,393.9328424695924,72795900
2023-03-07,387.33892822265625,393.563295273965,386.7165093255144,393.3201568635227,108310600
2023-03-08,387.9711608886719,388.7394569932257,385.7050939960393,387.4557085805599,74746600
2023-03-09,380.8131408691406,390.46088704963313,379.8114117020116,388.76862335604784,111945300
2023-03-10,375.3182067871094,382.3692212033851,373.7718499456897,380.2587665878724,189253000
2023-03-13,374.78326416015625,379.675237562595,370.2025447320864,371.330710539251,157790000
2023-03-14,380.97845458984375,382.65124806641757,376.426880920108,379.78220290741604,149752400
2023-03-15,378.5956726074219,378.7999005575514,373.1785418122267,375.29873126397814,172996900
2023-03-16,385.2381591796875,385.58829387922077,375.68770620431025,376.2031583808632,143254200
2023-03-17,380.7337646484375,385.0390989863246,379.3279399751169,383.8871128714046,140553400
2023-03-20,384.39471435546875,384.8145311042811,380.81183715877046,381.5244918058211,93055800
2023-03-21,389.4420471191406,389.9301798352219,386.1910665458158,387.81167073839634,91524200
2023-03-22,382.8034362792969,392.9370765490643,382.76440711193425,389.2663386687201,111746600
2023-03-23,383.8382873535156,389.81302694241083,381.08521172545414,385.7127002711169,119351300
2023-03-24,386.3570556640625,386.44491598024183,380.157764036512,382.5398541415653,107682400
2023-03-27,387.0794372558594,389.4517846880057,386.171517635037,388.6707545357494,74010400
2023-03-28,386.2106018066406,387.0794625282646,384.34593130003014,386.3765502419678,62871700
2023-03-29,391.82415771484375,392.06822408568974,389.2175157651747,390.4378476194048,77497900
2023-03-30,394.1183776855469,394.752944275197,392.22442031177076,394.499105722034,69840000
2023-03-31,399.6733093261719,399.97594921892204,394.9481585375921,395.05556322486956,112062600
2023-04-03,401.1962585449219,401.60627330876764,398.74582297619713,399.14609534593035,67391100
2023-04-04,398.97039794921875,402.1432605296152,397.57431577096986,401.8503630308558,66601500
2023-04-05,397.92578125,398.999679143932,396.2466035776488,398.2284211392096,65200200
2023-04-06,399.4779968261719,399.7611221026856,396.05129612076314,397.11542171281195,63743300
2023-04-10,399.8880615234375,399.9661794407019,396.3344709125638,396.9592652843989,63681000
2023-04-11,399.9954833984375,401.42082262056886,399.21448295177146,400.5226750862286,59297900
2023-04-12,398.3650817871094,402.3873202335203,397.7695741980063,402.0944227396003,86420400
2023-04-13,403.6564636230469,404.01767706083143,398.30651840616065,399.4682766371875,85814800
2023-04-14,402.67041015625,405.23799287170084,400.3273792036949,403.0121089977852,78161500
2023-04-17,404.1153259277344,404.1348405113149,401.33296341474846,402.5825820088245,66436400
2023-04-18,404.37890625,405.85307662262966,402.9828537980865,405.7163851580051,63560000
2023-04-19,404.310546875,405.2282088953984,402.37753075391737,402.4361042915331,55227300
2023-04-20,402.1042175292969,403.8810277952159,400.5324146653663,401.45010657003843,75840400
2023-04-21,402.4166259765625,402.8852143197186,400.4348083266132,402.4068537883278,73457400
2023-04-24,402.83642578125,403.26598497164736,400.85460806824943,402.21160157948736,64332100
2023-04-25,396.4417724609375,401.40121652571196,396.383198930454,400.83496600670395,97766700
2023-04-26,394.7626647949219,398.1600791292905,394.196443969155,397.0666666428056,80447000
2023-04-27,402.6216125488281,402.8949656659474,397.0861746855936,397.34001322050983,92968400
2023-04-28,406.0580749511719,406.0678471393573,401.66488049667953,401.7234540392789,89335600
2023-05-01,405.6480407714844,407.7079464387405,405.41371681902604,405.60898181386546,62122300
2023-05-02,401.0888977050781,404.97444495848515,398.1405867437011,404.92561380956795,103998500
2023-05-03,398.3358154296875,404.04697423135707,398.0917490688748,401.5965384349549,91531800
2023-05-04,395.514404296875,397.6035967499653,394.15738109687845,397.27167009081097,94901900
2023-05-05,402.83642578125,403.9005515686978,398.9411360885525,399.20471703996367,87844000
2023-05-08,402.9438171386719,403.43194989376286,401.5184778359187,403.16836893158694,50046800
2023-05-09,401.1767272949219,402.30919871611195,400.9424331364878,401.3719922891204,49220100
2023-05-10,403.0511779785156,404.7010688946479,399.16563094523116,404.0567301528516,96142900
2023-05-11,402.3482666015625,402.64113430610377,400.2395297490981,402.1725459788378,70157100
2023-05-12,401.8210754394531,403.82243740049137,399.36089733848206,403.6076578191423,70439400
2023-05-15,403.2073974609375,403.61741226004193,400.49338073920967,402.436139423994,54289400
2023-05-16,400.5129089355469,403.02191834300214,400.5031367470076,402.08468204096533,57705500
2023-05-17,405.37469482421875,405.98971700300433,400.893640190675,402.5630456910331,87287000
2023-05-18,409.27978515625,409.7093443480247,404.8280169808196,405.052538972026,97177200
2023-05-19,408.6842346191406,410.73439800627307,407.44438823320314,410.1974639304022,103679700
2023-05-22,408.8501892089844,410.41221978471555,407.4443646701518,408.7037553597841,60745400
2023-05-23,404.26171875,408.7818321270432,403.86144637780075,407.18074263824633,86383500
2023-05-24,401.33294677734375,403.0218966746542,400.15167396465586,402.6313964664295,89213700
2023-05-25,404.8084411621094,406.2826114463487,402.62161620529514,404.89630147270395,90961600
2023-05-26,410.0509948730469,410.78319394499334,405.3942195010396,405.47230762634763,93830000
2023-05-30,410.20721435546875,412.55024550380483,408.8013897078156,412.01331141742315,72216000
2023-05-31,407.9324951171875,409.2699739212783,406.341177780377,408.35228208033544,110811800
2023-06-01,411.80828857421875,412.88218649997975,406.89767467998365,408.16680781471985,88865000
2023-06-02,417.7635192871094,418.56403430329675,413.8877443069912,414.42467838052306,91366700
2023-06-05,416.9629821777344,419.4231604010545,416.25029766934756,418.1149682653262,65460200
2023-06-06,417.8708801269531,418.40781418242204,415.8792903585627,416.54317347686333,64022200
2023-06-07,416.426025390625,419.42316754167587,415.9964661992509,418.2711814344716,85373300
2023-06-08,418.94476318359375,419.40360909943047,415.71332719089963,416.4943275699493,61952800
2023-06-09,419.6965026855469,421.73689386045237,418.69095048368905,419.75507622792645,85742800
2023-06-12,423.5039367675781,423.5820546871519,419.9601182399118,420.6923173213172,76104300
2023-06-13,426.29608154296875,426.9501627203265,424.31426384065196,424.9878893949956,95899700
2023-06-14,426.8037414550781,428.6391253504552,423.29895190731384,426.63779300534674,100612100
2023-06-15,432.0950927734375,433.3642259371541,425.87628664336313,425.97388935345134,110303100
2023-06-16,430.623291015625,434.6898364671955,430.1431535482905,434.1117038279343,114121300
2023-06-20,428.3891296386719,429.5552033810263,426.28236805425865,428.65371958769873,76160400
2023-06-21,426.19415283203125,428.20291911206095,425.596403268636,427.38962205489645,76982300
2023-06-22,427.7325744628906,427.8403482058165,424.8810857679148,425.2240538749116,70637200
2023-06-23,424.4989318847656,426.31173775354284,423.773821498825,424.2245633681455,92074500
2023-06-26,422.7645568847656,425.87079741128355,422.51958391373114,423.9208221311058,72823600
2023-06-27,427.39947509765625,428.02659038109937,423.195730356346,423.65628075834434,72813700
2023-06-28,427.6150207519531,428.64389523763845,425.67482411457155,426.3019393514287,75636000
2023-06-29,429.3004455566406,429.4670403449754,426.782145985642,427.193683856233,67882300
2023-06-30,434.366455078125,435.36593399282305,432.2400766205529,432.5634576750227,104921500
2023-07-03,434.8662109375,435.15035804216234,433.72953280707276,434.0137098156611,32793400
2023-07-05,434.219482421875,434.9642098008132,433.0142046750028,433.02401316280765,58418400
2023-07-06,430.8192443847656,431.25039918109724,428.2715196529676,430.5840799154667,80658300
2023-07-07,429.7315368652344,433.73932064209856,429.4865639152704,429.8099449554206,86076100
2023-07-10,430.8192443847656,430.9956177367398,428.7908611252863,429.36899371492973,62443500
2023-07-11,433.56292724609375,434.0626816446356,430.6036647086773,431.59336501828363,64463800
2023-07-12,437.0513916015625,438.48205536246115,435.9637259038198,437.41397673807217,91924500
2023-07-13,440.5201721191406,441.3236906029148,438.45261469568896,438.89354808025354,72425200
2023-07-14,440.2458190917969,442.2839810279948,439.47169613975444,441.4217012998632,69761800
2023-07-17,441.7744140625,442.84249253249675,440.04979493094777,440.0988074631404,52680200
2023-07-18,445.0570373535156,445.71354808133617,441.0002711452558,441.4412343953442,80744400
2023-07-19,446.0467529296875,447.25200068790446,444.97864456753996,445.86057109804153,65891700
2023-07-20,443.08746337890625,445.94876056959123,442.36235302200134,445.0374683798717,70591600
2023-07-21,443.08746337890625,445.0374683798717,443.0776847956537,444.8316695727033,71245400
2023-07-24,445.0668640136719,445.8899695307134,443.2050456852066,444.25353707988455,54023400
2023-07-25,446.2819519042969,447.5557993629915,444.7435145044189,444.79252703986185,55191200
2023-07-26,446.3505859375,447.8008068662179,444.26341132638163,445.33148994958805,71052900
2023-07-27,443.3912658691406,450.2015263760867,442.470165112416,449.78995863000523,92194400
2023-07-28,447.732177734375,448.57487033474115,443.3912343011973,446.7130818817179,80011800
2023-07-31,448.5846862792969,448.94724146938495,446.8796541716384,448.2123226017172,62040400
2023-08-01,447.301025390625,448.0555313209302,446.3309121614613,447.09522657914863,55291500
2023-08-02,441.0787658691406,444.40058401175634,440.3144513484029,444.13602395209176,93933400
2023-08-03,439.81463623046875,441.72543722075034,438.37419407420606,439.0307347443621,64276100
2023-08-04,437.82550048828125,443.7930386122667,437.29635048550546,441.65688143236935,100052300
2023-08-07,441.6470642089844,441.8038504994439,438.9817570790267,439.68728043413097,58357500
2023-08-08,439.72650146484375,441.63730268069133,436.31646679949046,439.0699607171845,71361300
2023-08-09,436.7867736816406,440.16741238286653,436.01265077975086,440.0008176176783,78789600
2023-08-10,436.9435729980469,442.61715511221814,435.7579122473642,439.1777251921566,93005500
2023-08-11,436.6888122558594,437.7177166767268,434.43507288354874,435.04260106718414,68664600
2023-08-14,439.0993347167969,439.0993347167969,435.44435715353234,435.75792973116353,47867400
2023-08-15,433.98431396484375,437.658908386802,433.4061514603341,437.29632328453766,75707500
2023-08-16,430.7996520996094,435.24833941093965,430.69184844986853,433.5629242922036,80107200
2023-08-17,427.51702880859375,432.5536574288021,426.9878788300595,432.2890973914982,95711300
2023-08-18,427.7227783203125,428.7712697419343,424.30296544664094,424.6557121470417,98758400
2023-08-21,430.5057067871094,431.2602127900051,426.56655208680246,428.7516919006662,68719000
2023-08-22,429.3395690917969,432.3086399314038,428.7712450281558,432.3086399314038,65062900
2023-08-23,434.1214904785156,434.7486356241566,430.27052263732946,430.41750043586205,68441000
2023-08-24,428.1049499511719,436.26743562272776,428.07552448891664,435.7480941562773,88517300
2023-08-25,431.12298583984375,432.42622874406715,426.2529225174529,429.85891707583124,102325100
2023-08-28,433.85693359375,434.48404884002144,431.1230269054722,433.3473706832324,61595400
2023-08-29,440.1282043457031,440.41238134071756,433.56291732608395,433.7490991603426,83081900
2023-08-30,441.9410400390625,442.5877722590719,439.7558704125424,440.4712022401119,69053900
2023-08-31,441.2942810058594,443.7243935472902,441.108099170324,442.56812839264654,66084600
2023-09-01,442.11737060546875,444.54751296326725,440.6377244618169,444.0575670777056,58875700
2023-09-05,440.20660400390625,441.9900143433077,440.1380343015647,441.66666319135845,55166200
2023-09-06,437.2473449707031,439.4913056929659,434.885802010405,439.383502038816,70758500
2023-09-07,435.9049072265625,436.59081359773234,433.8471283051991,434.1998750268418,70355400
2023-09-08,436.5614013671875,438.1194258028025,435.5913180157864,435.9538732116059,61659700
2023-09-11,439.4325256347656,439.74606830944333,437.4923289465669,439.22672680909733,60180100
2023-09-12,437.02197265625,439.51090641972337,436.4340614478074,437.9626903976125,67565400
2023-09-13,437.531494140625,438.7073463500825,436.1302261493997,437.2473171475049,60199300
2023-09-14,441.3040466308594,442.009569906928,438.7171478878904,440.04000776850955,83430800
2023-09-15,435.9871520996094,440.0287294133769,435.5446633488093,439.69439457630233,111761400
2023-09-18,436.2427673339844,437.5604503225668,435.1905775563607,435.67240857197663,55752200
2023-09-19,435.338134765625,435.90849360752696,432.61427066992263,435.3086355158307,66514600
2023-09-20,431.3359069824219,437.0393150428385,431.1293822353932,436.6164824817176,82562600
2023-09-21,424.2066345214844,428.7103564992815,424.04929519347553,428.4448632635587,103976100
2023-09-22,423.25274658203125,426.87146076546844,422.8298840477502,425.2489422330028,100829700
2023-09-25,425.0326232910156,425.07193561409366,421.58106134357865,422.02358005816535,70874500
2023-09-26,418.7883605957031,422.66275512998897,417.9426654895833,421.9449000988157,96168400
2023-09-27,418.95550537109375,420.5485547267416,415.2581363975362,419.97819594265115,104705800
2023-09-28,421.3843994140625,423.0856027631327,417.7951841490402,418.395042212237,92258300
2023-09-29,420.3617248535156,424.6589519468337,418.81786088355244,424.4819564623482,115078500
2023-10-02,420.1945495605469,421.463077239655,417.3920009711066,419.51603684912214,83798600
2023-10-03,414.5697937011719,420.2535455034932,413.18326903883127,417.9820133997075,103760600
2023-10-04,417.5887145996094,418.34588202696824,413.55698035608987,415.04184597004564,87453000
2023-10-05,417.4313659667969,418.2868742121491,414.1568292329643,417.2936827961193,70142700
2023-10-06,422.38739013671875,423.95091015843593,413.5962549131728,414.9434371326106,113202700
2023-10-09,425.09161376953125,425.67178562276524,419.89953632747483,420.4600220101341,80374400
2023-10-10,427.30413818359375,429.9395041755486,425.3275986849248,425.73077505083967,78607300
2023-10-11,429.05450439453125,429.31015452643254,425.9667765659611,428.3858348043182,62451700
2023-10-12,426.4388122558594,430.05752666926685,424.04928317386,429.67403645075944,81154200
2023-10-13,424.31475830078125,429.18234400926883,422.7217389807399,427.9629718061334,95143100
2023-10-16,428.7792053222656,429.8608944647116,426.35033379716793,426.5961708745689,75433200
2023-10-17,428.759521484375,430.84424511998844,425.24899080712765,425.602981795996,75324700
2023-10-18,423.0462341308594,427.93347604017185,421.9448889134492,426.9599708943194,93559800
2023-10-19,419.32916259765625,425.6127719533268,418.640836868431,423.7739156345403,121323000
2023-10-20,414.17645263671875,419.4373717864964,414.0682687241133,418.8866991661608,123845800
2023-10-23,413.4586181640625,417.38219829076934,410.8429080827275,412.62276610647586,92035100
2023-10-24,416.5758361816406,417.7460230342554,413.7339452511739,415.61214406495554,78564200
2023-10-25,410.5970458984375,414.8943029181763,410.0758725312454,414.86480367133174,94223200
2023-10-26,405.6803283691406,410.38073203358664,404.7461654916097,409.5154107391794,115156800
2023-10-27,403.8414611816406,407.6961996123917,402.39593802128496,407.2930232197039,107367700
2023-10-30,408.669677734375,409.7415236788458,405.35579907838417,406.673482074598,86562700
2023-10-31,411.23626708984375,411.5607588215683,407.31268700436084,409.24988433701736,79665200
2023-11-01,415.62200927734375,416.4480182744449,411.67877286611423,412.21963245393454,98068100
2023-11-02,423.5871276855469,423.7444670163008,419.4570527791307,419.47670894194664,94938900
2023-11-03,427.45166015625,429.0250233837608,425.79964227159707,425.92748234768464,100110800
2023-11-06,428.4350280761719,428.88735989665633,426.4584883677935,428.21869024734735,67831700
2023-11-07,429.6543273925781,430.30334081411877,427.2746415230016,428.4349852117837,64256100
2023-11-08,429.9690246582031,430.7950335915806,427.62865100893004,430.2640171310496,61746000
2023-11-09,426.6158142089844,431.1687215470488,426.1831385650166,431.12937921321316,83174400
2023-11-10,433.2730712890625,433.5877499409515,426.6059711503806,428.7201939601157,89462200
2023-11-13,432.8600769042969,433.9810783259935,431.11956127166445,431.9160709687511,52236100
2023-11-14,441.2579040527344,442.5657441189833,438.66185007391203,438.8880309917276,97176900
2023-11-15,442.1920166015625,443.86372056508844,441.326665373827,442.6148491303041,77327600
2023-11-16,442.73291015625,443.0574018868914,440.6580296653338,441.7397187831521,66665800
2023-11-17,443.2835693359375,443.90308353957664,441.8085469499042,442.7427097887476,83133200
2023-11-20,446.6957702636719,447.55127841020277,443.01802752893764,443.0278706141089,69936200
2023-11-21,445.7222595214844,446.5679546385421,444.4340756885891,445.63376177831685,49244600
2023-11-22,447.4430847167969,448.7804538663834,446.33192646476635,447.40377239578356,59394900
2023-11-24,447.71844482421875,447.91512647736783,447.157959130617,447.4922939334449,29737400
2023-11-27,446.9121398925781,447.9053012551915,446.51877657059185,447.079292295955,50506000
2023-11-28,447.3546142578125,448.6722973178326,445.9484334560083,446.5187622395306,62115000
2023-11-29,447.0399475097656,450.68819123814245,446.63680112293486,449.537660545519,63146000
2023-11-30,448.8001403808594,449.1541613597604,445.79109710253397,447.89547678588184,79752700
2023-12-01,451.4552001953125,451.99602974416615,447.5808055812684,448.18063362601856,89097900
2023-12-04,449.0853271484375,451.4748562599524,446.774452694965,448.01348112733916,72430900
2023-12-05,448.9968566894531,449.97036194010104,447.29565326300497,447.67917351896307,69793500
2023-12-06,447.1874694824219,451.19951722539304,446.744950756551,451.17001797762885,69124700
2023-12-07,450.5997009277344,451.25852748144104,448.6920028308439,449.30167397346503,66995400
2023-12-08,452.536865234375,453.0776947544648,449.5966336346725,449.84247069096904,83080900
2023-12-11,454.2970886230469,454.4741141308643,451.8190616171102,452.03539945163396,65002200
2023-12-12,456.3719482421875,456.47028907325256,452.9302292207674,453.9430767609804,68327600
2023-12-13,462.66534423828125,462.9210243822094,456.39157770194043,456.75541174712646,93278000
2023-12-14,464.1502380371094,465.8415983038331,461.4361871415877,464.63206909834884,119026000
2023-12-15,463.3860168457031,464.73869138181607,461.5100859891362,463.5439940936669,141319300
2023-12-18,465.9925842285156,466.98980239823476,463.93894032008126,465.015132046207,70375300
2023-12-19,468.82623291015625,468.905236597902,466.4665174998551,466.5454910565224,55761800
2023-12-20,462.3295593261719,469.8727840791187,461.8951294568785,467.9573515093462,102921000
2023-12-21,466.7133483886719,466.98980103190377,462.90221895224823,465.3606738913847,86667500
2023-12-22,467.65130615234375,469.35940687616863,465.72602061281685,467.8586381052912,67126600
2023-12-26,469.6259460449219,470.54416047944926,467.9869661221642,468.06596980554446,55387000
2023-12-27,470.4750671386719,470.6231613802883,468.87558906706124,469.4186113300137,68000300
2023-12-28,470.65277099609375,471.50186471875617,470.2282241347625,470.84036707548677,77158100
2023-12-29,469.290283203125,470.98850092233886,467.30572984427226,470.45533148706465,122234100
2024-01-02,466.6639404296875,467.67104154026663,464.5312929456736,466.1801558607712,123623700
2024-01-03,462.85284423828125,465.2224425251352,462.2407012783773,464.47205818405195,103585900
2024-01-04,461.3619689941406,464.99535512497806,461.1348710618091,462.36904000280646,84232200
2024-01-05,461.9938659667969,464.4819396400977,460.5227161381694,461.5692889624919,86060800
2024-01-08,468.5892639160156,468.737358160941,462.36903444945153,462.497392838746,74879100
2024-01-09,467.87835693359375,468.91504672491766,465.38040036293376,465.89380376217713,65931400
2024-01-10,470.5244445800781,471.4031873412615,467.8685105714623,468.15484620647555,67310600
2024-01-11,470.3171081542969,472.0646805353375,466.27891097711375,471.54139410726924,77940700
2024-01-12,470.6429138183594,472.5386105710735,469.2112959241893,471.788226212342,57944000
2024-01-16,468.9150695800781,470.57378537947335,467.0687576940883,469.24090704882764,85014900
2024-01-17,466.30853271484375,466.8022002964971,463.9191683619671,465.84448398284644,68843900
2024-01-18,470.4552917480469,471.01807998601583,466.43686079415824,468.0067199860643,91856200
2024-01-19,476.320068359375,476.6064039770588,470.5046802482713,471.60060775394254,110733300
2024-01-22,477.3272399902344,479.0748125403975,476.6657121132221,477.88014532128307,75844900
2024-01-23,478.7193298339844,478.96616363358476,476.77430841896955,477.88011902020645,49945300
2024-01-24,479.24261474609375,482.57978218606036,478.7390641862389,481.63194889493104,81765000
2024-01-25,481.84918212890625,482.1256347714462,479.24263294654105,481.4048692496808,72525000
2024-01-26,481.237060546875,482.92539532707895,480.37808373117616,481.4147736540376,76641600
2024-01-29,485.04815673828125,485.19628112432986,481.0001064907511,481.55301179668925,61322800
2024-01-30,484.6729736328125,485.3937090194068,483.90282327824093,484.3471361549433,58618400
2024-01-31,476.764404296875,482.88586417703925,476.74463830989237,482.4316984426035,126011100
2024-02-01,483.00439453125,483.03401338216867,477.67276031725817,478.49226541113967,91891600
2024-02-02,488.089111328125,489.76756291472316,483.10305100860825,483.4486243188442,99147700
2024-02-05,486.31195068359375,488.11879101006286,484.0213558722254,487.4474102917494,75757100
2024-02-06,487.7238464355469,488.0595367833383,485.81826662535263,487.26965055523016,55918600
2024-02-07,491.7916564941406,492.21620338775955,489.0863376266052,490.00458223860215,70556500
2024-02-08,492.00885009765625,492.3938951308885,490.96227726846075,491.79163516342265,52343600
2024-02-09,494.8523864746094,495.2966692109868,492.17668653864524,492.5222598654349,63979400
2024-02-12,494.6351623535156,497.1232360242647,493.904513871021,494.82275843797316,56502300
2024-02-13,487.82257080078125,490.79445944615924,484.5051389342864,488.2668837009023,113099200
2024-02-14,492.2557067871094,492.7493743759692,488.13850583834426,490.4982513760117,68387800
2024-02-15,495.6521301269531,495.83972621663327,492.48276258935323,492.9665773037757,61683000
2024-02-16,493.1838073730469,496.5012391281759,492.43342299130546,495.34607383636717,75461200
2024-02-20,490.4686279296875,492.0977249314427,488.18788610101467,491.41646125471414,71736700
2024-02-21,490.91290283203125,491.0708800721909,487.3091355509302,489.145594603093,59603800
2024-02-22,501.0726013183594,502.05005349967576,496.64932888711945,497.6268111995141,76402500
2024-02-23,501.41815185546875,503.66927474688947,500.677650507882,502.8201508668299,61321800
2024-02-26,499.58172607421875,502.3067808565356,499.45336767779384,501.86246796599994,50386700
2024-02-27,500.50982666015625,500.7369246037783,498.3574431515057,500.2827588476133,48854500
2024-02-28,499.8482971191406,500.4406740976872,498.5647433597762,498.930052540239,56506600
2024-02-29,501.6452331542969,503.2842131301346,498.9498274604181,501.6353802918629,83924800
2024-03-01,506.3548278808594,506.7892577747691,502.1191816118574,502.5338756491636,76805900
2024-03-04,505.8117980957031,507.68775903304964,505.51560959563705,505.545258576722,49799300
2024-03-05,500.7566223144531,504.23206124423064,498.51538242409356,503.77786539158575,72855600
2024-03-06,503.2940979003906,505.5847227034607,501.98095539502907,504.0839539761013,68382400
2024-03-07,508.28997802734375,509.3563168037257,503.353302550587,506.6411452915095,58652100
2024-03-08,505.2391357421875,511.656783979144,504.656611629126,508.9317896307731,86425500
2024-03-11,504.8047180175781,505.39712513817193,502.0599274855355,504.0148619441716,62557200
2024-03-12,510.2350769042969,510.82745387685145,504.3900095517075,506.9472340512346,73114400
2024-03-13,509.435302734375,510.738592400455,507.9740659552051,510.56087929992003,55104100
2024-03-14,508.4282531738281,510.5806365931989,505.33788929914175,510.4226292206427,110171800
2024-03-15,504.9371032714844,506.7891821054706,503.24352275506305,505.3134612139554,107585800
2024-03-18,507.93798828125,510.5328388976783,507.5220360124236,509.06706203174264,88893300
2024-03-19,510.76068115234375,511.0478762202208,506.21470542311687,507.23484938554435,60755300
2024-03-20,515.48486328125,515.6235341900565,510.1367240855939,510.8201044796903,69594600
2024-03-21,517.1883544921875,519.0799972433423,516.9010989924435,518.3669362427153,60256100
2024-03-22,516.2078247070312,517.5943522487688,515.9700772761705,517.0991508875658,79023000
2024-03-25,514.7816772460938,515.9503452837859,514.6231789481147,514.8113578960968,48512100
2024-03-26,513.8308715820312,516.574306667591,513.424833033871,516.2276294197574,65463700
2024-03-27,518.1490478515625,518.1887026536133,514.5043725770939,516.7030983621477,82999800
2024-03-28,518.050048828125,519.5752475225421,517.7628537507529,518.1887197410889,96294900
2024-04-01,517.148681640625,519.3474072145876,515.9700999312377,518.8026977832243,62477500
2024-04-02,513.8606567382812,513.9992671999094,511.5232600004811,513.2663787407818,74230300
2024-04-03,514.4251098632812,515.9503689165954,512.7018186025061,512.7513266543715,59155800
2024-04-04,508.14599609375,518.8423347541981,507.83897362907743,518.4957179374168,96858100
2024-04-05,513.4545288085938,515.4452481567992,509.0769652522051,509.5226586128974,74482100
2024-04-08,513.74169921875,515.1877090342433,512.9197084378011,514.1676256081136,48401800
2024-04-09,514.3359985351562,515.7522673105218,509.4136650975685,515.5046666061,68124400
2024-04-10,509.1858825683594,511.2062825180565,507.1753963185619,508.5520102686698,82652800
2024-04-11,513.0286865234375,514.4944634268413,507.16551846042853,510.73094461172184,70099000
2024-04-12,505.9472961425781,510.86959945939657,504.1942637744547,509.4335032535515,92469100
2024-04-15,499.6087341308594,510.35458096734675,498.74705825509733,510.18622940720803,92101400
2024-04-16,498.6975402832031,501.6390379238471,497.3902012818734,500.0940119130741,73484000
2024-04-17,495.7461242675781,501.3617216102896,494.32985547517376,501.19333983039104,75910300
2024-04-18,494.7260437011719,499.29181676831763,493.77526538398075,497.16245658697704,74548100
2024-04-19,490.40789794921875,495.65702116895267,489.12035605921216,494.64682110346547,102129100
2024-04-22,494.92413330078125,497.5586086146179,490.6752964406159,493.05225733120085,67961000
2024-04-23,500.7972106933594,501.23299037894094,494.73594989806725,496.96435638014214,64633600
2024-04-24,500.55950927734375,502.500690405206,498.30139198277436,501.69846651270745,55928100
2024-04-25,498.6579284667969,499.43044149195106,492.7155112810887,494.3892945397056,69122400
2024-04-26,503.3821716308594,504.98661944192617,500.8467427053988,501.49049852500383,64306100
2024-04-29,505.1648864746094,505.8482668742655,502.38185682226367,505.1945973517815,46415400
2024-04-30,497.16241455078125,504.66965456841757,497.16241455078125,503.6792517562141,77483600
2024-05-01,495.5480651855469,503.3128197951425,495.0726609432343,496.5681788979437,80242800
2024-05-02,500.1831359863281,501.0348981300909,494.7557176408706,499.3115766670157,62550200
2024-05-03,506.3830871582031,507.63097421000964,503.6792764673451,506.25432995034845,72756700
2024-05-06,511.6123962402344,511.6519905915833,508.3737596480693,508.8194530106577,47264700
2024-05-07,512.1769409179688,513.5932097300324,511.49356053808145,512.592893186346,52561300
2024-05-08,512.2263793945312,512.7710887945075,510.1960659313194,510.3149094204275,42047200
2024-05-09,515.1777954101562,515.2174502088312,511.7510404905161,512.4145934250506,43643700
2024-05-10,515.8414916992188,517.6242048938462,514.6034880294221,516.8021535312699,52233200
2024-05-13,515.9107055664062,517.6538241987988,514.7519511946372,517.544894396622,36716400
2024-05-14,518.2777709960938,518.8027134936191,515.5640770072746,516.1087864551328,57535900
2024-05-15,524.6956176757812,524.9927264220959,520.1397285845308,520.7835145760366,59504900
2024-05-16,523.6160888671875,526.4189458782306,523.4675042588854,524.7946706849524,50244800
2024-05-17,524.3687744140625,524.4381098639712,522.2592116146577,523.7349021143731,59187600
2024-05-20,524.9729614257812,526.4585657833363,524.0914883324435,524.4876736742167,37764200
2024-05-21,526.2604370117188,526.4189353173136,523.9924362765489,524.2004426341203,33437000
2024-05-22,524.7451782226562,526.2802906066842,522.5365386804145,525.5573158434247,48390000
2024-05-23,520.9122924804688,527.9540420702835,519.6841421979015,527.8451122672031,57211200
2024-05-24,524.35888671875,525.1809380091343,521.8234578436425,522.7841195913288,41258400
2024-05-28,524.725341796875,525.4186358953048,522.0512419597281,525.1809488785617,36269600
2024-05-29,521.0509643554688,522.2493736787949,520.327989550577,520.6350120450624,45190300
2024-05-30,517.5944213867188,520.1595913781238,516.3267371663876,519.4861246908551,46468500
2024-05-31,522.3087768554688,522.437534069485,513.3852369807861,518.5650852962019,90785800
2024-06-03,522.7345581054688,524.2300759262811,517.5844517279526,523.9428808912496,46835700
2024-06-04,523.3189697265625,524.0716855548387,519.9218952484352,521.4074995044357,34632700
2024-06-05,529.5386962890625,529.5585236906696,523.6557007042801,525.676161287564,47610400
2024-06-06,529.5287475585938,530.2814633771293,527.567769309855,529.8456837163661,30808500
2024-06-07,528.885009765625,531.7373746702451,527.4290862135592,528.5383325154238,43224500
2024-06-10,530.5191650390625,530.8460149060121,527.4588540784205,528.0629853102115,35729300
2024-06-11,531.7968139648438,531.8562357169258,526.9438158970391,528.9444489661214,36383400
2024-06-12,536.1644287109375,538.8979500262633,535.1146041933952,536.4318568024678,63251300
2024-06-13,537.2440185546875,538.1155778669757,534.4114810144458,537.9373126143792,44760900
2024-06-14,537.5709228515625,537.6006035053059,534.6689891171292,535.6891331345915,40089900
2024-06-17,541.849365234375,543.2656944796701,536.4120633583274,536.8775841230741,55839500
2024-06-18,543.22607421875,543.3548314310545,541.482955451608,541.90882144254,41376400
2024-06-20,541.7503662109375,544.8404183084012,539.9478257458514,544.1669516153021,70328200
2024-06-21,541.0240478515625,542.1567641077305,539.5435965588345,540.9147666280046,64513900
2024-06-24,539.265380859375,543.4484503647756,539.1461539482652,540.845228398195,45528700
2024-06-25,541.3419799804688,541.7096063649166,538.9672663608369,540.5073310314164,38273300
2024-06-26,542.0176391601562,542.7429462731731,539.5535355969372,540.209283574617,38550600
2024-06-27,542.8721313476562,543.4583808478909,541.1233891744105,541.8785333532583,35041500
2024-06-28,540.7359008789062,546.7571632718256,539.4740725954332,543.657081567454,76144500
2024-07-01,541.8487548828125,542.3852759657548,539.0468012719632,542.1368764681023,40297800
2024-07-02,545.4953002929688,545.4953002929688,540.1696290539968,540.2192968299051,40434800
2024-07-03,547.9295654296875,548.2971918317728,545.1375575237815,545.1772796111068,32789900
2024-07-05,551.0891723632812,551.4965208324575,547.5916882313281,548.2375511458326,41488400
2024-07-08,551.72509765625,552.6888585564628,550.6420492094277,551.884046644386,36110500
2024-07-09,552.2616577148438,553.6129364648433,551.9635904382866,552.6988432685978,27289700
2024-07-10,557.7264404296875,558.0741754742883,553.205581627829,553.5036489009739,38701200
2024-07-11,552.9174194335938,558.7300043704364,552.2716170924413,557.8456875577136,53054200
2024-07-12,556.4049072265625,560.0613404112083,553.5831230048191,554.0600306153884,53084400
2024-07-15,557.93505859375,561.2238652210849,556.0471983236289,558.431857544371,40584300
2024-07-16,561.2437133789062,561.5417806296592,558.5013733831685,559.2664631971054,36475300
2024-07-17,553.37451171875,556.9216641071794,553.0466073751033,555.2225895749159,57119000
2024-07-18,549.121826171875,555.9379543203733,546.906122110008,554.934410669843,56270400
2024-07-19,545.4754028320312,550.532843766842,544.4022999200884,548.8834369853205,65509100
2024-07-22,551.0991821289062,551.7152080677258,547.4924163595272,549.4597210903114,43346700
2024-07-23,550.2346801757812,553.1756911794572,549.7378812203599,550.9897636467225,34439600
2024-07-24,537.7650146484375,545.6541850257204,536.8310301226088,545.3461720780751,74515300
2024-07-25,534.9630737304688,543.9551841667384,534.0092584606904,537.8842542829834,61158300
2024-07-26,540.9545288085938,543.6869234665041,538.0234024103164,538.8083836881038,53763800
2024-07-29,541.2724609375,543.5477785454984,539.2454821872736,542.5244041316022,39515800
2024-07-30,538.5301513671875,543.8359917191809,535.0724495063189,542.7628888282719,46853600
2024-07-31,547.2837524414062,549.9565336849107,544.074450070198,545.4654509864566,65663400
2024-08-01,539.5336303710938,551.3176874562263,535.9765327439106,549.0324243092629,76428700
2024-08-02,529.4884033203125,533.5521852167631,525.2158833655485,532.3201333885539,82789100
2024-08-05,514.0677490234375,520.2280688833214,507.0032513256614,508.3645060852609,146267400
2024-08-06,518.8072509765625,526.3585719702824,514.554622172987,515.8959552954199,84826300
2024-08-07,515.3394775390625,528.186752187129,514.7333973542453,525.0866708415548,70698300
2024-08-08,527.2528076171875,527.8886642530557,518.4992115856069,520.5559060967021,63276600
2024-08-09,529.5777587890625,531.0880470710639,525.1761271718148,526.4181246025644,45619600
2024-08-12,529.8560180664062,532.300230302617,527.5508634586599,530.7900026001965,42542100
2024-08-13,538.5698852539062,538.8083997360982,532.846811214005,533.0952107357589,52333100
2024-08-14,540.2689208984375,541.471196329114,536.6621552508178,539.3746584267726,42446900
2024-08-15,549.5292358398438,549.8173574187872,545.3660579251114,545.982083814168,60846800
2024-08-16,550.7612915039062,551.4667678986649,547.7308298067959,547.8897787993742,44430700
2024-08-19,556.02734375,556.02734375,550.3141554398344,551.178580819559,39121800
2024-08-20,555.1232299804688,557.2495443135458,553.7620055346229,555.5703612216352,33732300
2024-08-21,557.0308837890625,558.5113350471692,551.1785772467962,556.1863497803622,41514600
2024-08-22,552.6590576171875,559.5745216188498,551.4270057843165,558.9584957024143,56121500
2024-08-23,558.5311889648438,559.4850647749988,553.7221484746989,555.9478586983942,50639400
2024-08-26,557.1997680664062,560.2997887939172,555.4709173504181,559.5744817024615,35788600
2024-08-27,557.9649047851562,558.4617037979162,554.7456568855777,555.9081495950009,32693900
2024-08-28,554.7257690429688,558.054358836253,551.4866297560903,557.6171732764703,41066000
2024-08-29,554.775390625,560.0712846741632,553.6128980049808,556.7228644372319,38715200
2024-08-30,560.0712890625,560.5879794062929,553.5731802564248,557.1799456914886,62700100
2024-09-03,548.5455932617188,557.2196842759827,545.9920391595765,556.881834277098,60600100
2024-09-04,547.4228515625,550.8805533310392,545.9424001879108,546.6776530334589,47224900
2024-09-05,546.0914306640625,550.2546090791159,543.5974897597426,547.3632653261916,44264300
2024-09-06,536.9005737304688,548.0686049858448,535.9864805968631,546.4192590723125,68493800
2024-09-09,542.9118041992188,544.2035299903176,539.2057034224284,541.1631228289683,40445800
2024-09-10,545.2766723632812,545.6344137643763,539.9013333958526,544.8494324631771,36394600
2024-09-11,550.8705444335938,551.8045289085911,536.5031572548023,545.1871934136049,75248600
2024-09-12,555.5107421875,555.818755147093,549.201358390866,551.4568452963957,51892700
2024-09-13,558.4119873046875,559.4254766085033,555.8683790070602,556.1267241742606,39310500
2024-09-16,559.2366943359375,559.5049245430299,556.3155139503538,558.1437002092299,36656100
2024-09-17,559.4652099609375,562.9527484995683,557.1997775054689,561.4821822822897,49321000
2024-09-18,557.8059692382812,565.0492771870338,557.2396110727457,560.1309547132038,59044900
2024-09-19,567.3245849609375,569.2124454796876,564.4431870545009,567.3544220112178,75315500
2024-09-20,566.3438720703125,567.4003139915075,563.274186536296,565.9352741325762,77503100
2024-09-23,567.7590942382812,568.4169144135892,566.1943533126803,567.4302449810484,44116900
2024-09-24,569.3836059570312,569.4434022584327,565.6960051561575,568.5663492842654,46805700
2024-09-25,568.1278686523438,569.9716996168105,567.001654193034,569.2242153737513,38428600
2024-09-26,570.3803100585938,572.7822602105816,567.9883969266909,572.453350103916,48336000
2024-09-27,569.5530395507812,572.2938149879185,568.5065738226857,571.4666429266127,42100900
2024-09-30,571.8353881835938,572.4533035880738,566.174448485196,568.5065651200609,63557400
2024-10-01,566.712646484375,572.13440127127,564.1014397392948,571.4766419055114,72668800
2024-10-02,566.9518432617188,567.9883936936922,563.373919358678,565.80573723538,38097800
2024-10-03,565.9153442382812,567.8886831733391,563.5931428250311,565.4568653371243,40846500
2024-10-04,571.0579833984375,571.4367135974977,566.1943479445887,570.4300917963334,42939100
2024-10-07,565.8953857421875,570.0414656953863,564.7293273686603,569.3836455038623,49964700
2024-10-08,571.2473754882812,571.8553755715546,567.6196315196793,568.5065999253031,37398700
2024-10-09,575.2041015625,575.7721968989688,570.6294711322118,571.2374103968729,37912200
2024-10-10,574.1974487304688,575.6425970526338,572.5629353063589,573.8386709048119,44138100
2024-10-11,577.6358642578125,578.3833484453603,573.9781311688434,574.1176761498197,42268000
2024-10-14,582.3599853515625,583.3068108718866,578.7820007527869,579.2703473815798,36217200
2024-10-15,577.835205078125,582.9380255946008,576.5993134581498,582.6290678972117,54203600
2024-10-16,580.3467407226562,580.8749921074705,577.0179783689249,577.835235088752,30725400
2024-10-17,580.3965454101562,584.1539188175557,580.2071803114444,583.944601340952,34393700
2024-10-18,582.6290893554688,583.4263936848293,580.6258219277963,582.1108141676949,37416800
2024-10-21,581.6723022460938,582.8881807335302,578.6524367452782,581.8915350892357,36439000
2024-10-22,581.3633422851562,582.539376841233,578.4332016690254,579.1009372156066,34183800
2024-10-23,576.0512084960938,579.7587619393839,572.4931762322094,579.3102592315893,49314600
2024-10-24,577.2969970703125,578.1142537753539,574.6359703072284,578.0345050935296,34979900
2024-10-25,577.09765625,582.4995192928038,576.1409153890147,579.5594025561556,47268200
2024-10-28,578.8817138671875,580.7554125683909,578.5727561467988,580.625843766574,30174700
2024-10-29,579.8185424804688,580.9546722574563,576.4897193404522,577.9049390899631,42899700
2024-10-30,578.064453125,581.3633477929158,577.3468366252599,579.340127925038,41435800
2024-10-31,566.7326049804688,573.6991484390127,566.5332636815825,573.6293759428813,60182500
2024-11-01,569.12451171875,573.6193933460836,568.705937577061,569.4036017001581,45667500
2024-11-04,567.8986206054688,570.5795996729566,565.9850781072051,569.2640201958944,38217000
2024-11-05,574.7655639648438,574.8054078922688,568.6063010891585,568.8255339356318,39478300
2024-11-06,589.0574340820312,589.9444633264045,583.4264225525844,587.2236401168085,68182000
2024-11-07,593.612060546875,594.6486108837124,591.0108301769313,591.0905788560154,47233200
2024-11-08,596.1834716796875,597.6286200573561,594.170227974366,594.170227974366,46444900
2024-11-11,596.7515258789062,598.1567694017272,594.9974198997685,597.7979915870179,37586800
2024-11-12,594.8978271484375,597.2797640781976,592.3762843945897,596.6718248163537,43006100
2024-11-13,595.1868286132812,597.2199638760482,592.9643282404705,595.3662175337821,47388600
2024-11-14,591.3596801757812,595.8047417344717,590.6620768755874,595.3163950921665,38904100
2024-11-15,583.78515625,588.2202413060753,581.9014814794444,587.741810056627,75988800
2024-11-18,586.1771240234375,587.5125950397364,583.3765523681863,584.2535445173154,37084100
2024-11-19,588.3198852539062,589.0573932647131,582.0709587093536,582.7486704174037,49412000
2024-11-20,588.5192260742188,588.8082313989112,582.6689212758671,588.3996334687998,50032600
2024-11-21,591.6785888671875,593.1237371839187,585.4794823023249,591.4095359141672,46750300
2024-11-22,593.512451171875,594.1503189768671,591.1603820751913,591.6686202509217,38226400
2024-11-25,595.5256958007812,598.8444819692141,593.2034944374628,597.5090108826315,42441400
2024-11-26,598.6351928710938,599.3129045668759,596.0638302382595,596.7913620470338,45621300
2024-11-27,596.8212890625,598.8344717672517,595.2765005812439,598.4458262225876,34000200
2024-11-29,600.52880859375,601.3261129268905,597.36945899809,597.6484881409995,30177400
2024-12-02,601.605224609375,602.2929125479887,600.4490815787433,600.9474044087409,31746000
2024-12-03,601.8842163085938,602.1333777080879,600.3195362505401,601.3660019623314,26906600
2024-12-04,605.6216430664062,605.8708044682724,602.9207724016469,603.5984841150722,42787600
2024-12-05,604.625,606.4389023128589,604.2662221791059,605.621645611653,28762200
2024-12-06,605.7711791992188,607.0269624285027,604.9838510488302,605.4024251817842,31241500
2024-12-09,602.6516723632812,605.820998167633,602.0537093173363,605.6515854430188,34742700
2024-12-10,600.7779541015625,603.7678908945335,600.1102185836498,603.3393405871914,37234500
2024-12-11,605.42236328125,606.3890803229617,603.4689159895003,603.7480059585018,28677700
2024-12-12,602.3028564453125,605.1233197139765,602.3028564453125,604.5453090600739,31543800
2024-12-13,602.1832885742188,605.093476832397,600.7879603355512,604.3659449754581,35904700
2024-12-16,604.7545776367188,605.7413079042333,603.1799213451903,603.9672494909545,43695200
2024-12-17,602.262939453125,603.1399924355125,600.8676721305405,602.1632992266615,55773500
2024-12-18,584.3134155273438,604.3758356273496,583.9247091414081,601.9539941025837,108248700
2024-12-19,584.1339721679688,591.0108512618689,583.8848107635582,589.3763378496345,85919500
2024-12-20,591.1500244140625,595.75,580.9099731445312,581.77001953125,125716700
2024-12-23,594.6900024414062,595.2999877929688,587.6599731445312,590.8900146484375,57635800
2024-12-24,601.2999877929688,601.3400268554688,595.469970703125,596.0599975585938,33160100
2024-12-26,601.3400268554688,602.47998046875,598.0800170898438,599.5,41219100
2024-12-27,595.010009765625,597.780029296875,590.760009765625,597.5399780273438,64969300
2024-12-30,588.219970703125,591.739990234375,584.4099731445312,587.8900146484375,56578800
2024-12-31,586.0800170898438,590.6400146484375,584.4199829101562,589.9099731445312,57052700
2025-01-02,584.6400146484375,591.1300048828125,580.5,589.3900146484375,50204000
2025-01-03,591.9500122070312,592.5999755859375,586.4299926757812,587.530029296875,37888500
2025-01-06,595.3599853515625,599.7000122070312,593.5999755859375,596.27001953125,47679400
2025-01-07,588.6300048828125,597.75,586.780029296875,597.4199829101562,60393100
2025-01-08,589.489990234375,590.5800170898438,585.2000122070312,588.7000122070312,47304700
2025-01-10,580.489990234375,585.9500122070312,578.5499877929688,585.8800048828125,73105000
2025-01-13,581.3900146484375,581.75,575.3499755859375,575.77001953125,47910100
2025-01-14,582.1900024414062,585.0,578.3499755859375,584.3599853515625,48420600
2025-01-15,592.780029296875,593.9400024414062,589.2000122070312,590.3300170898438,56900200
2025-01-16,591.6400146484375,594.3499755859375,590.9299926757812,594.1699829101562,43319700
2025-01-17,597.5800170898438,599.3599853515625,595.6099853515625,596.9600219726562,58070600
2025-01-21,603.0499877929688,603.0599975585938,598.6699829101562,600.6699829101562,42532900
2025-01-22,606.4400024414062,607.8200073242188,605.3599853515625,605.9199829101562,48196000
2025-01-23,609.75,609.75,605.52001953125,605.7999877929688,41152100
2025-01-24,607.969970703125,610.780029296875,606.7999877929688,609.8099975585938,34604700
2025-01-27,599.3699951171875,599.6900024414062,594.6400146484375,594.8099975585938,70361100
2025-01-28,604.52001953125,605.3699951171875,597.25,600.6199951171875,44433300
2025-01-29,601.8099975585938,604.1300048828125,599.219970703125,603.719970703125,37177400
2025-01-30,605.0399780273438,606.5999755859375,600.719970703125,603.9600219726562,39281300
